keyword,search_volume,position,etv,cpc,competition,intent,url,serp_features
tandridge league,12100,4,1177.33,,0,informational,https://www.juniorgrassrootshub.com/leagues/tandridge-youth-football-league,organic people_also_ask related_searches
central warwickshire football,12100,5,567.49,,0,informational,https://www.juniorgrassrootshub.com/leagues/central-warwickshire-youth-football-league,organic people_also_ask related_searches
central warwickshire youth football league,12100,5,567.49,,0,informational,https://www.juniorgrassrootshub.com/leagues/central-warwickshire-youth-football-league,organic related_searches images
central warwickshire youth league,12100,5,567.49,,0,informational,https://www.juniorgrassrootshub.com/leagues/central-warwickshire-youth-football-league,organic related_searches images
central warwickshire,12100,6,408.98,,0,informational,https://www.juniorgrassrootshub.com/leagues/central-warwickshire-youth-football-league,organic related_searches images
central warwickshire football league,12100,6,408.98,,0,informational,https://www.juniorgrassrootshub.com/leagues/central-warwickshire-youth-football-league,organic related_searches images
central warwickshire league,12100,6,408.98,,0,informational,https://www.juniorgrassrootshub.com/leagues/central-warwickshire-youth-football-league,organic related_searches images
central warwickshire youth football,12100,6,408.98,,0,informational,https://www.juniorgrassrootshub.com/leagues/central-warwickshire-youth-football-league,organic related_searches
echo league,6600,5,642.18,,0,informational,https://www.juniorgrassrootshub.com/leagues/echo-junior-league,organic people_also_ask top_stories related_searches images
avon youth league,5400,4,355.86,,0,informational,https://www.juniorgrassrootshub.com/leagues/avon-youth-league,organic related_searches images
warrington junior football leagues,5400,7,138.24,,0,informational,https://www.juniorgrassrootshub.com/leagues/warrington-junior-football-league,organic related_searches
mid cheshire league,4400,7,112.64,,0,informational,https://www.juniorgrassrootshub.com/leagues/mid-cheshire-youth-football-league,organic related_searches images
weetabix league,3600,4,237.24,11.84000015258789,0,informational,https://www.juniorgrassrootshub.com/leagues/weetabix-youth-football-league,organic people_also_ask related_searches images
mid solent youth league,3600,5,168.84,,0,informational,https://www.juniorgrassrootshub.com/leagues/mid-solent-youth-football-league,organic related_searches images
norfolk combined,3600,7,92.16,,0,informational,https://www.juniorgrassrootshub.com/leagues/norfolk-combined-youth-football-league,organic people_also_ask related_searches images
norfolk combined youth league,3600,7,92.16,,0,informational,https://www.juniorgrassrootshub.com/leagues/norfolk-combined-youth-football-league,organic related_searches images
bolton and bury league,3600,9,70.92,,0,informational,https://www.juniorgrassrootshub.com/leagues/bolton-bury-and-district-league,organic people_also_ask related_searches images
bury bolton league,3600,8,70.92,,0,informational,https://www.juniorgrassrootshub.com/leagues/bolton-bury-and-district-league,organic related_searches
garforth junior football league,2900,7,74.24,,0,informational,https://www.juniorgrassrootshub.com/leagues/garforth-junior-football-league,organic related_searches images
russell foster youth league,2900,7,74.24,,0,informational,https://www.juniorgrassrootshub.com/leagues/russell-foster-youth-league,organic related_searches images
academies near me,1900,10,89.11,0.6600000262260437,0.05999999865889549,navigational,https://www.juniorgrassrootshub.com/academies/category-3,ai_overview local_pack people_also_ask organic related_searches
colchester and district youth league,1900,5,89.11,,0,informational,https://www.juniorgrassrootshub.com/leagues/colchester-and-district-youth-league,organic related_searches
colchester district youth league,1900,5,89.11,,0,informational,https://www.juniorgrassrootshub.com/leagues/colchester-and-district-youth-league,organic people_also_ask related_searches images
eastham league,1900,5,89.11,,0,informational,https://www.juniorgrassrootshub.com/leagues/eastham-and-district-junior-football-league,organic related_searches
blackwater and dengie league,1900,6,64.22,,0,informational,https://www.juniorgrassrootshub.com/leagues/blackwater-and-dengie-youth-football-league,organic related_searches google_reviews knowledge_graph images
colchester and youth district league,1900,6,64.22,,0,informational,https://www.juniorgrassrootshub.com/leagues/colchester-and-district-youth-league,organic related_searches
dengie and blackwater league,1900,7,64.22,,0,informational,https://www.juniorgrassrootshub.com/leagues/blackwater-and-dengie-youth-football-league,organic people_also_ask related_searches google_reviews knowledge_graph
mid cheshire youth league,1900,6,64.22,,0,informational,https://www.juniorgrassrootshub.com/leagues/mid-cheshire-youth-football-league,organic related_searches images
armagh sports & trophies,1900,7,48.64,1.059999942779541,0.07000000029802322,navigational,https://www.juniorgrassrootshub.com/supporters/armagh-sports-and-trophies,organic related_searches knowledge_graph google_reviews
armagh sports and trophies,1900,7,48.64,1.059999942779541,0.07000000029802322,informational,https://www.juniorgrassrootshub.com/supporters/armagh-sports-and-trophies,organic people_also_ask related_searches knowledge_graph google_reviews images
north staffs junior youth league,1900,7,48.64,,0,informational,https://www.juniorgrassrootshub.com/leagues/north-staffs-junior-youth-league,organic people_also_ask related_searches
portsmouth youth league,1900,7,48.64,,0,informational,https://www.juniorgrassrootshub.com/leagues/portsmouth-youth-football-league,organic related_searches images
cambridge colts league,1600,5,75.04,,0,informational,https://www.juniorgrassrootshub.com/leagues/cambridge-and-district-colts-league,organic related_searches
royston crow league,1600,7,54.08,,0,informational,https://www.juniorgrassrootshub.com/leagues/royston-crow-youth-football-league,organic top_stories people_also_ask related_searches images
blackwater and dengie,1600,7,40.96,,0,informational,https://www.juniorgrassrootshub.com/leagues/blackwater-and-dengie-youth-football-league,organic people_also_ask related_searches google_reviews knowledge_graph
blackwater dengie,1600,7,40.96,,0,informational,https://www.juniorgrassrootshub.com/leagues/blackwater-and-dengie-youth-football-league,organic related_searches google_reviews knowledge_graph
norfolk suffolk youth league,1600,7,40.96,,0,informational,https://www.juniorgrassrootshub.com/leagues/in/norfolk,organic people_also_ask related_searches
brentwood youth league,1600,8,31.52,,0,navigational,https://www.juniorgrassrootshub.com/leagues/brentwood-community-football-alliance-youth-league,organic related_searches images
dengie and blackwater,1600,8,31.52,,0,informational,https://www.juniorgrassrootshub.com/leagues/blackwater-and-dengie-youth-football-league,organic related_searches google_reviews knowledge_graph images
ambassador evesham league,1300,3,126.49,,0,informational,https://www.juniorgrassrootshub.com/leagues/ambassador-evesham-football-league,organic related_searches
echo junior league,1300,3,126.49,,0,informational,https://www.juniorgrassrootshub.com/leagues/echo-junior-league,organic people_also_ask related_searches images
evesham ambassador league,1300,3,126.49,,0,informational,https://www.juniorgrassrootshub.com/leagues/ambassador-evesham-football-league,organic related_searches
timperley district league,1300,4,85.67,,0,informational,https://www.juniorgrassrootshub.com/leagues/timperley-and-district-junior-football-league,organic related_searches images
echo league junior,1300,5,60.97,,0,informational,https://www.juniorgrassrootshub.com/leagues/echo-junior-league,organic people_also_ask related_searches
testway youth league,1300,5,60.97,,0,informational,https://www.juniorgrassrootshub.com/leagues/testway-youth-football-league,organic related_searches images
timperley and district league,1300,5,60.97,,0,informational,https://www.juniorgrassrootshub.com/leagues/timperley-and-district-junior-football-league,organic related_searches images
colchester youth league,1300,6,43.94,,0,informational,https://www.juniorgrassrootshub.com/leagues/colchester-and-district-youth-league,organic related_searches
devon junior and minor league,1300,7,43.94,,0,informational,https://www.juniorgrassrootshub.com/leagues/devon-junior-and-minor-league,organic ai_overview people_also_ask related_searches images
devon junior minor league,1300,6,43.94,,0,informational,https://www.juniorgrassrootshub.com/leagues/devon-junior-and-minor-league,organic related_searches images
north bury junior football league,1300,6,43.94,,0,informational,https://www.juniorgrassrootshub.com/leagues/north-bury-junior-football-league,organic related_searches images
southampton & district tyro league,1300,6,43.94,,0,informational,https://www.juniorgrassrootshub.com/leagues/southampton-and-district-tyro-football-league,organic related_searches
southampton and district tyro league,1300,6,43.94,,0,informational,https://www.juniorgrassrootshub.com/leagues/southampton-and-district-tyro-football-league,organic related_searches images
southampton tyro league,1300,6,43.94,,0,informational,https://www.juniorgrassrootshub.com/leagues/southampton-and-district-tyro-football-league,organic related_searches images
springfields football club,1300,7,43.94,0.07999999821186066,0.019999999552965164,informational,https://www.juniorgrassrootshub.com/clubs/springfields-preston,organic people_also_ask related_searches knowledge_graph google_reviews
tyro league southampton,1300,7,43.94,,0,informational,https://www.juniorgrassrootshub.com/leagues/southampton-and-district-tyro-football-league,organic people_also_ask related_searches images
springfields fc,1300,8,33.28,0.07999999821186066,0.019999999552965164,navigational,https://www.juniorgrassrootshub.com/clubs/springfields-preston,organic people_also_ask related_searches knowledge_graph google_reviews images
ipswich suffolk youth league,1300,8,25.61,,0,informational,https://www.juniorgrassrootshub.com/leagues/ipswich-and-suffolk-youth-football-league,organic related_searches
ashford and district youth league,1000,2,162.00,,0,informational,https://www.juniorgrassrootshub.com/leagues/ashford-and-district-youth-football-league,organic related_searches
ashford district youth league,1000,2,162.00,,0,informational,https://www.juniorgrassrootshub.com/leagues/ashford-and-district-youth-football-league,organic related_searches
ashford youth league,1000,2,162.00,,0,informational,https://www.juniorgrassrootshub.com/leagues/ashford-and-district-youth-football-league,organic related_searches
paisley and johnstone league,1000,3,97.30,,0,informational,https://www.juniorgrassrootshub.com/leagues/paisley-johnstone-and-district-youth-football-league,organic related_searches
paisley johnstone league,1000,3,97.30,,0,informational,https://www.juniorgrassrootshub.com/leagues/paisley-johnstone-and-district-youth-football-league,organic related_searches images
craven minor league,1000,4,65.90,,0,informational,https://www.juniorgrassrootshub.com/leagues/craven-minor-junior-football-league,organic related_searches images
bedfordshire saturday youth league,1000,5,46.90,,0,informational,https://www.juniorgrassrootshub.com/leagues/bedfordshire-youth-saturday-league,organic related_searches
bedfordshire youth saturday league,1000,5,46.90,,0,informational,https://www.juniorgrassrootshub.com/leagues/bedfordshire-youth-saturday-league,organic related_searches
beds saturday youth league,1000,5,46.90,,0,informational,https://www.juniorgrassrootshub.com/leagues/bedfordshire-youth-saturday-league,organic related_searches
beds youth saturday league,1000,5,46.90,,0,informational,https://www.juniorgrassrootshub.com/leagues/bedfordshire-youth-saturday-league,organic related_searches images
derby city league,1000,5,46.90,,0,informational,https://www.juniorgrassrootshub.com/leagues/derby-city-football-league,organic related_searches images
mercian league,1000,6,46.90,,0,informational,https://www.juniorgrassrootshub.com/leagues/mercian-fortis-junior-league,organic people_also_ask related_searches images
mid lincs,1000,5,46.90,,0,informational,https://www.juniorgrassrootshub.com/leagues/lincolnshire-co-op-mid-lincs-county-youth-football-league,organic related_searches images
afc camden,1000,8,33.80,,0,navigational,https://www.juniorgrassrootshub.com/clubs/camden-borough-afc,twitter organic ai_overview people_also_ask related_searches images
burton junior football league,1000,6,33.80,,0,informational,https://www.juniorgrassrootshub.com/leagues/burton-junior-football-league,organic related_searches images
mid lincs league,1000,6,33.80,,0,informational,https://www.juniorgrassrootshub.com/leagues/lincolnshire-co-op-mid-lincs-county-youth-football-league,organic related_searches
burton football league junior,1000,7,25.60,,0,informational,https://www.juniorgrassrootshub.com/leagues/burton-junior-football-league,organic people_also_ask related_searches
east lancashire football alliance,1000,7,25.60,,0,informational,https://www.juniorgrassrootshub.com/leagues/east-lancashire-football-alliance,organic related_searches images
mercian regional league,1000,8,25.60,,0,informational,https://www.juniorgrassrootshub.com/leagues/mercian-fortis-junior-league,organic ai_overview people_also_ask related_searches
harrow league,1000,9,19.70,,0,informational,https://www.juniorgrassrootshub.com/leagues/harrow-youth-football-league,organic related_searches images
tandridge youth league,880,2,142.56,,0,informational,https://www.juniorgrassrootshub.com/leagues/tandridge-youth-football-league,organic people_also_ask related_searches
hanham minor league,880,3,85.62,,0,informational,https://www.juniorgrassrootshub.com/leagues/hanham-minor-league,organic related_searches
woodspring junior league,880,3,85.62,,0,informational,https://www.juniorgrassrootshub.com/leagues/woodspring-junior-league,organic related_searches images
timperley league,880,4,57.99,,0,informational,https://www.juniorgrassrootshub.com/leagues/timperley-and-district-junior-football-league,organic related_searches images
mid wilts youth league,880,5,41.27,,0,informational,https://www.juniorgrassrootshub.com/leagues/mid-wilts-youth-football-league,organic related_searches images
west cumbria youth league,880,5,41.27,,0,informational,https://www.juniorgrassrootshub.com/leagues/west-cumbria-youth-league,organic people_also_ask related_searches images
hillfield afc,880,6,29.74,0.38999998569488525,0.03999999910593033,navigational,https://www.juniorgrassrootshub.com/clubs/hillfield-a-f-c,organic people_also_ask related_searches knowledge_graph google_reviews images
southampton youth league,880,6,29.74,,0,informational,https://www.juniorgrassrootshub.com/leagues/city-of-southampton-youth-football-league,organic related_searches
teesside junior football alliance,880,6,29.74,,0,informational,https://www.juniorgrassrootshub.com/leagues/teesside-junior-football-alliance-league,organic people_also_ask related_searches knowledge_graph google_reviews
level 1 football coaching,880,9,22.53,6.079999923706055,0.11999999731779099,informational,https://www.juniorgrassrootshub.com/guides/fa-coaching-badge-levels,ai_overview organic people_also_ask related_searches
teesside junior football alliance league,880,7,22.53,,0,informational,https://www.juniorgrassrootshub.com/leagues/teesside-junior-football-alliance-league,organic people_also_ask related_searches
charlemont playing fields,880,10,17.34,0.019999999552965164,0.019999999552965164,informational,https://www.juniorgrassrootshub.com/tournaments/bustleholme-fc-tournament-june-6-2026,knowledge_graph google_reviews organic images people_also_ask related_searches
doncaster and district junior football league,880,8,17.34,,0,informational,https://www.juniorgrassrootshub.com/leagues/doncaster-and-district-youth-football-league,organic related_searches knowledge_graph google_reviews
paisley johnstone and district,720,3,70.06,,0,navigational,https://www.juniorgrassrootshub.com/leagues/paisley-johnstone-and-district-youth-football-league,organic related_searches images
bristol saturday youth league,720,4,47.45,,0,informational,https://www.juniorgrassrootshub.com/leagues/bristol-saturday-youth-league,organic related_searches
derby city football league,720,5,33.77,,0,informational,https://www.juniorgrassrootshub.com/leagues/derby-city-football-league,organic related_searches images
horsham district youth league,720,5,33.77,,0,informational,https://www.juniorgrassrootshub.com/leagues/horsham-district-youth-league,organic related_searches
mid warwickshire league,720,5,33.77,,0,informational,https://www.juniorgrassrootshub.com/leagues/mid-warwickshire-football-league,organic related_searches images
walton kirkdale jfl,720,5,33.77,,0,navigational,https://www.juniorgrassrootshub.com/leagues/walton-and-kirkdale-junior-football-league,organic related_searches images
brighouse juniors,720,6,24.34,,0.019999999552965164,navigational,https://www.juniorgrassrootshub.com/clubs/brighouse-juniors,organic people_also_ask related_searches knowledge_graph google_reviews images
bristol youth saturday league,720,6,24.34,,0,informational,https://www.juniorgrassrootshub.com/leagues/bristol-saturday-youth-league,organic related_searches
bromley green fc ashford,720,6,24.34,0.10000000149011612,0.019999999552965164,informational,https://www.juniorgrassrootshub.com/clubs/bromley-green,organic related_searches knowledge_graph google_reviews images
horsham youth league,720,6,24.34,,0,informational,https://www.juniorgrassrootshub.com/leagues/horsham-district-youth-league,organic related_searches images
isle of wight league,720,6,24.34,,0,informational,https://www.juniorgrassrootshub.com/leagues/isle-of-wight-sunday-youth-league,organic related_searches
ayrshire youth football league,720,7,18.43,,0,informational,https://www.juniorgrassrootshub.com/leagues/ayrshire-youth-football-league,organic related_searches
central lancashire junior football league,720,7,18.43,,0,informational,https://www.juniorgrassrootshub.com/leagues/central-lancashire-junior-football-league,organic related_searches
football clubs in cornwall,720,12,18.43,,0,informational,https://www.juniorgrassrootshub.com/guides/finding-a-football-club-in-cornwall,ai_overview organic people_also_ask local_pack related_searches images
garforth junior league,720,7,18.43,,0,informational,https://www.juniorgrassrootshub.com/leagues/garforth-junior-football-league,organic related_searches images
paisley and johnstone district,720,7,18.43,,0,informational,https://www.juniorgrassrootshub.com/leagues/paisley-johnstone-and-district-youth-football-league,organic related_searches
walton and kirkdale jfl,720,7,18.43,,0,navigational,https://www.juniorgrassrootshub.com/leagues/walton-and-kirkdale-junior-football-league,organic related_searches
fife development league,720,9,14.18,,0,informational,https://www.juniorgrassrootshub.com/leagues/fife-football-development-league,organic related_searches images
hertfordshire football clubs,720,14,14.18,0.18000000715255737,0,informational,https://www.juniorgrassrootshub.com/hertfordshire-football,ai_overview organic find_results_on local_pack people_also_ask related_searches images
tamworth junior football league,590,2,95.58,,0,informational,https://www.juniorgrassrootshub.com/leagues/tamworth-junior-football-league,organic related_searches knowledge_graph google_reviews
tamworth junior league,590,2,95.58,,0,informational,https://www.juniorgrassrootshub.com/leagues/tamworth-junior-football-league,organic people_also_ask related_searches knowledge_graph google_reviews images
paisley and district,590,3,57.41,,0,navigational,https://www.juniorgrassrootshub.com/leagues/paisley-johnstone-and-district-youth-football-league,organic related_searches
poulton and district primary league,590,3,57.41,,0,informational,https://www.juniorgrassrootshub.com/leagues/poulton-and-district-primary-league,organic related_searches images
poulton district primary league,590,3,57.41,,0,informational,https://www.juniorgrassrootshub.com/leagues/poulton-and-district-primary-league,organic related_searches
ambassador league,590,5,27.67,,0,informational,https://www.juniorgrassrootshub.com/leagues/ambassador-evesham-football-league,organic related_searches images
enniskillen galaxy,590,5,27.67,,0,informational,https://www.juniorgrassrootshub.com/clubs/enniskillen-galaxy-u13-bkyl,organic related_searches images
heaton hawks,590,6,19.94,,0.019999999552965164,informational,https://www.juniorgrassrootshub.com/clubs/heaton-hawks-juniors,organic people_also_ask related_searches knowledge_graph google_reviews images
hertford town youth,590,6,19.94,,0.029999999329447746,navigational,https://www.juniorgrassrootshub.com/tournaments/hertford-town-youth-summer-tournament-2026,organic related_searches knowledge_graph google_reviews images
north bury league,590,6,19.94,,0,informational,https://www.juniorgrassrootshub.com/leagues/north-bury-junior-football-league,organic related_searches
thornwell football club,590,7,19.94,0.07999999821186066,0.029999999329447746,navigational,https://www.juniorgrassrootshub.com/clubs/thornwell-red-and-white,ai_overview organic related_searches knowledge_graph google_reviews images
north devon youth league,590,7,15.10,,0,informational,https://www.juniorgrassrootshub.com/leagues/north-devon-youth-league,organic related_searches images
paisley and district league,590,7,15.10,,0,navigational,https://www.juniorgrassrootshub.com/leagues/paisley-johnstone-and-district-youth-football-league,organic related_searches
tameside league,590,7,15.10,,0,informational,https://www.juniorgrassrootshub.com/leagues/tameside-football-league,organic related_searches
combe st nicholas fc,590,10,11.62,,0.009999999776482582,informational,https://www.juniorgrassrootshub.com/clubs/combe-st-nicholas-youth,knowledge_graph google_reviews organic related_searches images
fit2go,590,14,11.62,2.049999952316284,0.05000000074505806,navigational,https://www.juniorgrassrootshub.com/supporters/fit2go-clinic,organic find_results_on local_pack people_also_ask related_searches images
harrogate district junior football league,590,9,11.62,,0,informational,https://www.juniorgrassrootshub.com/leagues/harrogate-and-district-junior-football-league,organic ai_overview related_searches
north london youth league,480,2,77.76,,0,informational,https://www.juniorgrassrootshub.com/leagues/north-london-youth-football-league,organic related_searches images
paisley league,480,3,46.70,,0,informational,https://www.juniorgrassrootshub.com/leagues/paisley-johnstone-and-district-youth-football-league,organic related_searches images
salford district league,480,4,31.63,,0,informational,https://www.juniorgrassrootshub.com/leagues/salford-and-districts-football-league,organic people_also_ask related_searches google_reviews knowledge_graph images
testway league,480,4,31.63,,0,informational,https://www.juniorgrassrootshub.com/leagues/testway-youth-football-league,organic people_also_ask related_searches images
testway youth football league,480,4,31.63,,0,informational,https://www.juniorgrassrootshub.com/leagues/testway-youth-football-league,organic people_also_ask related_searches
blakelaw united football club,480,5,22.51,,0.05999999865889549,informational,https://www.juniorgrassrootshub.com/clubs/blakelaw-football-club,organic related_searches knowledge_graph google_reviews images
greenford celtic fc,480,7,22.51,,0,informational,https://www.juniorgrassrootshub.com/clubs/greenford-celtic-fc,organic images people_also_ask related_searches knowledge_graph google_reviews
greenford celtic football club,480,7,22.51,,0,informational,https://www.juniorgrassrootshub.com/clubs/greenford-celtic-fc,organic images people_also_ask related_searches knowledge_graph google_reviews
hull and district youth football league,480,5,22.51,,0,informational,https://www.juniorgrassrootshub.com/leagues/hull-and-district-youth-football-league,organic related_searches images
wallasey junior football league,480,5,22.51,,0,informational,https://www.juniorgrassrootshub.com/leagues/wallasey-junior-league,organic people_also_ask related_searches
weetabix youth league,480,5,22.51,,0,informational,https://www.juniorgrassrootshub.com/leagues/weetabix-youth-football-league,organic people_also_ask related_searches images
broomwood football club,480,6,16.22,,0.019999999552965164,navigational,https://www.juniorgrassrootshub.com/clubs/broomwood-fc,organic images related_searches knowledge_graph google_reviews
echo junior football league,480,7,16.22,,0,informational,https://www.juniorgrassrootshub.com/leagues/echo-junior-football-league,organic ai_overview related_searches images
tagit tullycarnet,480,7,16.22,,0,transactional,https://www.juniorgrassrootshub.com/clubs/tullycarnet-fc,organic video images related_searches
tandridge league fixtures,480,7,16.22,,0,informational,https://www.juniorgrassrootshub.com/leagues/tandridge-youth-football-league,organic people_also_ask related_searches
yeovil youth league,480,6,16.22,,0,informational,https://www.juniorgrassrootshub.com/leagues/yeovil-and-district-youth-league,organic related_searches images
amaranth fc,480,7,12.29,,0.019999999552965164,informational,https://www.juniorgrassrootshub.com/clubs/amaranth-crossgates-fc,organic related_searches knowledge_graph google_reviews images
amaranth football club,480,7,12.29,,0.019999999552965164,informational,https://www.juniorgrassrootshub.com/clubs/amaranth-crossgates-fc,organic related_searches knowledge_graph google_reviews
aylsham football club,480,7,12.29,,0,navigational,https://www.juniorgrassrootshub.com/clubs/aylsham-f-c-ltd,organic related_searches knowledge_graph google_reviews images
doncaster and district junior sunday league,480,7,12.29,,0,informational,https://www.juniorgrassrootshub.com/leagues/doncaster-and-district-youth-football-league,organic related_searches knowledge_graph google_reviews third_party_reviews images
greenford celtic,480,10,12.29,,0,informational,https://www.juniorgrassrootshub.com/clubs/greenford-celtic-fc,organic images people_also_ask related_searches knowledge_graph google_reviews
hackney marshes league,480,7,12.29,,0.009999999776482582,informational,https://www.juniorgrassrootshub.com/leagues/hackney-marshes-saturday-youth-football-league,organic related_searches images
herefordshire junior football league,480,7,12.29,,0,informational,https://www.juniorgrassrootshub.com/leagues/herefordshire-junior-football-league,organic related_searches
hucknall sports,480,10,12.29,,0,navigational,https://www.juniorgrassrootshub.com/clubs/hucknall-sports,find_results_on local_pack organic related_searches images
leicestershire foxes sunday league,480,7,12.29,,0,informational,https://www.juniorgrassrootshub.com/leagues/leicestershire-foxes-sunday-league,organic related_searches
tiny tekkers,480,7,12.29,,0,transactional,https://www.juniorgrassrootshub.com/coaches/tiny-tekkers,organic people_also_ask related_searches knowledge_graph google_reviews images
aylsham fc,480,9,9.46,,0,navigational,https://www.juniorgrassrootshub.com/clubs/aylsham-f-c-ltd,organic related_searches knowledge_graph google_reviews images
killyleagh yc,480,8,9.46,0.03999999910593033,0,navigational,https://www.juniorgrassrootshub.com/clubs/killyleagh-yc-fc,organic related_searches images
ambassador evesham football league,390,3,37.95,,0,informational,https://www.juniorgrassrootshub.com/leagues/ambassador-evesham-football-league,organic related_searches
woodspring league,390,3,37.95,,0,informational,https://www.juniorgrassrootshub.com/leagues/woodspring-junior-league,organic people_also_ask related_searches images
club academy scotland,390,5,25.70,,0,navigational,https://www.juniorgrassrootshub.com/academies/scottish-elite,organic ai_overview related_searches
north ayrshire soccer association,390,4,25.70,,0,informational,https://www.juniorgrassrootshub.com/leagues/north-ayrshire-soccer-association,organic related_searches
colchester and district league,390,5,18.29,,0,informational,https://www.juniorgrassrootshub.com/leagues/colchester-and-district-youth-league,organic people_also_ask related_searches
colchester district league,390,5,18.29,,0,informational,https://www.juniorgrassrootshub.com/leagues/colchester-and-district-youth-league,organic related_searches
leyton orient academy,390,8,18.29,2.8600001335144043,0.019999999552965164,navigational,https://www.juniorgrassrootshub.com/academies/leyton-orient-youth-academy,organic ai_overview twitter people_also_ask related_searches images
mid cheshire league football,390,6,18.29,,0,informational,https://www.juniorgrassrootshub.com/leagues/mid-cheshire-youth-football-league,organic ai_overview related_searches knowledge_graph
north london league,390,6,18.29,0.38999998569488525,0.019999999552965164,informational,https://www.juniorgrassrootshub.com/leagues/north-london-youth-football-league,organic ai_overview related_searches images
avon youth league u15,390,6,13.18,,0,informational,https://www.juniorgrassrootshub.com/leagues/avon-youth-league,organic related_searches
colin valley fc,390,6,13.18,,0,informational,https://www.juniorgrassrootshub.com/clubs/colin-valley,organic related_searches google_reviews knowledge_graph images
saintfield united,390,7,13.18,,0,informational,https://www.juniorgrassrootshub.com/clubs/saintfield-united-fc,organic perspectives related_searches knowledge_graph google_reviews images
accrington and district junior football league,390,8,9.98,,0,informational,https://www.juniorgrassrootshub.com/leagues/accrington-and-district-junior-football-league,organic ai_overview related_searches images
kislingbury football club,390,7,9.98,2.109999895095825,0.03999999910593033,informational,https://www.juniorgrassrootshub.com/clubs/kislingbury-fc,organic related_searches knowledge_graph google_reviews third_party_reviews images
leyton orient fc academy,390,10,9.98,2.8600001335144043,0.019999999552965164,informational,https://www.juniorgrassrootshub.com/academies/leyton-orient-youth-academy,ai_overview organic people_also_ask twitter related_searches images
merseyside youth football league,390,7,9.98,,0,informational,https://www.juniorgrassrootshub.com/leagues/merseyside-youth-football-league,organic related_searches images
mid solent youth football league,390,7,9.98,,0,informational,https://www.juniorgrassrootshub.com/leagues/mid-solent-youth-football-league,organic people_also_ask related_searches images
saintfield united fc,390,8,9.98,,0,informational,https://www.juniorgrassrootshub.com/clubs/saintfield-united-fc,organic perspectives related_searches
saywell football,390,7,9.98,,0,informational,https://www.juniorgrassrootshub.com/tournaments/saywell-international-youth-football-tournament-may-17-2026,organic related_searches
staplegrove youth football club,390,7,9.98,1.2100000381469727,0.009999999776482582,navigational,https://www.juniorgrassrootshub.com/clubs/staplegrove-youth,organic related_searches knowledge_graph google_reviews
woodhall spa fc,390,8,9.98,,0.019999999552965164,navigational,https://www.juniorgrassrootshub.com/clubs/woodhall-spa-united,organic people_also_ask related_searches knowledge_graph google_reviews images
woodhall spa football club,390,8,9.98,,0.019999999552965164,navigational,https://www.juniorgrassrootshub.com/clubs/woodhall-spa-united,organic people_also_ask related_searches knowledge_graph google_reviews images
writtle minors football club,390,9,9.98,,0.05000000074505806,informational,https://www.juniorgrassrootshub.com/clubs/writtle-minors-y,organic images related_searches knowledge_graph google_reviews third_party_reviews
accrington district junior football league,390,8,7.68,,0,informational,https://www.juniorgrassrootshub.com/leagues/accrington-and-district-junior-football-league,organic related_searches
afc wembley,390,10,7.68,,0.019999999552965164,informational,https://www.juniorgrassrootshub.com/clubs/afc-wembley,organic people_also_ask related_searches knowledge_graph google_reviews images
craven league junior football,390,8,7.68,,0,informational,https://www.juniorgrassrootshub.com/leagues/craven-minor-junior-football-league,organic related_searches
grassroots north wales,390,10,7.68,,0,informational,https://www.juniorgrassrootshub.com/north-west-coast-football,organic twitter related_searches
knaresborough celtic football club,390,10,7.68,1.0299999713897705,0.019999999552965164,informational,https://www.juniorgrassrootshub.com/clubs/knaresborough-celtic-jfc,organic people_also_ask related_searches knowledge_graph google_reviews
mid cheshire youth football league,320,3,31.14,,0,informational,https://www.juniorgrassrootshub.com/leagues/mid-cheshire-youth-football-league,organic people_also_ask images related_searches
halewood and merseyside jfl,320,4,21.09,,0,navigational,https://www.juniorgrassrootshub.com/leagues/merseyside-and-halewood-jfl,organic people_also_ask related_searches
faversham district youth league,320,5,15.01,,0,informational,https://www.juniorgrassrootshub.com/leagues/faversham-and-district-youth-league,organic related_searches
football tournament near me,320,6,15.01,1.6200000047683716,0.05000000074505806,informational,https://www.juniorgrassrootshub.com/tournaments,ai_overview organic related_searches
lancaster and morecambe service to youth league,320,5,15.01,,0,navigational,https://www.juniorgrassrootshub.com/leagues/lancaster-and-morecambe-service-to-youth-league,organic related_searches
merseyside and halewood jfl,320,5,15.01,,0,informational,https://www.juniorgrassrootshub.com/leagues/merseyside-and-halewood-jfl,organic people_also_ask related_searches
ballyvea fc,320,7,10.82,,0,informational,https://www.juniorgrassrootshub.com/clubs/ballyvea-fc,organic images short_videos people_also_ask related_searches knowledge_graph google_reviews
harrogate and district football league,320,6,10.82,,0,informational,https://www.juniorgrassrootshub.com/leagues/harrogate-and-district-junior-football-league,organic related_searches images
mid warwickshire youth league,320,6,10.82,,0,informational,https://www.juniorgrassrootshub.com/leagues/mid-warwickshire-football-league,organic related_searches
strathroy harps,320,7,10.82,,0,informational,https://www.juniorgrassrootshub.com/clubs/strathroy-harps-a,organic video related_searches knowledge_graph google_reviews images
timperley and district,320,7,10.82,,0,informational,https://www.juniorgrassrootshub.com/leagues/timperley-and-district-junior-football-league,organic ai_overview related_searches images
welwyn pegasus football club,320,7,10.82,,0.009999999776482582,navigational,https://www.juniorgrassrootshub.com/clubs/welwyn-pegasus-fc,organic people_also_ask related_searches knowledge_graph google_reviews
hull youth football,320,9,8.19,,0,informational,https://www.juniorgrassrootshub.com/leagues/hull-and-district-youth-football-league,organic ai_overview people_also_ask related_searches images
leicestershire foxes league,320,7,8.19,,0,informational,https://www.juniorgrassrootshub.com/leagues/leicestershire-foxes-sunday-league,organic related_searches google_reviews knowledge_graph
qpr soccer schools,320,8,8.19,,0.019999999552965164,commercial,https://www.juniorgrassrootshub.com/coaches/qpr-soccer-schools,organic people_also_ask related_searches knowledge_graph google_reviews images
salford storm football club,320,10,8.19,,0.05000000074505806,informational,https://www.juniorgrassrootshub.com/clubs/salford-storm-fc,organic local_pack people_also_ask related_searches images
sarisbury sparks,320,7,8.19,,0,informational,https://www.juniorgrassrootshub.com/clubs/sarisbury-sparks,organic people_also_ask related_searches knowledge_graph google_reviews images
sarisbury sparks fc,320,7,8.19,,0,informational,https://www.juniorgrassrootshub.com/clubs/sarisbury-sparks,organic related_searches knowledge_graph google_reviews images
terrington tigers,320,9,8.19,,0.009999999776482582,informational,https://www.juniorgrassrootshub.com/tournaments/terrington-tigers-tournament-june-14-2026,knowledge_graph google_reviews organic people_also_ask related_searches images
west denton football club,320,7,8.19,,0.009999999776482582,navigational,https://www.juniorgrassrootshub.com/clubs/west-denton-fc,organic related_searches knowledge_graph google_reviews images
bridge jfc,320,9,6.30,0.10000000149011612,0.03999999910593033,informational,https://www.juniorgrassrootshub.com/clubs/bridge-jfc,organic related_searches knowledge_graph google_reviews third_party_reviews images
bushey rangers youth & football club,320,10,6.30,,0.03999999910593033,informational,https://www.juniorgrassrootshub.com/tournaments/bushey-rangers-fc-2026-07-12,organic people_also_ask related_searches knowledge_graph google_reviews
castle combe colts fc,320,9,6.30,,0.019999999552965164,navigational,https://www.juniorgrassrootshub.com/clubs/castle-combe-colts,organic related_searches knowledge_graph google_reviews third_party_reviews images
chester and district junior football league,320,8,6.30,,0,informational,https://www.juniorgrassrootshub.com/cheshire-football,organic related_searches
curley park rangers,320,10,6.30,,0,informational,https://www.juniorgrassrootshub.com/clubs/curley-park-rangers-fc,organic people_also_ask related_searches knowledge_graph google_reviews images
garforth football league,320,8,6.30,,0,informational,https://www.juniorgrassrootshub.com/leagues/garforth-junior-football-league,organic related_searches
leicestershire ladies football league,320,8,6.30,,0,informational,https://www.juniorgrassrootshub.com/leagues/leicestershire-womens-and-girls-football-league,organic related_searches
liphook united football club,320,10,6.30,0.10999999940395355,0.019999999552965164,navigational,https://www.juniorgrassrootshub.com/tournaments/liphook-united-fc-tournament-august-30-2026,organic twitter related_searches knowledge_graph google_reviews images
cat 1 academy,260,2,79.04,,0.009999999776482582,informational,https://www.juniorgrassrootshub.com/academies/category-1,ai_overview organic people_also_ask images video related_searches
cat 3 academies list,260,2,79.04,,0,informational,https://www.juniorgrassrootshub.com/academies/category-3,ai_overview organic people_also_ask images related_searches
category 3 academies list,260,2,79.04,,0,navigational,https://www.juniorgrassrootshub.com/academies/category-3,ai_overview organic people_also_ask images related_searches
glasgow and district youth football league,260,3,25.30,,0,informational,https://www.juniorgrassrootshub.com/leagues/glasgow-and-district-youth-football-league,organic related_searches images
glasgow district youth football league,260,3,25.30,,0,informational,https://www.juniorgrassrootshub.com/leagues/glasgow-and-district-youth-football-league,organic related_searches
paisley district league,260,3,25.30,,0,informational,https://www.juniorgrassrootshub.com/leagues/paisley-johnstone-and-district-youth-football-league,organic related_searches
barrow and district junior football league,260,5,17.13,,0,informational,https://www.juniorgrassrootshub.com/leagues/barrow-and-district-junior-league,organic ai_overview related_searches
carryduff colts,260,6,17.13,,0,informational,https://www.juniorgrassrootshub.com/clubs/carryduff-colts-2017-b-l-5,organic people_also_ask video related_searches images
dunfermline academy,260,5,17.13,,0,navigational,https://www.juniorgrassrootshub.com/academies/dunfermline-athletic-youth-academy,organic people_also_ask twitter related_searches knowledge_graph google_reviews images
meden vale colts,260,4,17.13,,0,informational,https://www.juniorgrassrootshub.com/clubs/meden-vale-colts,organic people_also_ask related_searches knowledge_graph google_reviews third_party_reviews images
sovereign saints fc,260,4,17.13,,0.019999999552965164,informational,https://www.juniorgrassrootshub.com/tournaments/sovereign-saints-summer-football-tournament-2026,organic related_searches knowledge_graph google_reviews images
category 3 academy list,260,8,12.19,,0,informational,https://www.juniorgrassrootshub.com/academies/category-3,ai_overview organic people_also_ask images related_searches
combe martin fc,260,5,12.19,,0,informational,https://www.juniorgrassrootshub.com/clubs/combe-martin,organic related_searches knowledge_graph google_reviews images
combe martin football club,260,5,12.19,,0,informational,https://www.juniorgrassrootshub.com/clubs/combe-martin,organic related_searches knowledge_graph google_reviews images
crowborough and district league,260,6,12.19,,0,informational,https://www.juniorgrassrootshub.com/leagues/crowborough-and-district-junior-football-league,organic ai_overview related_searches
paisley youth football league,260,5,12.19,,0,informational,https://www.juniorgrassrootshub.com/leagues/paisley-johnstone-and-district-youth-football-league,organic related_searches
panthera football club,260,5,12.19,0.6200000047683716,0.009999999776482582,navigational,https://www.juniorgrassrootshub.com/clubs/panthera-fc,organic people_also_ask related_searches knowledge_graph google_reviews images
peterborough junior alliance league,260,5,12.19,,0,informational,https://www.juniorgrassrootshub.com/leagues/peterborough-and-district-junior-alliance-league,organic people_also_ask related_searches
precision pass,260,7,12.19,,0.009999999776482582,informational,https://www.juniorgrassrootshub.com/partners/precision-pass,knowledge_graph google_reviews organic people_also_ask short_videos related_searches third_party_reviews
salford and district football league,260,5,12.19,,0,informational,https://www.juniorgrassrootshub.com/leagues/salford-and-districts-football-league,organic related_searches google_reviews knowledge_graph images
salford and districts football league,260,5,12.19,,0,informational,https://www.juniorgrassrootshub.com/leagues/salford-and-districts-football-league,organic people_also_ask related_searches google_reviews knowledge_graph
south london kings academy & football club,260,6,12.19,,0.05000000074505806,navigational,https://www.juniorgrassrootshub.com/clubs/south-london-kings,organic people_also_ask related_searches knowledge_graph google_reviews
sovereign saints,260,6,12.19,,0.019999999552965164,informational,https://www.juniorgrassrootshub.com/tournaments/sovereign-saints-summer-football-tournament-2026,organic people_also_ask related_searches knowledge_graph google_reviews images
arun and chichester,260,6,8.79,,0,informational,https://www.juniorgrassrootshub.com/leagues/arun-and-chichester-youth-football-league,organic related_searches knowledge_graph google_reviews
cat 1 academies,260,9,8.79,,0.009999999776482582,navigational,https://www.juniorgrassrootshub.com/academies/category-1,organic ai_overview people_also_ask images related_searches
chiltern junior sevens,260,7,8.79,,0,informational,https://www.juniorgrassrootshub.com/leagues/chiltern-junior-sevens,organic ai_overview related_searches
hanham abbotonians,260,6,8.79,,0.029999999329447746,navigational,https://www.juniorgrassrootshub.com/clubs/hanham-abbotonians,organic people_also_ask related_searches knowledge_graph google_reviews images
kinja fc,260,6,8.79,0.07999999821186066,0.029999999329447746,navigational,https://www.juniorgrassrootshub.com/clubs/kinja-football-club,organic people_also_ask related_searches knowledge_graph google_reviews images
mid lancs colts,260,6,8.79,,0,informational,https://www.juniorgrassrootshub.com/leagues/mid-lancashire-colts-junior-football-league,organic related_searches google_reviews knowledge_graph
north lindum hawks,260,6,8.79,,0.009999999776482582,informational,https://www.juniorgrassrootshub.com/tournaments/north-lindum-hawks-jfc-6-a-side-2026-2026-06-06,organic people_also_ask related_searches knowledge_graph google_reviews third_party_reviews images
paisley and district youth football,260,6,8.79,,0,informational,https://www.juniorgrassrootshub.com/leagues/paisley-johnstone-and-district-youth-football-league,organic related_searches images
panthera fc,260,6,8.79,0.6200000047683716,0.009999999776482582,informational,https://www.juniorgrassrootshub.com/clubs/panthera-fc,organic people_also_ask related_searches knowledge_graph google_reviews images
rainhill rockets fc,260,6,8.79,0.05000000074505806,0.029999999329447746,navigational,https://www.juniorgrassrootshub.com/clubs/rainhill-rockets,organic people_also_ask related_searches knowledge_graph google_reviews images
thorncliffe football club,260,6,8.79,,0.019999999552965164,informational,https://www.juniorgrassrootshub.com/clubs/thorncliffe-villa-yellow,organic people_also_ask related_searches knowledge_graph google_reviews images
blackpool district league,260,7,6.66,,0,informational,https://www.juniorgrassrootshub.com/leagues/blackpool-and-district-youth-league,organic related_searches
brentwood junior league,260,7,6.66,,0,informational,https://www.juniorgrassrootshub.com/leagues/brentwood-community-football-alliance-youth-league,organic related_searches
city of southampton youth football league,260,7,6.66,,0,informational,https://www.juniorgrassrootshub.com/leagues/city-of-southampton-youth-football-league,organic related_searches images
craven minor,260,7,6.66,,0,informational,https://www.juniorgrassrootshub.com/leagues/craven-minor-junior-football-league,organic related_searches images
edmonton rangers football club,260,8,6.66,,0.029999999329447746,informational,https://www.juniorgrassrootshub.com/tournaments/edmonton-rangers-fc-summer-tournament-2026-2026-06-20,organic people_also_ask related_searches knowledge_graph google_reviews third_party_reviews images
fa echo league,260,8,6.66,,0,informational,https://www.juniorgrassrootshub.com/leagues/echo-junior-football-league,organic ai_overview related_searches images
hall green junior football club,260,7,6.66,,0.019999999552965164,informational,https://www.juniorgrassrootshub.com/clubs/hall-green-sports-club,organic related_searches knowledge_graph google_reviews images
highnam fc,260,9,6.66,,0.009999999776482582,navigational,https://www.juniorgrassrootshub.com/clubs/fc-highnam,organic video related_searches knowledge_graph google_reviews images
jack plummer coaching,260,10,6.66,,0,informational,https://www.juniorgrassrootshub.com/tournaments/jack-plummer-football-tournament-2026,organic ai_overview people_also_ask video related_searches images
kennington juniors fc,260,7,6.66,,0.019999999552965164,informational,https://www.juniorgrassrootshub.com/tournaments/kennington-juniors-fc-football-tournament-2026,organic related_searches knowledge_graph google_reviews images
kingsthorpe jets youth football club,260,7,6.66,0.07999999821186066,0.03999999910593033,navigational,https://www.juniorgrassrootshub.com/tournaments/kingsthorpe-jets-summer-tournament-june-6-2026,organic people_also_ask related_searches knowledge_graph google_reviews third_party_reviews
kinja football club,260,7,6.66,0.07999999821186066,0.029999999329447746,navigational,https://www.juniorgrassrootshub.com/clubs/kinja-football-club,organic people_also_ask related_searches knowledge_graph google_reviews
newton le-willows fc,260,9,6.66,0.1599999964237213,0,informational,https://www.juniorgrassrootshub.com/clubs/newton-le-willows-fc,organic twitter related_searches
paisley and district youth football league,260,7,6.66,,0,informational,https://www.juniorgrassrootshub.com/leagues/paisley-johnstone-and-district-youth-football-league,organic related_searches
peterborough and district junior alliance,260,7,6.66,,0,navigational,https://www.juniorgrassrootshub.com/leagues/peterborough-and-district-junior-alliance-league,organic related_searches
alresford colne rangers,260,10,5.12,,0.009999999776482582,informational,https://www.juniorgrassrootshub.com/clubs/alresford-colne-rangers-youth,organic people_also_ask related_searches knowledge_graph google_reviews third_party_reviews
crowborough district league,260,9,5.12,,0,informational,https://www.juniorgrassrootshub.com/leagues/crowborough-and-district-junior-football-league,organic ai_overview related_searches
ellon meadows fc,260,8,5.12,1.6100000143051147,0,navigational,https://www.juniorgrassrootshub.com/clubs/ellon-meadows-f-c,organic related_searches knowledge_graph google_reviews images
gala wilton fc,260,8,5.12,,0.009999999776482582,informational,https://www.juniorgrassrootshub.com/clubs/gala-wilton,organic people_also_ask related_searches knowledge_graph google_reviews images
gedling southbank fc,260,9,5.12,,0.019999999552965164,navigational,https://www.juniorgrassrootshub.com/clubs/gedling-southbank-fc,organic related_searches knowledge_graph google_reviews images
cat 2 academies,210,3,63.84,,0.009999999776482582,informational,https://www.juniorgrassrootshub.com/academies/category-2,ai_overview people_also_ask organic images related_searches
cat 3 academies,210,1,63.84,,0,informational,https://www.juniorgrassrootshub.com/academies/category-3,organic people_also_ask ai_overview images related_searches
cat 3 academy,210,2,63.84,,0,informational,https://www.juniorgrassrootshub.com/academies/category-3,ai_overview organic people_also_ask images related_searches
category 3 academies,210,2,63.84,,0,informational,https://www.juniorgrassrootshub.com/academies/category-3,ai_overview organic people_also_ask images related_searches
north london youth football league,210,2,34.02,,0.009999999776482582,informational,https://www.juniorgrassrootshub.com/leagues/north-london-youth-football-league,organic ai_overview related_searches images
wallasey junior league,210,2,34.02,,0,informational,https://www.juniorgrassrootshub.com/leagues/wallasey-junior-league,organic ai_overview people_also_ask related_searches
echo football league,210,5,20.43,,0,informational,https://www.juniorgrassrootshub.com/leagues/echo-junior-league,organic people_also_ask ai_overview related_searches images
kent valley junior football league,210,4,20.43,,0,informational,https://www.juniorgrassrootshub.com/leagues/kent-valley-junior-football-league,organic images related_searches
spotlight fc,210,3,20.43,,0.009999999776482582,informational,https://www.juniorgrassrootshub.com/clubs/spotlight-fc,organic ai_overview images related_searches
dallas burston football club,210,4,13.84,,0.019999999552965164,navigational,https://www.juniorgrassrootshub.com/tournaments/dallas-burston-2026-07-04,organic people_also_ask related_searches knowledge_graph google_reviews images
pd coaching,210,6,13.84,1.4900000095367432,0.03999999910593033,informational,https://www.juniorgrassrootshub.com/coaches/pd-coaching-manchester,organic ai_overview people_also_ask related_searches knowledge_graph images
poulton and district league,210,4,13.84,,0,informational,https://www.juniorgrassrootshub.com/leagues/poulton-and-district-primary-league,organic related_searches
surrey nomads,210,6,13.84,,0,informational,https://www.juniorgrassrootshub.com/clubs/surrey-nomads,organic people_also_ask video related_searches images
yeovil and district youth league,210,4,13.84,,0,informational,https://www.juniorgrassrootshub.com/leagues/yeovil-and-district-youth-league,organic related_searches
cambuslang colts,210,6,9.85,,0,informational,https://www.juniorgrassrootshub.com/clubs/cambuslang-fc,organic ai_overview related_searches images
chiltern church league,210,6,9.85,,0,informational,https://www.juniorgrassrootshub.com/leagues/chiltern-church-junior-league,organic ai_overview related_searches
cholsey bluebirds,210,5,9.85,,0.019999999552965164,informational,https://www.juniorgrassrootshub.com/clubs/cholsey-bluebirds,organic related_searches knowledge_graph google_reviews images
glasgow youth football league,210,5,9.85,,0,informational,https://www.juniorgrassrootshub.com/leagues/glasgow-and-district-youth-football-league,organic people_also_ask related_searches
mablethorpe football club,210,6,9.85,,0,navigational,https://www.juniorgrassrootshub.com/clubs/mablethorpe-juniors-fc,organic people_also_ask related_searches knowledge_graph google_reviews third_party_reviews images
puckering sports inflatables,210,7,9.85,,0.07000000029802322,commercial,https://www.juniorgrassrootshub.com/partners/puckering-sports-inflatables,organic video images related_searches
royal falcons football club,210,5,9.85,,0.019999999552965164,informational,https://www.juniorgrassrootshub.com/clubs/royal-falcons,organic people_also_ask related_searches knowledge_graph google_reviews images
spurley hey fc,210,5,9.85,,0.029999999329447746,informational,https://www.juniorgrassrootshub.com/tournaments/spurley-hey-fc-summer-tournament-june-21-2026,organic images people_also_ask related_searches knowledge_graph google_reviews
thatcham tornadoes,210,5,9.85,,0,informational,https://www.juniorgrassrootshub.com/clubs/thatcham-tornadoes,organic people_also_ask related_searches knowledge_graph google_reviews images
wigginton grasshoppers,210,5,9.85,,0,informational,https://www.juniorgrassrootshub.com/tournaments/wigginton-grasshoppers-gala-july-12-2026,organic related_searches google_reviews knowledge_graph images
willaston fc,210,5,9.85,,0.009999999776482582,informational,https://www.juniorgrassrootshub.com/clubs/willaston-fc,organic related_searches knowledge_graph google_reviews images
youngers football club,210,5,9.85,0.1599999964237213,0.019999999552965164,informational,https://www.juniorgrassrootshub.com/clubs/youngers-football-club,organic people_also_ask related_searches knowledge_graph google_reviews images
barr hill jfc,210,7,7.10,,0.019999999552965164,informational,https://www.juniorgrassrootshub.com/tournaments/barr-hill-united-football-tournament-2026,ai_overview organic related_searches knowledge_graph google_reviews
bushey rangers fc,210,6,7.10,,0,informational,https://www.juniorgrassrootshub.com/tournaments/bushey-rangers-fc-2026-07-12,organic related_searches knowledge_graph google_reviews images
clegwell fc,210,8,7.10,,0.03999999910593033,navigational,https://www.juniorgrassrootshub.com/clubs/hebburn-clegwell-fc,knowledge_graph google_reviews organic people_also_ask related_searches images
clenchwarton fc,210,6,7.10,,0,navigational,https://www.juniorgrassrootshub.com/tournaments/clenchwarton-youth-fc-summer-tournament-2026,organic people_also_ask related_searches knowledge_graph google_reviews images
crowborough & district junior football league,210,6,7.10,,0,informational,https://www.juniorgrassrootshub.com/leagues/crowborough-and-district-junior-football-league,organic related_searches
crowborough and district junior football league,210,6,7.10,,0,informational,https://www.juniorgrassrootshub.com/leagues/crowborough-and-district-junior-football-league,organic related_searches
crowborough district junior football league,210,6,7.10,,0,informational,https://www.juniorgrassrootshub.com/leagues/crowborough-and-district-junior-football-league,organic related_searches
norwich youth league,210,6,7.10,,0,informational,https://www.juniorgrassrootshub.com/leagues/norfolk-combined-youth-football-league,organic people_also_ask related_searches
paulsgrove football club,210,7,7.10,0.10000000149011612,0.009999999776482582,navigational,https://www.juniorgrassrootshub.com/clubs/paulsgrove-athletic-youth,organic twitter related_searches knowledge_graph google_reviews images
riverdale fc,210,6,7.10,,0,informational,https://www.juniorgrassrootshub.com/clubs/riverdale-fc,organic people_also_ask related_searches knowledge_graph google_reviews images
royal falcons fc,210,6,7.10,,0.019999999552965164,informational,https://www.juniorgrassrootshub.com/clubs/royal-falcons,organic people_also_ask related_searches knowledge_graph google_reviews images
waterbeach colts,210,6,7.10,,0.019999999552965164,informational,https://www.juniorgrassrootshub.com/clubs/waterbeach-colts,organic people_also_ask related_searches knowledge_graph google_reviews images
wigton moor football club,210,6,7.10,,0,informational,https://www.juniorgrassrootshub.com/clubs/wigton-moor,organic related_searches knowledge_graph google_reviews images
arun and chichester youth league,210,7,5.38,,0,informational,https://www.juniorgrassrootshub.com/leagues/arun-and-chichester-youth-football-league,organic related_searches knowledge_graph google_reviews
bradninch football club,210,7,5.38,,0.029999999329447746,navigational,https://www.juniorgrassrootshub.com/clubs/bradninch-youth,organic people_also_ask related_searches knowledge_graph google_reviews third_party_reviews images
broadway fc,210,10,5.38,2.6600000858306885,0,navigational,https://www.juniorgrassrootshub.com/tournaments/broadway-fc-summer-tournament-2026,organic ai_overview people_also_ask related_searches images
clenchwarton football club,210,7,5.38,,0,navigational,https://www.juniorgrassrootshub.com/tournaments/clenchwarton-youth-fc-summer-tournament-2026,organic people_also_ask related_searches google_reviews knowledge_graph images
euro dagenham fc,210,9,5.38,,0.009999999776482582,informational,https://www.juniorgrassrootshub.com/clubs/euro-dagenham,local_pack organic related_searches images
hearts of teddlothian football club,210,8,5.38,,0,informational,https://www.juniorgrassrootshub.com/clubs/hearts-of-teddlothian,organic people_also_ask related_searches google_reviews knowledge_graph images
leicester and district sunday junior league,210,7,5.38,,0,informational,https://www.juniorgrassrootshub.com/leagues/leicester-and-district-sunday-juniors-league,organic related_searches
leicester and district sunday juniors league,210,7,5.38,,0,informational,https://www.juniorgrassrootshub.com/leagues/leicester-and-district-sunday-juniors-league,organic related_searches
riverdale f c,210,7,5.38,,0,informational,https://www.juniorgrassrootshub.com/clubs/riverdale-fc,organic related_searches knowledge_graph google_reviews
rondos academy,210,10,5.38,2.75,0.009999999776482582,navigational,https://www.juniorgrassrootshub.com/coaches/rondos-academy,organic ai_overview people_also_ask related_searches images
stoneclough football club,210,7,5.38,,0,navigational,https://www.juniorgrassrootshub.com/clubs/stoneclough,organic related_searches knowledge_graph google_reviews images
townmead football club,210,7,5.38,,0,navigational,https://www.juniorgrassrootshub.com/clubs/townmead-youth-fc,organic knowledge_graph google_reviews images
west herts football league,210,7,5.38,,0,informational,https://www.juniorgrassrootshub.com/leagues/west-herts-youth-league,organic related_searches images
wigton moor fc,210,7,5.38,,0,informational,https://www.juniorgrassrootshub.com/clubs/wigton-moor,organic people_also_ask related_searches knowledge_graph google_reviews images
bargoed ymca,210,9,4.14,,0.029999999329447746,navigational,https://www.juniorgrassrootshub.com/clubs/bargoed-ymca-fc,organic people_also_ask related_searches knowledge_graph google_reviews images
crediton youth fc,210,9,4.14,,0.009999999776482582,navigational,https://www.juniorgrassrootshub.com/clubs/crediton-youth,organic related_searches knowledge_graph google_reviews images
earls barton football club,210,9,4.14,,0,informational,https://www.juniorgrassrootshub.com/clubs/earls-barton-united,organic video related_searches knowledge_graph google_reviews images
echo league u13,210,8,4.14,,0,informational,https://www.juniorgrassrootshub.com/leagues/echo-junior-league,organic people_also_ask related_searches
goonhavern football club,210,8,4.14,,0,navigational,https://www.juniorgrassrootshub.com/clubs/goonhavern-youth,organic related_searches knowledge_graph google_reviews images
hucknall sports fc,210,10,4.14,,0.029999999329447746,navigational,https://www.juniorgrassrootshub.com/clubs/hucknall-sports,organic people_also_ask related_searches google_reviews knowledge_graph images
huddersfield macron junior league,210,9,4.14,,0,informational,https://www.juniorgrassrootshub.com/leagues/huddersfield-junior-league,organic ai_overview related_searches
leonard stanley fc,210,8,4.14,,0.029999999329447746,navigational,https://www.juniorgrassrootshub.com/clubs/leonard-stanley-sharks,organic related_searches knowledge_graph google_reviews images
category 2 football academies list,170,2,51.68,,0,informational,https://www.juniorgrassrootshub.com/academies/category-2,ai_overview organic people_also_ask images related_searches
list of category 1 football academies,170,2,51.68,,0,informational,https://www.juniorgrassrootshub.com/academies/category-1,ai_overview organic people_also_ask related_searches
grassroots football tournaments 2026,170,4,16.54,4.230000019073486,0.05000000074505806,commercial,https://www.juniorgrassrootshub.com/tournaments,organic ai_overview people_also_ask related_searches
mid cheshire junior football league,170,3,16.54,,0,informational,https://www.juniorgrassrootshub.com/leagues/mid-cheshire-youth-football-league,organic related_searches
tandridge youth football league,170,3,16.54,,0,informational,https://www.juniorgrassrootshub.com/leagues/tandridge-youth-football-league,organic people_also_ask related_searches
airedale fc,170,4,11.20,,0.009999999776482582,navigational,https://www.juniorgrassrootshub.com/clubs/airedale-fc,organic people_also_ask related_searches knowledge_graph google_reviews images
avon athletic jfc,170,4,11.20,,0.019999999552965164,transactional,https://www.juniorgrassrootshub.com/tournaments/avon-athletic-jfc-junior-football-tournament-2026,organic related_searches google_reviews knowledge_graph images
ballymena united youth,170,4,11.20,,0.009999999776482582,informational,https://www.juniorgrassrootshub.com/coaches/ballymena-united-youth-academy,organic related_searches knowledge_graph google_reviews third_party_reviews images
ballymena united youth academy,170,5,11.20,,0.009999999776482582,navigational,https://www.juniorgrassrootshub.com/coaches/ballymena-united-youth-academy,organic people_also_ask related_searches knowledge_graph google_reviews third_party_reviews images
evesham youth league,170,4,11.20,,0,informational,https://www.juniorgrassrootshub.com/leagues/ambassador-evesham-football-league,organic related_searches
hall green sports club,170,4,11.20,,0.019999999552965164,navigational,https://www.juniorgrassrootshub.com/clubs/hall-green-sports-club,organic people_also_ask knowledge_graph google_reviews third_party_reviews images
hockering fc,170,4,11.20,,0.009999999776482582,navigational,https://www.juniorgrassrootshub.com/clubs/hockering-fc,organic people_also_ask related_searches knowledge_graph google_reviews images
leicestershire midweek floodlit youth league,170,4,11.20,,0,informational,https://www.juniorgrassrootshub.com/leagues/leicestershire-midweek-floodlit-youth-league,organic related_searches
midweek floodlit league,170,4,11.20,,0,informational,https://www.juniorgrassrootshub.com/leagues/leicestershire-midweek-floodlit-youth-league,organic people_also_ask related_searches
pelsall villa colts,170,5,11.20,,0,navigational,https://www.juniorgrassrootshub.com/clubs/pelsall-villa-colts,organic twitter related_searches images
stokey united,170,4,11.20,,0.009999999776482582,navigational,https://www.juniorgrassrootshub.com/clubs/stokey-united,organic people_also_ask related_searches knowledge_graph google_reviews images
colchester district youth football league,170,5,7.97,,0,informational,https://www.juniorgrassrootshub.com/leagues/colchester-and-district-youth-league,organic people_also_ask related_searches
echo league u12,170,6,7.97,,0,informational,https://www.juniorgrassrootshub.com/leagues/echo-junior-league,organic people_also_ask related_searches
edfc,170,5,7.97,,0.009999999776482582,informational,https://www.juniorgrassrootshub.com/clubs/edfc-athletic,organic related_searches knowledge_graph google_reviews images
glasgow district league,170,5,7.97,,0,informational,https://www.juniorgrassrootshub.com/leagues/glasgow-and-district-youth-football-league,organic related_searches images
hibs football academy,170,6,7.97,1.4199999570846558,0,informational,https://www.juniorgrassrootshub.com/academies/hibernian-fc-youth-academy,organic ai_overview people_also_ask related_searches
paisley and johnstone 2011,170,5,7.97,,0,informational,https://www.juniorgrassrootshub.com/leagues/paisley-johnstone-and-district-youth-football-league,organic people_also_ask related_searches
u14 football match length,170,7,7.97,,0,informational,https://www.juniorgrassrootshub.com/age-group-rules/u14,ai_overview people_also_ask organic related_searches
york and district youth football league,170,5,7.97,,0,informational,https://www.juniorgrassrootshub.com/leagues/york-and-district-youth-football-league,organic related_searches
bmo coaching,170,6,5.75,1.5699999332427979,0.009999999776482582,commercial,https://www.juniorgrassrootshub.com/coaches/bmo-coaching,organic related_searches images
chiltern youth football league,170,6,5.75,,0,informational,https://www.juniorgrassrootshub.com/leagues/chiltern-youth-football-league,organic related_searches images
colchester and district youth football league,170,6,5.75,,0,informational,https://www.juniorgrassrootshub.com/leagues/colchester-and-district-youth-league,organic people_also_ask related_searches
f c cippenham,170,6,5.75,,0,navigational,https://www.juniorgrassrootshub.com/clubs/fc-cippenham,organic people_also_ask related_searches knowledge_graph google_reviews
gatwick warriors,170,6,5.75,,0,informational,https://www.juniorgrassrootshub.com/clubs/gatwick-warriors,organic related_searches knowledge_graph google_reviews third_party_reviews images
hackney marshes youth league,170,6,5.75,,0.009999999776482582,navigational,https://www.juniorgrassrootshub.com/leagues/hackney-marshes-saturday-youth-football-league,organic related_searches images
hibernian fc academy,170,7,5.75,1.4199999570846558,0,navigational,https://www.juniorgrassrootshub.com/academies/hibernian-fc-youth-academy,organic people_also_ask related_searches images
hunts league,170,7,5.75,,0,informational,https://www.juniorgrassrootshub.com/leagues/hunts-youth-league,organic ai_overview related_searches images
llanilar football club,170,6,5.75,,0,navigational,https://www.juniorgrassrootshub.com/clubs/llanilar-fc,organic images related_searches google_reviews knowledge_graph
maidstone youth football league,170,6,5.75,,0,informational,https://www.juniorgrassrootshub.com/leagues/maidstone-youth-football-league,organic related_searches images
north staffs youth league,170,6,5.75,,0,informational,https://www.juniorgrassrootshub.com/leagues/north-staffs-junior-youth-league,organic related_searches
osterley rangers,170,6,5.75,,0.009999999776482582,informational,https://www.juniorgrassrootshub.com/clubs/osterley-rangers,organic people_also_ask related_searches knowledge_graph google_reviews images
oxford grove football club,170,6,5.75,,0,navigational,https://www.juniorgrassrootshub.com/clubs/oxford-grove,organic people_also_ask related_searches knowledge_graph google_reviews images
rhydyfelin afc,170,7,5.75,0.05999999865889549,0.009999999776482582,navigational,https://www.juniorgrassrootshub.com/clubs/rhydyfelin-afc,organic people_also_ask related_searches knowledge_graph google_reviews images
rockleaze rangers,170,6,5.75,,0,informational,https://www.juniorgrassrootshub.com/clubs/rockleaze-rangers,organic related_searches knowledge_graph google_reviews images
santos panthers,170,10,5.75,,0,informational,https://www.juniorgrassrootshub.com/clubs/santos-panthers,ai_overview organic people_also_ask video images related_searches
shenley fc,170,6,5.75,,0,navigational,https://www.juniorgrassrootshub.com/clubs/shenley-fc,organic people_also_ask related_searches knowledge_graph google_reviews third_party_reviews images
talycopa afc,170,6,5.75,,0.009999999776482582,navigational,https://www.juniorgrassrootshub.com/clubs/talycopa-afc,organic related_searches google_reviews knowledge_graph images
acle united fc,170,7,4.35,,0,informational,https://www.juniorgrassrootshub.com/clubs/acle-united-f-c,organic people_also_ask related_searches google_reviews knowledge_graph
barnham trojans,170,7,4.35,0.05999999865889549,0.029999999329447746,informational,https://www.juniorgrassrootshub.com/clubs/barnham-trojans,organic people_also_ask related_searches knowledge_graph google_reviews images
carlisle united academy,170,8,4.35,,0,navigational,https://www.juniorgrassrootshub.com/academies/carlisle-united-youth-academy,organic people_also_ask related_searches images
down grange youth football club,170,7,4.35,,0.019999999552965164,navigational,https://www.juniorgrassrootshub.com/clubs/down-grange-youth,organic people_also_ask related_searches knowledge_graph google_reviews third_party_reviews
fa oxfordshire youth league,170,7,4.35,,0,informational,https://www.juniorgrassrootshub.com/leagues/oxfordshire-youth-football-league,organic related_searches
gregson lane fc,170,7,4.35,,0.019999999552965164,navigational,https://www.juniorgrassrootshub.com/clubs/gregson-lane-jfc,organic related_searches knowledge_graph google_reviews images
gt united,170,7,4.35,,0,navigational,https://www.juniorgrassrootshub.com/tournaments/gt-united-summer-tournament-july-5-2026,organic images short_videos related_searches knowledge_graph google_reviews
hemel aces,170,8,4.35,,0.009999999776482582,informational,https://www.juniorgrassrootshub.com/clubs/hemel-aces-fc,organic people_also_ask related_searches google_reviews knowledge_graph images
lea hall fc,170,7,4.35,,0.009999999776482582,navigational,https://www.juniorgrassrootshub.com/clubs/lea-hall,organic people_also_ask related_searches knowledge_graph google_reviews images
longhorn youth league,170,8,4.35,,0,informational,https://www.juniorgrassrootshub.com/leagues/carlisle-glass-longhorn-youth-league,organic ai_overview related_searches images
norfolk combined league,170,7,4.35,,0,informational,https://www.juniorgrassrootshub.com/leagues/norfolk-combined-youth-football-league,organic people_also_ask related_searches
northampton youth league,170,7,4.35,,0,informational,https://www.juniorgrassrootshub.com/leagues/northampton-and-district-youth-alliance-league,organic related_searches
norton canes football club,170,9,4.35,,0,informational,https://www.juniorgrassrootshub.com/tournaments/norton-canes-football-tournament-july-19-2026,organic ai_overview people_also_ask images related_searches
paisley and johnstone district youth football league,170,7,4.35,,0,informational,https://www.juniorgrassrootshub.com/leagues/paisley-johnstone-and-district-youth-football-league,organic related_searches
randlay colts,170,7,4.35,,0,informational,https://www.juniorgrassrootshub.com/clubs/randlay-colts,organic people_also_ask related_searches knowledge_graph google_reviews images
shenley football club,170,7,4.35,,0,navigational,https://www.juniorgrassrootshub.com/clubs/shenley-fc,organic related_searches knowledge_graph google_reviews third_party_reviews images
timperley & district junior football league,170,8,4.35,,0,informational,https://www.juniorgrassrootshub.com/leagues/timperley-and-district-junior-football-league,organic ai_overview related_searches images
tingewick f.c,170,7,4.35,,0.009999999776482582,navigational,https://www.juniorgrassrootshub.com/clubs/tingewick-fc,organic people_also_ask related_searches knowledge_graph google_reviews
tingewick fc,170,7,4.35,,0.009999999776482582,informational,https://www.juniorgrassrootshub.com/clubs/tingewick-fc,organic people_also_ask related_searches knowledge_graph google_reviews images
trimley red devils,170,7,4.35,,0,informational,https://www.juniorgrassrootshub.com/clubs/trimley-red-devils-fc,organic people_also_ask related_searches knowledge_graph google_reviews images
twickenham tigers fc,170,8,4.35,,0.03999999910593033,informational,https://www.juniorgrassrootshub.com/clubs/twickenham-tigers,organic people_also_ask related_searches knowledge_graph google_reviews images
u13 football match length,170,9,4.35,,0,informational,https://www.juniorgrassrootshub.com/age-group-rules/u14,ai_overview organic people_also_ask related_searches images
upminster park rovers,170,7,4.35,,0.009999999776482582,navigational,https://www.juniorgrassrootshub.com/clubs/upminster-park-rovers,organic people_also_ask related_searches knowledge_graph google_reviews images
west herts youth league 25 26,170,8,4.35,,0,informational,https://www.juniorgrassrootshub.com/leagues/west-herts-youth-league,organic ai_overview related_searches
winkleigh football club,170,11,4.35,,0,navigational,https://www.juniorgrassrootshub.com/clubs/winkleigh-youth,organic local_pack people_also_ask related_searches images
woodkirk valley fc,170,7,4.35,,0,navigational,https://www.juniorgrassrootshub.com/clubs/woodkirk-valley-fc,organic related_searches knowledge_graph google_reviews images
woodkirk valley football club,170,7,4.35,,0,navigational,https://www.juniorgrassrootshub.com/clubs/woodkirk-valley-fc,organic related_searches knowledge_graph google_reviews images
yeovil mini league,170,7,4.35,,0,informational,https://www.juniorgrassrootshub.com/leagues/yeovil-minisoccer-league,organic related_searches images
blackpool football academy,170,13,3.35,2.3899998664855957,0.019999999552965164,navigational,https://www.juniorgrassrootshub.com/academies/blackpool-youth-academy,organic ai_overview people_also_ask local_pack related_searches images
blyth rangers,170,9,3.35,,0.009999999776482582,informational,https://www.juniorgrassrootshub.com/clubs/blyth-rangers,organic related_searches knowledge_graph google_reviews images
bury junior football league,170,8,3.35,,0,informational,https://www.juniorgrassrootshub.com/leagues/north-bury-junior-football-league,organic related_searches
central park allstars fc,170,9,3.35,,0.009999999776482582,informational,https://www.juniorgrassrootshub.com/clubs/central-park-allstars-girls,organic ai_overview related_searches images
colchester and district,170,8,3.35,,0,navigational,https://www.juniorgrassrootshub.com/leagues/colchester-and-district-youth-league,organic related_searches
colchester youth football league,170,9,3.35,,0,informational,https://www.juniorgrassrootshub.com/leagues/colchester-and-district-youth-league,organic ai_overview related_searches
crowborough junior football league,170,8,3.35,,0,informational,https://www.juniorgrassrootshub.com/leagues/crowborough-and-district-junior-football-league,organic related_searches images
dundee united academy,170,11,3.35,,0,informational,https://www.juniorgrassrootshub.com/academies/dundee-united-youth-academy,organic ai_overview twitter people_also_ask related_searches images
fulledge colts,170,11,3.35,,0,informational,https://www.juniorgrassrootshub.com/clubs/fulledge-colts,organic images video related_searches
gregson lane junior football club,170,13,3.35,,0.019999999552965164,navigational,https://www.juniorgrassrootshub.com/clubs/gregson-lane-jfc,organic find_results_on local_pack related_searches images
halse united,170,9,3.35,,0,navigational,https://www.juniorgrassrootshub.com/clubs/halse-united,organic related_searches knowledge_graph google_reviews third_party_reviews images
henfield fc,170,9,3.35,0.2199999988079071,0,informational,https://www.juniorgrassrootshub.com/clubs/henfield-fc,organic related_searches images
langton green fc,170,8,3.35,0.6899999976158142,0.009999999776482582,navigational,https://www.juniorgrassrootshub.com/clubs/langton-green,organic people_also_ask related_searches google_reviews knowledge_graph images
cat 3 football academy list,140,2,42.56,,0,informational,https://www.juniorgrassrootshub.com/academies/category-3,ai_overview organic people_also_ask images related_searches
category 3 football academies list,140,2,42.56,,0,informational,https://www.juniorgrassrootshub.com/academies/category-3,ai_overview organic people_also_ask images related_searches
category 3 football academy list,140,2,42.56,,0,informational,https://www.juniorgrassrootshub.com/academies/category-3,ai_overview organic people_also_ask related_searches images
power play football,140,4,22.68,0.949999988079071,0.03999999910593033,informational,https://www.juniorgrassrootshub.com/news/fa-power-play-rule-junior-grassroots-football,ai_overview organic people_also_ask video related_searches images
burntwood dragons,140,3,13.62,,0,informational,https://www.juniorgrassrootshub.com/tournaments/burntwood-dragons-and-phoenix-30-year-anniversary-festival-of-football-2026,organic people_also_ask related_searches knowledge_graph google_reviews third_party_reviews images
glasgow cup 2026,140,3,13.62,,0,informational,https://www.juniorgrassrootshub.com/tournaments/glasgow-city-cup-2026-international-youth-tournament-2026,organic related_searches images
park farm rangers,140,4,13.62,,0.009999999776482582,informational,https://www.juniorgrassrootshub.com/clubs/park-farm-rangers,organic people_also_ask related_searches google_reviews knowledge_graph
bedfordshire youth league,140,4,9.23,,0,informational,https://www.juniorgrassrootshub.com/leagues/bedfordshire-youth-saturday-league,organic related_searches
beds youth league,140,4,9.23,,0,informational,https://www.juniorgrassrootshub.com/leagues/bedfordshire-youth-saturday-league,organic people_also_ask related_searches
cotswold youth league,140,4,9.23,,0,informational,https://www.juniorgrassrootshub.com/leagues/cotswold-youth-league,organic people_also_ask images related_searches
glasgow and district youth league,140,4,9.23,,0,informational,https://www.juniorgrassrootshub.com/leagues/glasgow-and-district-youth-football-league,organic related_searches
hackney marshes saturday youth football league,140,4,9.23,1.5099999904632568,0.019999999552965164,informational,https://www.juniorgrassrootshub.com/leagues/hackney-marshes-saturday-youth-football-league,organic people_also_ask related_searches
holly lane united,140,4,9.23,,0.009999999776482582,navigational,https://www.juniorgrassrootshub.com/tournaments/holly-lane-united-tournament-2026,organic people_also_ask related_searches knowledge_graph google_reviews images
lisnaskea rovers,140,4,9.23,,0,informational,https://www.juniorgrassrootshub.com/clubs/lisnaskea-rovers-a-u12-bkyl,organic related_searches images
midsomer norton youth league,140,5,9.23,,0,informational,https://www.juniorgrassrootshub.com/leagues/midsomer-norton-and-district-youth-football-league,organic ai_overview related_searches
parkwyddn jfc junior football club,140,4,9.23,,0.03999999910593033,navigational,https://www.juniorgrassrootshub.com/clubs/parkwyddn,organic related_searches knowledge_graph google_reviews third_party_reviews
watford friendly league u12,140,4,9.23,,0,informational,https://www.juniorgrassrootshub.com/leagues/watford-friendly-league,organic people_also_ask related_searches
ballywalter rec,140,6,6.57,,0,navigational,https://www.juniorgrassrootshub.com/clubs/ballywalter-rec,organic video related_searches knowledge_graph google_reviews images
barnsley and district junior football league,140,6,6.57,,0,informational,https://www.juniorgrassrootshub.com/leagues/barnsley-and-district-junior-league,organic ai_overview related_searches
barrow junior football league,140,5,6.57,,0,informational,https://www.juniorgrassrootshub.com/leagues/barrow-and-district-junior-league,organic related_searches
brampton united jfc,140,5,6.57,,0.029999999329447746,informational,https://www.juniorgrassrootshub.com/clubs/brampton-united-jfc,organic related_searches knowledge_graph google_reviews images
brymbo lodge youth football club,140,7,6.57,,0.009999999776482582,navigational,https://www.juniorgrassrootshub.com/clubs/brymbo-lodge-youth-football-club,local_pack organic related_searches google_reviews images
chiltern football league,140,5,6.57,,0,informational,https://www.juniorgrassrootshub.com/leagues/chiltern-youth-football-league,organic people_also_ask related_searches
cottage farm rangers,140,5,6.57,,0,navigational,https://www.juniorgrassrootshub.com/clubs/cottage-farm-rangers,organic people_also_ask related_searches google_reviews knowledge_graph third_party_reviews images
derry and district youth league,140,5,6.57,,0,informational,https://www.juniorgrassrootshub.com/leagues/derry-and-district-youth-football-association,organic related_searches images
eastham and district league,140,5,6.57,,0,informational,https://www.juniorgrassrootshub.com/leagues/eastham-and-district-junior-football-league,organic related_searches
echo league u14,140,5,6.57,,0,informational,https://www.juniorgrassrootshub.com/leagues/echo-junior-league,organic people_also_ask related_searches
glasgow youth league,140,5,6.57,,0,informational,https://www.juniorgrassrootshub.com/leagues/glasgow-and-district-youth-football-league,organic related_searches images
harold wood cougars,140,5,6.57,,0,informational,https://www.juniorgrassrootshub.com/clubs/harold-wood-cougars-y,organic related_searches images
merseyside and halewood junior football league,140,5,6.57,,0,informational,https://www.juniorgrassrootshub.com/leagues/merseyside-and-halewood-jfl,organic people_also_ask related_searches
merseyside and halewood league,140,5,6.57,,0,informational,https://www.juniorgrassrootshub.com/leagues/merseyside-and-halewood-jfl,organic related_searches
new durham afc,140,5,6.57,,0.009999999776482582,informational,https://www.juniorgrassrootshub.com/clubs/new-durham-afc,organic people_also_ask related_searches google_reviews knowledge_graph images
parkdale fc,140,5,6.57,,0,navigational,https://www.juniorgrassrootshub.com/clubs/parkdale-fc,organic people_also_ask related_searches knowledge_graph google_reviews images
salford fa,140,6,6.57,,0,navigational,https://www.juniorgrassrootshub.com/leagues/salford-and-districts-football-league,organic people_also_ask related_searches
stretford victoria junior football club,140,5,6.57,,0.019999999552965164,informational,https://www.juniorgrassrootshub.com/clubs/stretford-victoria,organic people_also_ask related_searches knowledge_graph google_reviews images
timperley & district jfl,140,6,6.57,,0,informational,https://www.juniorgrassrootshub.com/leagues/timperley-and-district-junior-football-league,organic ai_overview related_searches images
timperley and district jfl,140,5,6.57,,0,navigational,https://www.juniorgrassrootshub.com/leagues/timperley-and-district-junior-football-league,organic related_searches
trimley red devils fc,140,5,6.57,,0.05000000074505806,informational,https://www.juniorgrassrootshub.com/clubs/trimley-red-devils-fc,organic people_also_ask related_searches knowledge_graph google_reviews images
barnsley junior football league,140,6,4.73,,0,informational,https://www.juniorgrassrootshub.com/leagues/barnsley-and-district-junior-league,organic people_also_ask related_searches
bolton bury jfl,140,6,4.73,,0,navigational,https://www.juniorgrassrootshub.com/leagues/bolton-bury-and-district-league,organic people_also_ask related_searches
burton junior league,140,6,4.73,,0,informational,https://www.juniorgrassrootshub.com/leagues/burton-junior-football-league,organic related_searches
burton league,140,7,4.73,,0,informational,https://www.juniorgrassrootshub.com/leagues/burton-junior-football-league,organic ai_overview people_also_ask related_searches
bury and bolton jfl,140,6,4.73,,0,informational,https://www.juniorgrassrootshub.com/leagues/bolton-bury-and-district-league,organic related_searches
bury bolton jfl,140,6,4.73,,0,informational,https://www.juniorgrassrootshub.com/leagues/bolton-bury-and-district-league,organic related_searches
charlie miller football academy,140,9,4.73,0.8100000023841858,0.029999999329447746,navigational,https://www.juniorgrassrootshub.com/clubs/charlie-miller-football-academy,organic ai_overview images people_also_ask related_searches
dalton dynamoes,140,6,4.73,,0.009999999776482582,informational,https://www.juniorgrassrootshub.com/clubs/dalton-dynamoes,organic images people_also_ask related_searches knowledge_graph google_reviews third_party_reviews
durrington fc,140,7,4.73,,0,navigational,https://www.juniorgrassrootshub.com/clubs/durrington-fc,organic ai_overview related_searches images
echo youth league,140,7,4.73,,0,informational,https://www.juniorgrassrootshub.com/leagues/echo-junior-league,organic people_also_ask related_searches images
ewyas harold football club,140,6,4.73,,0.009999999776482582,informational,https://www.juniorgrassrootshub.com/clubs/ewyas-harold,organic images people_also_ask related_searches knowledge_graph google_reviews
fishguard sports afc,140,6,4.73,,0.009999999776482582,navigational,https://www.juniorgrassrootshub.com/clubs/fishguard-sports-afc,organic related_searches images
foxton fc,140,7,4.73,,0,informational,https://www.juniorgrassrootshub.com/clubs/foxton-fc,organic product_considerations related_searches knowledge_graph images
foxton football club,140,6,4.73,,0,informational,https://www.juniorgrassrootshub.com/clubs/foxton-fc,organic related_searches images
graig villa dino fc,140,6,4.73,,0,informational,https://www.juniorgrassrootshub.com/clubs/graig-villa-dino-fc,organic related_searches images
grange park rangers,140,6,4.73,0.1599999964237213,0.019999999552965164,navigational,https://www.juniorgrassrootshub.com/clubs/grange-park-rangers,organic related_searches knowledge_graph google_reviews images
halewood junior football league,140,6,4.73,,0,informational,https://www.juniorgrassrootshub.com/leagues/merseyside-and-halewood-jfl,organic related_searches
market warsop fc,140,7,4.73,,0.009999999776482582,informational,https://www.juniorgrassrootshub.com/tournaments/market-warsop-football-tournament-june-28-2026,organic video related_searches images
north bury,140,7,4.73,,0,navigational,https://www.juniorgrassrootshub.com/leagues/north-bury-junior-football-league,map organic people_also_ask images related_searches
north staffs junior league,140,6,4.73,,0,informational,https://www.juniorgrassrootshub.com/leagues/north-staffs-junior-youth-league,organic related_searches
north staffs junior youth league fixtures,140,7,4.73,,0,informational,https://www.juniorgrassrootshub.com/leagues/north-staffs-junior-youth-league,organic ai_overview related_searches
norton lindsey football club,140,6,4.73,,0,navigational,https://www.juniorgrassrootshub.com/clubs/norton-lindsey,organic video related_searches google_reviews knowledge_graph images
riverview fc,140,6,4.73,,0,navigational,https://www.juniorgrassrootshub.com/clubs/riverview,organic related_searches images
shankill united,140,7,4.73,,0,navigational,https://www.juniorgrassrootshub.com/clubs/shankill-united,organic people_also_ask related_searches images
st clears afc,140,6,4.73,,0,informational,https://www.juniorgrassrootshub.com/clubs/st-clears-afc,organic images related_searches
weetabix football league,140,6,4.73,,0,informational,https://www.juniorgrassrootshub.com/leagues/weetabix-youth-football-league,organic related_searches
balanced fc,140,7,3.58,54.38999938964844,0,commercial,https://www.juniorgrassrootshub.com/coaches/balanced-fc,organic related_searches images
bolton and bury jfl,140,7,3.58,,0,informational,https://www.juniorgrassrootshub.com/leagues/bolton-bury-and-district-league,organic related_searches images
chiltern league football,140,8,3.58,,0,informational,https://www.juniorgrassrootshub.com/leagues/chiltern-youth-football-league,organic people_also_ask related_searches
craven aire and wharfe junior league,140,7,3.58,,0,navigational,https://www.juniorgrassrootshub.com/leagues/craven-aire-and-wharfe-junior-league,organic related_searches
crowborough and district football league,140,7,3.58,,0,informational,https://www.juniorgrassrootshub.com/leagues/crowborough-and-district-junior-football-league,organic people_also_ask related_searches
crowhurst football club,140,7,3.58,,0,navigational,https://www.juniorgrassrootshub.com/clubs/crowhurst,organic people_also_ask related_searches knowledge_graph google_reviews images
halewood league,140,8,3.58,,0,informational,https://www.juniorgrassrootshub.com/leagues/merseyside-and-halewood-jfl,organic ai_overview people_also_ask related_searches
leicester and district sunday youth league,140,7,3.58,,0,informational,https://www.juniorgrassrootshub.com/leagues/leicester-and-district-sunday-juniors-league,organic related_searches
london fits,140,7,3.58,2.5399999618530273,0.17000000178813934,navigational,https://www.juniorgrassrootshub.com/clubs/london-fits,organic people_also_ask related_searches knowledge_graph google_reviews images
market rasen town football club,140,7,3.58,,0,informational,https://www.juniorgrassrootshub.com/clubs/market-rasen-town-fc,organic related_searches knowledge_graph google_reviews third_party_reviews
martham fc,140,8,3.58,,0,informational,https://www.juniorgrassrootshub.com/clubs/martham-f-c,organic ai_overview related_searches images
melton foxes junior football club,140,7,3.58,,0.019999999552965164,informational,https://www.juniorgrassrootshub.com/clubs/melton-foxes-fc,organic related_searches knowledge_graph google_reviews third_party_reviews images
merseyside youth league,140,7,3.58,,0,informational,https://www.juniorgrassrootshub.com/leagues/merseyside-youth-football-league,organic related_searches images
mid solent,140,8,3.58,,0,informational,https://www.juniorgrassrootshub.com/leagues/mid-solent-youth-football-league,organic ai_overview related_searches
middleton rangers fc,140,7,3.58,,0.009999999776482582,informational,https://www.juniorgrassrootshub.com/clubs/middleton-rangers,organic related_searches knowledge_graph google_reviews third_party_reviews
north liverpool jfl,140,7,3.58,,0,informational,https://www.juniorgrassrootshub.com/leagues/north-liverpool-junior-football-league,organic people_also_ask related_searches
norton lindsey fc,140,7,3.58,,0,navigational,https://www.juniorgrassrootshub.com/clubs/norton-lindsey,organic related_searches google_reviews knowledge_graph images
pinner united fc,140,7,3.58,,0.019999999552965164,informational,https://www.juniorgrassrootshub.com/clubs/pinner-united-fc,organic people_also_ask related_searches knowledge_graph google_reviews images
pro football academy liverpool,140,9,3.58,,0.019999999552965164,navigational,https://www.juniorgrassrootshub.com/coaches/pro-football-academy-liverpool,ai_overview organic people_also_ask related_searches knowledge_graph google_reviews images
shobdon fc,140,7,3.58,,0,informational,https://www.juniorgrassrootshub.com/clubs/shobdon-colts,organic people_also_ask knowledge_graph google_reviews images
stanway villa youth football club,140,7,3.58,,0.009999999776482582,navigational,https://www.juniorgrassrootshub.com/clubs/stanway-villa-youth,organic related_searches knowledge_graph google_reviews images
stoke gifford football club,140,10,3.58,,0,informational,https://www.juniorgrassrootshub.com/clubs/stoke-gifford-sgs-united,local_pack twitter organic related_searches images
tintwistle fc,140,8,3.58,,0.009999999776482582,informational,https://www.juniorgrassrootshub.com/clubs/tintwistle-athletic,organic ai_overview related_searches images
tintwistle football club,140,9,3.58,,0.009999999776482582,navigational,https://www.juniorgrassrootshub.com/clubs/tintwistle-athletic,organic twitter related_searches knowledge_graph google_reviews images
tyro youth league,140,7,3.58,,0,informational,https://www.juniorgrassrootshub.com/leagues/southampton-and-district-tyro-football-league,organic related_searches
upton united,140,7,3.58,,0,navigational,https://www.juniorgrassrootshub.com/clubs/upton-united-community-sports-club,organic people_also_ask related_searches knowledge_graph google_reviews third_party_reviews images
wandsworth lions,140,12,3.58,,0,informational,https://www.juniorgrassrootshub.com/clubs/wandsworth-lions-fc,organic local_pack video related_searches images
worplesdon rangers,140,7,3.58,,0.019999999552965164,informational,https://www.juniorgrassrootshub.com/clubs/worplesdon-rangers-fc,organic related_searches knowledge_graph google_reviews images
belmont wanderers,140,11,2.76,,0,informational,https://www.juniorgrassrootshub.com/clubs/belmont-wanderers,organic people_also_ask short_videos related_searches knowledge_graph google_reviews third_party_reviews images
berks elite fc,140,10,2.76,1.2699999809265137,0.009999999776482582,navigational,https://www.juniorgrassrootshub.com/clubs/berks-elite-fc,organic people_also_ask related_searches images
birmingham & district football league,140,8,2.76,,0,informational,https://www.juniorgrassrootshub.com/leagues/birmingham-and-district-football-league,organic related_searches
chiltern youth league sunday,140,8,2.76,,0,informational,https://www.juniorgrassrootshub.com/leagues/chiltern-youth-football-league,organic related_searches
dungoyne fc,140,8,2.76,,0,informational,https://www.juniorgrassrootshub.com/clubs/dungoyne,organic images people_also_ask knowledge_graph google_reviews third_party_reviews
durrington football club,140,8,2.76,,0,navigational,https://www.juniorgrassrootshub.com/clubs/durrington-fc,organic people_also_ask images related_searches
football teams in dorset,140,10,2.76,,0,informational,https://www.juniorgrassrootshub.com/guides/finding-a-football-club-in-dorset,organic ai_overview people_also_ask related_searches images
galmpton fc,140,9,2.76,,0.019999999552965164,informational,https://www.juniorgrassrootshub.com/clubs/galmpton-united,organic ai_overview related_searches images
howden clough football club,140,9,2.76,,0,informational,https://www.juniorgrassrootshub.com/clubs/howden-clough-jfc,organic people_also_ask related_searches knowledge_graph google_reviews third_party_reviews images
leeds city juniors,140,10,2.76,,0,informational,https://www.juniorgrassrootshub.com/clubs/leeds-city-juniors,organic people_also_ask related_searches knowledge_graph google_reviews images
leicester & district sunday juniors league,140,8,2.76,,0,informational,https://www.juniorgrassrootshub.com/leagues/leicester-and-district-sunday-juniors-league,organic related_searches
leverington football club,140,8,2.76,,0,informational,https://www.juniorgrassrootshub.com/clubs/leverington-sports,organic related_searches knowledge_graph google_reviews third_party_reviews images
cat 1 football academies,110,2,33.44,,0.009999999776482582,informational,https://www.juniorgrassrootshub.com/academies/category-1,ai_overview organic people_also_ask images related_searches
cat 3 football academies,110,2,33.44,,0.019999999552965164,informational,https://www.juniorgrassrootshub.com/academies/category-3,ai_overview organic people_also_ask images related_searches
category 3 football academies,110,2,33.44,,0.019999999552965164,informational,https://www.juniorgrassrootshub.com/academies/category-3,ai_overview organic people_also_ask images related_searches
category 3 football academy,110,2,33.44,,0.019999999552965164,informational,https://www.juniorgrassrootshub.com/academies/category-3,ai_overview organic people_also_ask related_searches
cat 1 football academy,110,4,17.82,,0.009999999776482582,informational,https://www.juniorgrassrootshub.com/academies/category-1,ai_overview organic people_also_ask images related_searches
woodspring junior football league,110,2,17.82,,0,informational,https://www.juniorgrassrootshub.com/leagues/woodspring-junior-league,organic related_searches knowledge_graph google_reviews
cat 1 academy list,110,4,10.70,,0,informational,https://www.juniorgrassrootshub.com/academies/category-1,ai_overview organic images related_searches
fleet spurs tournament 2026,110,4,7.25,,0,informational,https://www.juniorgrassrootshub.com/tournaments/fleet-spurs-pre-season-tournament-2026-aug-22nd-and-23rd-2026-08-22,organic related_searches
multi ballers fc,110,5,7.25,,0.019999999552965164,informational,https://www.juniorgrassrootshub.com/clubs/multi-ballers-fc,ai_overview organic video images people_also_ask related_searches
paisley youth league,110,4,7.25,,0,informational,https://www.juniorgrassrootshub.com/leagues/paisley-johnstone-and-district-youth-football-league,organic related_searches
queen edith fc,110,7,7.25,,0.009999999776482582,informational,https://www.juniorgrassrootshub.com/clubs/queen-edith-fc,organic local_pack people_also_ask related_searches images
shankill juniors,110,6,7.25,,0,informational,https://www.juniorgrassrootshub.com/clubs/shankill-juniors-fc,organic ai_overview people_also_ask video related_searches images
vision trophies,110,4,7.25,2.8899998664855957,1,transactional,https://www.juniorgrassrootshub.com/partners/vision-trophies,organic people_also_ask related_searches knowledge_graph google_reviews third_party_reviews
ambassador evesham,110,5,5.16,,0,informational,https://www.juniorgrassrootshub.com/leagues/ambassador-evesham-football-league,organic related_searches knowledge_graph google_reviews images
blakelaw football club,110,5,5.16,,0,informational,https://www.juniorgrassrootshub.com/clubs/blakelaw-football-club,organic related_searches knowledge_graph google_reviews images
cambridge celts fc,110,5,5.16,0.03999999910593033,0.009999999776482582,navigational,https://www.juniorgrassrootshub.com/clubs/cambridge-celts,organic related_searches google_reviews knowledge_graph
camden youth league,110,5,5.16,,0,navigational,https://www.juniorgrassrootshub.com/leagues/camden-youth-league,organic related_searches images
central lancs football league,110,5,5.16,,0,informational,https://www.juniorgrassrootshub.com/leagues/central-lancashire-junior-football-league,organic people_also_ask related_searches images
heolgerrig red lion football club,110,5,5.16,,0.009999999776482582,navigational,https://www.juniorgrassrootshub.com/guides/finding-a-football-club-in-merthyr-tydfil,organic people_also_ask related_searches knowledge_graph google_reviews images
kidderminster athletic fc,110,6,5.16,,0.009999999776482582,informational,https://www.juniorgrassrootshub.com/clubs/kidderminster-athletic,organic ai_overview related_searches images
kingston colts football club,110,5,5.16,,0.009999999776482582,navigational,https://www.juniorgrassrootshub.com/clubs/kingston-colts,organic related_searches knowledge_graph google_reviews third_party_reviews
london county saturday youth league,110,5,5.16,,0.019999999552965164,informational,https://www.juniorgrassrootshub.com/leagues/london-county-saturday-youth-football-league,organic related_searches
mid lancs junior football league,110,5,5.16,,0,informational,https://www.juniorgrassrootshub.com/leagues/mid-lancashire-colts-junior-football-league,organic related_searches google_reviews knowledge_graph
ness academy,110,5,5.16,,0,navigational,https://www.juniorgrassrootshub.com/coaches/ness-academy,organic related_searches images
tn33 0uf,110,5,5.16,,0.05000000074505806,informational,https://www.juniorgrassrootshub.com/tournaments/sedlescombe-rangers-fc-tournament-2026-2026-07-11,organic related_searches knowledge_graph
twyford comets,110,5,5.16,,0,informational,https://www.juniorgrassrootshub.com/clubs/twyford-comets-fc,organic related_searches images
aberffraw fc,110,6,3.72,,0,navigational,https://www.juniorgrassrootshub.com/clubs/cpd-aberffraw,organic related_searches knowledge_graph google_reviews images
adlington junior football club,110,8,3.72,,0.019999999552965164,informational,https://www.juniorgrassrootshub.com/tournaments/adlington-summer-weekender-tournament-2026,organic local_pack images related_searches
avon athletic,110,6,3.72,,0,navigational,https://www.juniorgrassrootshub.com/tournaments/avon-athletic-jfc-junior-football-tournament-2026,organic images people_also_ask related_searches google_reviews knowledge_graph
chesterfield junior blues,110,6,3.72,,0,informational,https://www.juniorgrassrootshub.com/clubs/chesterfield-junior-blues,organic related_searches knowledge_graph google_reviews
echo league u15,110,6,3.72,,0,informational,https://www.juniorgrassrootshub.com/leagues/echo-junior-league,organic related_searches
football clubs in buckinghamshire,110,10,3.72,,0,informational,https://www.juniorgrassrootshub.com/guides/finding-a-football-club-in-buckinghamshire,organic local_pack people_also_ask related_searches images
football clubs in derbyshire,110,12,3.72,,0,informational,https://www.juniorgrassrootshub.com/guides/finding-a-football-club-in-derbyshire,ai_overview organic find_results_on local_pack people_also_ask related_searches images
km united,110,6,3.72,,0.009999999776482582,navigational,https://www.juniorgrassrootshub.com/clubs/km-united,organic related_searches knowledge_graph images
maidstone district youth league,110,6,3.72,,0,informational,https://www.juniorgrassrootshub.com/leagues/maidstone-youth-football-league,organic related_searches
mid wilts league,110,6,3.72,,0,informational,https://www.juniorgrassrootshub.com/leagues/mid-wilts-youth-football-league,organic related_searches
monkton swifts,110,6,3.72,,0,informational,https://www.juniorgrassrootshub.com/clubs/monkton-swifts,organic images related_searches knowledge_graph google_reviews
pinfold pumas,110,7,3.72,,0,transactional,https://www.juniorgrassrootshub.com/clubs/pinfold-pumas-jfc,organic discussions_and_forums people_also_ask knowledge_graph google_reviews third_party_reviews images
sci football,110,6,3.72,0.5799999833106995,0.07999999821186066,informational,https://www.juniorgrassrootshub.com/partners/sci-football-festivals,organic related_searches google_reviews knowledge_graph images
southport trinity fc,110,6,3.72,,0,informational,https://www.juniorgrassrootshub.com/clubs/southport-trinity,organic related_searches knowledge_graph google_reviews
southport trinity football club,110,6,3.72,,0,informational,https://www.juniorgrassrootshub.com/clubs/southport-trinity,organic related_searches knowledge_graph google_reviews
tyro league u13,110,6,3.72,,0,informational,https://www.juniorgrassrootshub.com/leagues/southampton-and-district-tyro-football-league,organic related_searches
writtle minors,110,6,3.72,,0,informational,https://www.juniorgrassrootshub.com/clubs/writtle-minors-y,organic related_searches knowledge_graph google_reviews third_party_reviews images
bm youth,110,9,2.82,,0,informational,https://www.juniorgrassrootshub.com/coaches/bm-youth,organic ai_overview related_searches images
central lancashire league,110,7,2.82,,0,informational,https://www.juniorgrassrootshub.com/leagues/central-lancashire-junior-football-league,organic related_searches
crofton juniors afc,110,7,2.82,,0,navigational,https://www.juniorgrassrootshub.com/tournaments/crofton-juniors-pre-season-tournament-august-31-2026,organic people_also_ask related_searches knowledge_graph google_reviews images
dental distinction,110,8,2.82,,0.009999999776482582,informational,https://www.juniorgrassrootshub.com/supporters/dental-distinction,organic people_also_ask related_searches knowledge_graph google_reviews images
edmonton rangers,110,7,2.82,,0,informational,https://www.juniorgrassrootshub.com/tournaments/edmonton-rangers-fc-summer-tournament-2026-2026-06-20,organic related_searches knowledge_graph google_reviews third_party_reviews images
escalate football club,110,7,2.82,,0.019999999552965164,informational,https://www.juniorgrassrootshub.com/clubs/escalate-elite-fc,organic related_searches knowledge_graph google_reviews images
essex rangers,110,7,2.82,,0,informational,https://www.juniorgrassrootshub.com/clubs/essex-rangers-yfc,organic short_videos related_searches knowledge_graph google_reviews images
fa russell foster league,110,7,2.82,,0,informational,https://www.juniorgrassrootshub.com/leagues/russell-foster-youth-league,organic people_also_ask related_searches
farnham town youth football club,110,9,2.82,,0,informational,https://www.juniorgrassrootshub.com/tournaments/farnham-town-youth-fc-summer-tournament-july-24-2026,organic local_pack related_searches
faygate fc,110,7,2.82,0.07000000029802322,0.03999999910593033,informational,https://www.juniorgrassrootshub.com/clubs/faygate-united-fc,organic related_searches google_reviews knowledge_graph images
fc pontefract,110,12,2.82,,0.009999999776482582,informational,https://www.juniorgrassrootshub.com/clubs/fc-pontefract,organic find_results_on local_pack people_also_ask perspectives related_searches knowledge_graph images
football clubs in northumberland,110,12,2.82,,0,informational,https://www.juniorgrassrootshub.com/guides/finding-a-football-club-in-northumberland,ai_overview organic local_pack people_also_ask related_searches images
foyle harps,110,11,2.82,,0,informational,https://www.juniorgrassrootshub.com/clubs/foyle-harps-colts-u10-d-and-d,organic images ai_overview people_also_ask video related_searches
frodsham jfc,110,7,2.82,,0,navigational,https://www.juniorgrassrootshub.com/tournaments/frodsham-football-festival-2026,organic related_searches
goldsworth park rangers,110,7,2.82,,0,navigational,https://www.juniorgrassrootshub.com/clubs/goldsworth-park-rangers-fc,organic related_searches images
greencastle rovers,110,8,2.82,,0,informational,https://www.juniorgrassrootshub.com/clubs/greencastle-rovers-fc,organic ai_overview related_searches images
greenford town fc,110,8,2.82,0.3199999928474426,0.019999999552965164,informational,https://www.juniorgrassrootshub.com/clubs/greenford-town-fc,organic ai_overview people_also_ask related_searches images
haltwhistle jubilee football club,110,7,2.82,,0.009999999776482582,informational,https://www.juniorgrassrootshub.com/clubs/haltwhistle-jubilee,organic related_searches knowledge_graph google_reviews images
hatherleigh youth football club,110,7,2.82,,0,navigational,https://www.juniorgrassrootshub.com/tournaments/hatherleigh-youth-fc-u9s-and-u10s-tournament-2027-2027-04-25,organic related_searches google_reviews knowledge_graph images
highgate rangers,110,7,2.82,1.1100000143051147,0,navigational,https://www.juniorgrassrootshub.com/clubs/highgate-rangers,organic related_searches knowledge_graph google_reviews images
leek wootton football club,110,9,2.82,,0.009999999776482582,navigational,https://www.juniorgrassrootshub.com/clubs/leek-wootton,organic local_pack related_searches images
mid warwickshire football league,110,7,2.82,,0,informational,https://www.juniorgrassrootshub.com/leagues/mid-warwickshire-football-league,organic related_searches images
new road fc,110,9,2.82,,0,informational,https://www.juniorgrassrootshub.com/tournaments/new-road-fc-new-road-2026-tournament-2026,organic ai_overview people_also_ask related_searches images
north cardiff cosmos fc,110,7,2.82,,0.019999999552965164,navigational,https://www.juniorgrassrootshub.com/clubs/north-cardiff-cosmos-football-club,organic related_searches knowledge_graph google_reviews third_party_reviews images
north devon youth football league,110,7,2.82,,0,informational,https://www.juniorgrassrootshub.com/leagues/north-devon-youth-league,organic related_searches images
paisley johnstone and district 2009,110,8,2.82,,0,navigational,https://www.juniorgrassrootshub.com/leagues/paisley-johnstone-and-district-youth-football-league,organic people_also_ask related_searches
poulton primary league,110,7,2.82,,0,informational,https://www.juniorgrassrootshub.com/leagues/poulton-and-district-primary-league,organic related_searches
salford storm fc,110,8,2.82,2.630000114440918,0.009999999776482582,informational,https://www.juniorgrassrootshub.com/clubs/salford-storm-fc,organic people_also_ask related_searches knowledge_graph google_reviews third_party_reviews images
sci tournament,110,7,2.82,0.18000000715255737,0.3400000035762787,informational,https://www.juniorgrassrootshub.com/partners/sci-football-festivals,organic related_searches images
skillwise sports,110,9,2.82,,0,informational,https://www.juniorgrassrootshub.com/coaches/skillwise-sports-entertainment,organic video related_searches knowledge_graph google_reviews images
south west minis,110,7,2.82,,0.029999999329447746,navigational,https://www.juniorgrassrootshub.com/clubs/south-west-mini-s-fc-united,organic people_also_ask related_searches knowledge_graph google_reviews third_party_reviews images
stanningley albion,110,7,2.82,,0,informational,https://www.juniorgrassrootshub.com/clubs/stanningley-albion-jfc,organic related_searches knowledge_graph images
warrington junior football league tables,110,7,2.82,,0,informational,https://www.juniorgrassrootshub.com/leagues/warrington-junior-football-league,organic related_searches
whitacres wolves,110,8,2.82,,0,informational,https://www.juniorgrassrootshub.com/clubs/whitacres-wolves,ai_overview organic video related_searches images
antrim soccer academy,110,9,2.17,,0,navigational,https://www.juniorgrassrootshub.com/clubs/antrim-soccer-academy,organic ai_overview related_searches images
banstead village fc,110,9,2.17,,0,navigational,https://www.juniorgrassrootshub.com/clubs/banstead-village-fc,organic related_searches images
banstead village football club,110,9,2.17,,0,navigational,https://www.juniorgrassrootshub.com/clubs/banstead-village-fc,organic related_searches images
bawtry junior football club,110,9,2.17,,0.009999999776482582,navigational,https://www.juniorgrassrootshub.com/clubs/bawtry-jfc,organic related_searches knowledge_graph google_reviews images
buckinghamshire football clubs,110,13,2.17,,0,informational,https://www.juniorgrassrootshub.com/guides/finding-a-football-club-in-buckinghamshire,organic ai_overview local_pack people_also_ask related_searches images
burton junior football league fixtures,110,8,2.17,,0,informational,https://www.juniorgrassrootshub.com/leagues/burton-junior-football-league,organic related_searches
byron red star football club,110,9,2.17,,0,navigational,https://www.juniorgrassrootshub.com/clubs/byron-red-star-fc,organic related_searches google_reviews knowledge_graph
cambridgeshire mini soccer league,110,8,2.17,,0,informational,https://www.juniorgrassrootshub.com/leagues/cambridgeshire-mini-soccer-league,organic related_searches images
chesterton eagles,110,9,2.17,,0,informational,https://www.juniorgrassrootshub.com/clubs/chesterton-eagles,organic related_searches knowledge_graph google_reviews images
dunscroft warriors,110,11,2.17,,0,informational,https://www.juniorgrassrootshub.com/clubs/dunscroft-warriors-jfc,organic local_pack related_searches images
echo league 25/26 fixtures,110,9,2.17,,0,informational,https://www.juniorgrassrootshub.com/leagues/echo-junior-league,organic people_also_ask related_searches
every generation leyland,110,8,2.17,,0,informational,https://www.juniorgrassrootshub.com/supporters/every-generation,organic people_also_ask related_searches knowledge_graph google_reviews third_party_reviews images
fa eastham league,110,8,2.17,,0,informational,https://www.juniorgrassrootshub.com/leagues/eastham-and-district-junior-football-league,organic people_also_ask related_searches
football teams in northumberland,110,10,2.17,,0,informational,https://www.juniorgrassrootshub.com/guides/finding-a-football-club-in-northumberland,organic ai_overview people_also_ask related_searches images
hearts of teddlothian,110,10,2.17,,0,informational,https://www.juniorgrassrootshub.com/clubs/hearts-of-teddlothian,organic people_also_ask related_searches google_reviews knowledge_graph images
herne bay harriers,110,8,2.17,,0,informational,https://www.juniorgrassrootshub.com/clubs/herne-bay-harriers,organic related_searches knowledge_graph google_reviews images
hernhill herons,110,10,2.17,,0,informational,https://www.juniorgrassrootshub.com/clubs/dawes-hernhill-herons,organic people_also_ask related_searches knowledge_graph google_reviews third_party_reviews images
horsham and district youth league,110,8,2.17,,0,informational,https://www.juniorgrassrootshub.com/leagues/horsham-district-youth-league,organic related_searches
hull junior football league,110,8,2.17,,0.019999999552965164,informational,https://www.juniorgrassrootshub.com/leagues/hull-and-district-youth-football-league,organic related_searches
isleworthians youth fc,110,9,2.17,,0,informational,https://www.juniorgrassrootshub.com/clubs/old-isleworthians-youth-fc,organic related_searches google_reviews knowledge_graph images
leek wootton fc,110,9,2.17,,0.009999999776482582,informational,https://www.juniorgrassrootshub.com/clubs/leek-wootton,organic related_searches knowledge_graph google_reviews images
lisburn castlereagh junior league,110,8,2.17,,0,informational,https://www.juniorgrassrootshub.com/leagues/lisburn-castlereagh-junior-football-league,organic related_searches images
power play rule,90,2,27.36,,0,informational,https://www.juniorgrassrootshub.com/news/fa-power-play-rule-junior-grassroots-football,ai_overview organic people_also_ask images related_searches
academy category 1,90,4,14.58,,0,informational,https://www.juniorgrassrootshub.com/academies/category-1,ai_overview organic people_also_ask images related_searches
category 1 academies,90,3,14.58,,0,navigational,https://www.juniorgrassrootshub.com/academies/category-1,organic ai_overview images people_also_ask related_searches
category 1 academy,90,3,14.58,,0,navigational,https://www.juniorgrassrootshub.com/academies/category-1,ai_overview organic people_also_ask images related_searches
linfield academy,90,2,14.58,,0,navigational,https://www.juniorgrassrootshub.com/academies/linfield-fc-youth-academy,organic people_also_ask related_searches images
north london football league,90,3,14.58,,0.07000000029802322,informational,https://www.juniorgrassrootshub.com/leagues/north-london-youth-football-league,ai_overview organic people_also_ask related_searches images
ashford and district youth football league,90,3,8.76,,0,informational,https://www.juniorgrassrootshub.com/leagues/ashford-and-district-youth-football-league,organic related_searches
ashford youth football league,90,3,8.76,,0,informational,https://www.juniorgrassrootshub.com/leagues/ashford-and-district-youth-football-league,organic related_searches
birchwood colts,90,3,8.76,,0.019999999552965164,informational,https://www.juniorgrassrootshub.com/tournaments/birchwood-colts-summer-tournament-2026-2026-06-06,organic people_also_ask related_searches knowledge_graph google_reviews images
grassroots football tournaments 2026 near me,90,4,8.76,,0.019999999552965164,commercial,https://www.juniorgrassrootshub.com/tournaments,ai_overview organic people_also_ask related_searches
manchester respect league,90,3,8.76,,0,informational,https://www.juniorgrassrootshub.com/leagues/manchester-respect-junior-football-league,organic related_searches
parkmoor fc,90,3,8.76,,0,navigational,https://www.juniorgrassrootshub.com/clubs/parkmoor-fc,organic ai_overview related_searches images
ashford district youth football league,90,4,5.93,,0,informational,https://www.juniorgrassrootshub.com/leagues/ashford-and-district-youth-football-league,organic related_searches
cambs mini soccer league,90,4,5.93,,0,informational,https://www.juniorgrassrootshub.com/leagues/cambridgeshire-mini-soccer-league,organic related_searches
corsham tournament 2026,90,4,5.93,,0,informational,https://www.juniorgrassrootshub.com/tournaments/afc-corsham-summer-tournament-2026-2026-05-30,organic ai_overview related_searches
didcot casuals tournament 2026,90,5,5.93,,0,informational,https://www.juniorgrassrootshub.com/tournaments/didcot-casuals-festival-of-football-2026-2026-06-20,organic ai_overview related_searches
glasgow city cup,90,4,5.93,,0,informational,https://www.juniorgrassrootshub.com/tournaments/glasgow-city-cup-2026-international-youth-tournament-2026,organic people_also_ask related_searches knowledge_graph google_reviews images
iwade herons fc,90,4,5.93,,0,informational,https://www.juniorgrassrootshub.com/clubs/iwade-herons-united,organic related_searches google_reviews knowledge_graph images
kirkfield united,90,4,5.93,,0,navigational,https://www.juniorgrassrootshub.com/clubs/kirkfield-united,organic related_searches images
lee rangers fc,90,4,5.93,,0,informational,https://www.juniorgrassrootshub.com/clubs/lee-rangers-football-club,organic related_searches images
merley fc,90,6,5.93,,0,informational,https://www.juniorgrassrootshub.com/clubs/merley-fc,organic local_pack related_searches images
prestwich marauders,90,4,5.93,,0,informational,https://www.juniorgrassrootshub.com/clubs/prestwich-marauders,organic related_searches knowledge_graph google_reviews images
sjb juniors,90,4,5.93,1.6399999856948853,0.009999999776482582,informational,https://www.juniorgrassrootshub.com/tournaments/sjb-juniors-fc-summer-tournament-june-14-2026,organic people_also_ask images related_searches knowledge_graph google_reviews
thundersley rovers,90,4,5.93,,0,transactional,https://www.juniorgrassrootshub.com/clubs/thundersley-rovers-youth,organic people_also_ask related_searches knowledge_graph google_reviews third_party_reviews images
woodley wanderers,90,4,5.93,,0,transactional,https://www.juniorgrassrootshub.com/clubs/woodley-wanderers-and-youth-fc,organic related_searches google_reviews knowledge_graph images
wythenshawe celtic,90,4,5.93,,0,informational,https://www.juniorgrassrootshub.com/clubs/wythenshawe-celtic,organic people_also_ask related_searches knowledge_graph google_reviews third_party_reviews images
brooklands dragons,90,5,4.22,,0,informational,https://www.juniorgrassrootshub.com/clubs/brooklands-dragons-jfc,organic related_searches knowledge_graph google_reviews images
colchester youth and district league,90,5,4.22,,0,informational,https://www.juniorgrassrootshub.com/leagues/colchester-and-district-youth-league,organic related_searches
cold ash fc,90,5,4.22,,0,informational,https://www.juniorgrassrootshub.com/tournaments/cold-ash-boys-and-girls-fc-summer-tournament-2026-2026-06-27,organic related_searches images
cold ash football club,90,5,4.22,,0,informational,https://www.juniorgrassrootshub.com/tournaments/cold-ash-boys-and-girls-fc-summer-tournament-2026-2026-06-27,organic related_searches knowledge_graph google_reviews images
deiniolen football club,90,5,4.22,,0.009999999776482582,navigational,https://www.juniorgrassrootshub.com/clubs/deiniolen-junior-fc,organic related_searches knowledge_graph google_reviews images
dumfries football teams,90,7,4.22,,0,informational,https://www.juniorgrassrootshub.com/clubs/in/dumfries-and-galloway,ai_overview organic people_also_ask related_searches images
iwade herons football club,90,5,4.22,,0,informational,https://www.juniorgrassrootshub.com/clubs/iwade-herons-united,organic related_searches google_reviews knowledge_graph images
mid solent youth,90,5,4.22,,0,informational,https://www.juniorgrassrootshub.com/leagues/mid-solent-youth-football-league,organic related_searches
ramsey colts,90,5,4.22,,0,informational,https://www.juniorgrassrootshub.com/clubs/ramsey-colts-fd,organic people_also_ask related_searches knowledge_graph google_reviews images
swfu,90,5,4.22,,0,informational,https://www.juniorgrassrootshub.com/tournaments/swfu-tournament-2026-sponsored-by-cb-services-group-2026-06-06,organic related_searches knowledge_graph google_reviews third_party_reviews images
tewkesbury town colts,90,5,4.22,,0.009999999776482582,informational,https://www.juniorgrassrootshub.com/tournaments/tewkesbury-town-colts-tournament-june-14-2026,organic related_searches knowledge_graph google_reviews images
wyrley juniors fc,90,5,4.22,,0,informational,https://www.juniorgrassrootshub.com/tournaments/wyrley-juniors-fc-tournament-june-6-2026,organic people_also_ask related_searches knowledge_graph google_reviews third_party_reviews
afc hiltingbury,90,6,3.04,,0,navigational,https://www.juniorgrassrootshub.com/clubs/afc-hiltingbury,organic people_also_ask related_searches google_reviews knowledge_graph images
ambassador football league,90,6,3.04,,0.009999999776482582,informational,https://www.juniorgrassrootshub.com/leagues/ambassador-evesham-football-league,organic related_searches
baschurch juniors football club,90,6,3.04,,0,navigational,https://www.juniorgrassrootshub.com/clubs/baschurch-fc,organic related_searches google_reviews knowledge_graph images
bold miners,90,8,3.04,,0,informational,https://www.juniorgrassrootshub.com/clubs/bold-miners-fc,local_pack organic related_searches images
central lancs league,90,6,3.04,,0,informational,https://www.juniorgrassrootshub.com/leagues/central-lancashire-junior-football-league,organic related_searches
corby kingswood,90,6,3.04,,0,informational,https://www.juniorgrassrootshub.com/clubs/corby-kingswood,organic related_searches knowledge_graph google_reviews third_party_reviews images
craven minor jfl,90,6,3.04,,0,informational,https://www.juniorgrassrootshub.com/leagues/craven-minor-junior-football-league,organic related_searches
echo league u11,90,6,3.04,,0,informational,https://www.juniorgrassrootshub.com/leagues/echo-junior-league,organic people_also_ask related_searches
gosport falcons,90,6,3.04,,0,informational,https://www.juniorgrassrootshub.com/clubs/gosport-falcons,organic related_searches knowledge_graph google_reviews images
markethill swifts youth,90,6,3.04,,0,navigational,https://www.juniorgrassrootshub.com/clubs/markethill-swifts,organic related_searches images
mega strikers,90,6,3.04,,0,informational,https://www.juniorgrassrootshub.com/coaches/megastrikers,organic related_searches knowledge_graph google_reviews images
newquay afc youth,90,6,3.04,,0.019999999552965164,informational,https://www.juniorgrassrootshub.com/tournaments/newquay-afc-summer-youth-tournament-2026-2026-06-28,organic related_searches knowledge_graph google_reviews images
ocean sports therapy wallingford,90,6,3.04,6.460000038146973,0.07000000029802322,informational,https://www.juniorgrassrootshub.com/supporters/ocean-sports-therapy,organic people_also_ask related_searches knowledge_graph google_reviews
paisley johnstone and district 2010,90,7,3.04,,0,informational,https://www.juniorgrassrootshub.com/leagues/paisley-johnstone-and-district-youth-football-league,organic people_also_ask related_searches
pinner united,90,7,3.04,,0,navigational,https://www.juniorgrassrootshub.com/clubs/pinner-united-fc,organic people_also_ask related_searches knowledge_graph google_reviews images
port tennant colts,90,7,3.04,,0,navigational,https://www.juniorgrassrootshub.com/clubs/port-tennant-colts,organic ai_overview related_searches images
reeves rangers,90,6,3.04,,0,informational,https://www.juniorgrassrootshub.com/clubs/reeves-rangers-fc,organic people_also_ask related_searches knowledge_graph google_reviews images
reeves rangers fc,90,6,3.04,,0,informational,https://www.juniorgrassrootshub.com/clubs/reeves-rangers-fc,organic related_searches images
sheffield allstars jfc,90,6,3.04,0.6399999856948853,0.009999999776482582,informational,https://www.juniorgrassrootshub.com/clubs/sheffield-allstars,organic people_also_ask images related_searches knowledge_graph google_reviews
southbrook tournament 2026,90,7,3.04,,0,informational,https://www.juniorgrassrootshub.com/tournaments/southbrook-y-f-c-tournament-june-7-2026,organic ai_overview related_searches
the little coffee roastery,90,7,3.04,0.05999999865889549,0.03999999910593033,navigational,https://www.juniorgrassrootshub.com/supporters/the-little-coffee-roastery,organic people_also_ask related_searches knowledge_graph google_reviews images
warwickshire football clubs,90,12,3.04,,0,informational,https://www.juniorgrassrootshub.com/guides/finding-a-football-club-in-warwickshire,organic ai_overview find_results_on local_pack people_also_ask related_searches
whiteley wanderers,90,6,3.04,,0,informational,https://www.juniorgrassrootshub.com/clubs/whiteley-wanderers,organic related_searches
aintree villa fc,90,7,2.30,,0,informational,https://www.juniorgrassrootshub.com/clubs/aintree-villa,organic people_also_ask related_searches knowledge_graph google_reviews images
ambassador league football,90,7,2.30,,0.009999999776482582,informational,https://www.juniorgrassrootshub.com/leagues/ambassador-evesham-football-league,organic people_also_ask related_searches
avon youth,90,7,2.30,,0,navigational,https://www.juniorgrassrootshub.com/leagues/avon-youth-league,organic related_searches knowledge_graph google_reviews
carnbane league newry,90,7,2.30,,0,informational,https://www.juniorgrassrootshub.com/leagues/carnbane-youth-league,organic related_searches images
colchester youth district league,90,7,2.30,,0,informational,https://www.juniorgrassrootshub.com/leagues/colchester-and-district-youth-league,organic related_searches
crawley and maidenbower panthers,90,7,2.30,,0,informational,https://www.juniorgrassrootshub.com/tournaments/crawley-and-maidenbower-panthers-tournament-june-28-2026,organic related_searches knowledge_graph google_reviews images
cuckfield cosmos,90,7,2.30,,0,navigational,https://www.juniorgrassrootshub.com/clubs/cuckfield-cosmos,organic related_searches knowledge_graph google_reviews images
dm elite coaching,90,7,2.30,,0.009999999776482582,informational,https://www.juniorgrassrootshub.com/coaches/dm-elite-coaching,organic people_also_ask related_searches
doncaster united jfc,90,7,2.30,,0,navigational,https://www.juniorgrassrootshub.com/clubs/doncaster-united-jfc,organic related_searches knowledge_graph google_reviews images
eccleshall eagles,90,7,2.30,,0.009999999776482582,navigational,https://www.juniorgrassrootshub.com/tournaments/eccleshall-eagles-footy-fest-2026-2026-06-27,organic people_also_ask related_searches knowledge_graph google_reviews images
fae youth,90,8,2.30,,0.009999999776482582,informational,https://www.juniorgrassrootshub.com/tournaments/fae-youth-football-festival-2026-06-19,organic people_also_ask images related_searches knowledge_graph google_reviews
football clubs in cumbria,90,12,2.30,,0,informational,https://www.juniorgrassrootshub.com/cumbria-football,ai_overview organic local_pack people_also_ask related_searches
football teams in cumbria,90,9,2.30,,0,informational,https://www.juniorgrassrootshub.com/cumbria-football,ai_overview organic people_also_ask related_searches
great notley fc,90,7,2.30,,0.009999999776482582,informational,https://www.juniorgrassrootshub.com/tournaments/great-notley-fc-2026-2026-06-27,organic related_searches knowledge_graph google_reviews images
greatham fc,90,7,2.30,,0.009999999776482582,informational,https://www.juniorgrassrootshub.com/clubs/greatham-fc,organic related_searches knowledge_graph google_reviews images
greenwell star fc,90,7,2.30,,0,informational,https://www.juniorgrassrootshub.com/clubs/greenwell-star-youth-boys,organic related_searches
ise lodge fc,90,7,2.30,1.5,0.009999999776482582,navigational,https://www.juniorgrassrootshub.com/clubs/ise-lodge,organic related_searches images
isledon wolves,90,8,2.30,,0,informational,https://www.juniorgrassrootshub.com/clubs/isledon-wolves,organic images people_also_ask related_searches google_reviews knowledge_graph
johnstown fc,90,7,2.30,,0,navigational,https://www.juniorgrassrootshub.com/clubs/johnstown-fc,organic related_searches knowledge_graph google_reviews images
london county youth league,90,7,2.30,,0,informational,https://www.juniorgrassrootshub.com/leagues/london-county-saturday-youth-football-league,organic related_searches
mercian league u13,90,7,2.30,,0,informational,https://www.juniorgrassrootshub.com/leagues/mercian-fortis-junior-league,organic related_searches
milborne port football club,90,7,2.30,,0,navigational,https://www.juniorgrassrootshub.com/clubs/milborne-port-youth,organic related_searches images
monkton swifts football club,90,7,2.30,,0.009999999776482582,navigational,https://www.juniorgrassrootshub.com/clubs/monkton-swifts,organic related_searches knowledge_graph google_reviews images
motherwell academy,90,7,2.30,,0.009999999776482582,navigational,https://www.juniorgrassrootshub.com/academies/motherwell-fc-youth-academy,organic related_searches images
north staffs junior football league,90,7,2.30,,0,informational,https://www.juniorgrassrootshub.com/leagues/north-staffs-junior-youth-league,organic related_searches
paisley johnstone and district under 14,90,9,2.30,,0,commercial,https://www.juniorgrassrootshub.com/leagues/paisley-johnstone-and-district-youth-football-league,organic ai_overview related_searches
pudsey juniors,90,7,2.30,,0,informational,https://www.juniorgrassrootshub.com/tournaments/pudsey-juniors-fc-2026-gala-2026-06-27,organic people_also_ask related_searches knowledge_graph google_reviews third_party_reviews images
rother youth football league,90,7,2.30,,0,informational,https://www.juniorgrassrootshub.com/leagues/rother-youth-football-league,organic related_searches
rubery juniors,90,7,2.30,,0,informational,https://www.juniorgrassrootshub.com/noticeboard/rubery-juniors-forming-a-new-u11-team-for-26-27-year-6-from-september-unregister,organic related_searches knowledge_graph google_reviews images
whitnash town fc,90,9,2.30,,0,informational,https://www.juniorgrassrootshub.com/clubs/whitnash-town,organic ai_overview people_also_ask related_searches images
amesbury junior fc,90,8,1.77,,0.009999999776482582,informational,https://www.juniorgrassrootshub.com/clubs/amesbury-junior-fc,organic people_also_ask related_searches knowledge_graph google_reviews images
arsenal women's academy,90,10,1.77,,0,informational,https://www.juniorgrassrootshub.com/academies/arsenal-women-s-academy,organic ai_overview people_also_ask related_searches images
ballymacash rangers youth,90,9,1.77,,0,informational,https://www.juniorgrassrootshub.com/tournaments/ballymacash-rangers-2016-grassroots-cup-2026-06-06,organic people_also_ask related_searches images
bath arsenal football club,90,9,1.77,1.2599999904632568,0,informational,https://www.juniorgrassrootshub.com/clubs/bath-arsenal,organic people_also_ask related_searches
berg youth fc,90,9,1.77,,0.009999999776482582,navigational,https://www.juniorgrassrootshub.com/clubs/berg-youth,organic related_searches google_reviews knowledge_graph third_party_reviews images
blackpool district football league,90,8,1.77,,0,informational,https://www.juniorgrassrootshub.com/leagues/blackpool-and-district-youth-league,organic people_also_ask related_searches
bysl league,90,8,1.77,,0,informational,https://www.juniorgrassrootshub.com/leagues/bedfordshire-youth-saturday-league,organic related_searches
caledon rovers,90,9,1.77,,0,informational,https://www.juniorgrassrootshub.com/clubs/caledon-rovers,organic people_also_ask related_searches knowledge_graph google_reviews images
cambridgeshire football clubs,90,13,1.77,,0.03999999910593033,informational,https://www.juniorgrassrootshub.com/clubs/in/cambridgeshire,organic find_results_on local_pack people_also_ask images related_searches
clinical training fc,90,8,1.77,,0.019999999552965164,informational,https://www.juniorgrassrootshub.com/clubs/clinical-training-fc,organic people_also_ask related_searches knowledge_graph google_reviews images
corby hellenic,90,9,1.77,,0,informational,https://www.juniorgrassrootshub.com/clubs/corby-hellenic-fisher-youth-fc,organic related_searches knowledge_graph google_reviews
cumbria football teams,90,10,1.77,,0,informational,https://www.juniorgrassrootshub.com/cumbria-football,ai_overview organic people_also_ask related_searches images
field of dreams whittlesey,90,10,1.77,,0.009999999776482582,navigational,https://www.juniorgrassrootshub.com/tournaments/field-of-dreams-summer-cup-june-21-2026,ai_overview organic video related_searches images
football clubs in gloucestershire,90,14,1.77,,0,informational,https://www.juniorgrassrootshub.com/guides/finding-a-football-club-in-gloucestershire,ai_overview organic find_results_on local_pack people_also_ask related_searches images
football clubs in warwickshire,90,13,1.77,,0,informational,https://www.juniorgrassrootshub.com/guides/finding-a-football-club-in-warwickshire,organic find_results_on local_pack people_also_ask related_searches images
football teams in warwickshire,90,10,1.77,,0,informational,https://www.juniorgrassrootshub.com/guides/finding-a-football-club-in-warwickshire,ai_overview organic people_also_ask related_searches
foxhall fc blackpool,90,9,1.77,,0.03999999910593033,informational,https://www.juniorgrassrootshub.com/clubs/foxhall,organic people_also_ask related_searches knowledge_graph google_reviews images
great notley football club,90,9,1.77,,0.009999999776482582,informational,https://www.juniorgrassrootshub.com/tournaments/great-notley-fc-2026-2026-06-27,organic people_also_ask images related_searches knowledge_graph google_reviews
great park fc,90,8,1.77,,0.009999999776482582,informational,https://www.juniorgrassrootshub.com/clubs/great-park-juniors,organic related_searches images
heaton stannington juniors,90,11,1.77,,0,informational,https://www.juniorgrassrootshub.com/clubs/heaton-stannington-juniors,organic local_pack related_searches images
leicestershire junior football league,90,8,1.77,,0,informational,https://www.juniorgrassrootshub.com/leicestershire-football,organic related_searches
linwood rangers,90,10,1.77,,0,informational,https://www.juniorgrassrootshub.com/clubs/linwood-rangers-yc,organic ai_overview related_searches images
ljr coaching,90,8,1.77,,0,commercial,https://www.juniorgrassrootshub.com/coaches/ljr-coaching,organic people_also_ask google_reviews knowledge_graph third_party_reviews images
cat 4 academies,70,3,11.34,,0,informational,https://www.juniorgrassrootshub.com/academies/category-4,ai_overview organic images related_searches
cat 4 academy,70,2,11.34,,0,informational,https://www.juniorgrassrootshub.com/academies/category-4,organic images related_searches
category 1 academies list,70,3,11.34,,0,navigational,https://www.juniorgrassrootshub.com/academies/category-1,ai_overview organic people_also_ask images related_searches
category 1 academy list,70,3,11.34,,0,navigational,https://www.juniorgrassrootshub.com/academies/category-1,ai_overview organic people_also_ask images related_searches
category 4 academy,70,3,11.34,,0,informational,https://www.juniorgrassrootshub.com/academies/category-4,ai_overview organic related_searches images
comprehensive football centre,70,2,11.34,,0,informational,https://www.juniorgrassrootshub.com/clubs/comprehensive-football-centre,organic people_also_ask related_searches knowledge_graph google_reviews images
hundleton football club,70,4,11.34,,0,navigational,https://www.juniorgrassrootshub.com/tournaments/hundleton-afc-charity-football-festival-2026-2026-06-20,organic images ai_overview related_searches
list of category 1 academies,70,3,11.34,,0,navigational,https://www.juniorgrassrootshub.com/academies/category-1,ai_overview organic people_also_ask related_searches
afc willenhall,70,3,6.81,,0,navigational,https://www.juniorgrassrootshub.com/clubs/afc-willenhall,organic related_searches images
bkyl,70,3,6.81,,0,informational,https://www.juniorgrassrootshub.com/clubs/nfc-kesh-u14-bkyl/claim,organic related_searches
eglinton eagles,70,3,6.81,,0,informational,https://www.juniorgrassrootshub.com/clubs/eglinton-eagles,organic images related_searches
flackwell heath minors,70,3,6.81,,0,navigational,https://www.juniorgrassrootshub.com/tournaments/flackwell-heath-fc-minors-festival-of-football-2026-2026-05-30,organic related_searches knowledge_graph google_reviews images
grassroots football tournaments,70,3,6.81,0.7900000214576721,0.03999999910593033,informational,https://www.juniorgrassrootshub.com/tournaments,organic related_searches images
paisley football league,70,3,6.81,,0,informational,https://www.juniorgrassrootshub.com/leagues/paisley-johnstone-and-district-youth-football-league,organic related_searches
ribbleton football club,70,4,6.81,,0,navigational,https://www.juniorgrassrootshub.com/clubs/ribbleton,organic ai_overview people_also_ask related_searches images
rustington otters,70,4,6.81,,0,informational,https://www.juniorgrassrootshub.com/clubs/rustington-otters,organic ai_overview images related_searches
walbottle football club,70,4,6.81,,0,navigational,https://www.juniorgrassrootshub.com/tournaments/walbottle-fc-football-tournament-low-level-weekend-2026,ai_overview organic related_searches knowledge_graph google_reviews images
bexley borough fc,70,5,4.61,,0,informational,https://www.juniorgrassrootshub.com/clubs/bexley-borough-fc,organic ai_overview related_searches images
bure valley fc,70,6,4.61,,0,informational,https://www.juniorgrassrootshub.com/clubs/bure-valley-fc,knowledge_graph google_reviews organic related_searches images
cupar colts,70,4,4.61,,0,informational,https://www.juniorgrassrootshub.com/clubs/cupar-colts,organic related_searches images
peters village fc,70,4,4.61,,0,navigational,https://www.juniorgrassrootshub.com/clubs/peters-village-fc,organic related_searches images
proco football,70,4,4.61,,0.019999999552965164,informational,https://www.juniorgrassrootshub.com/tournaments/proco-summer-tournament-2026-2026-06-27,organic images people_also_ask related_searches knowledge_graph google_reviews third_party_reviews
proco football club,70,4,4.61,,0.009999999776482582,navigational,https://www.juniorgrassrootshub.com/tournaments/proco-summer-tournament-2026-2026-06-27,organic people_also_ask related_searches knowledge_graph google_reviews third_party_reviews images
romford colts,70,4,4.61,,0,informational,https://www.juniorgrassrootshub.com/clubs/romford-colts,organic people_also_ask related_searches knowledge_graph google_reviews images
thames valley development league,70,4,4.61,,0,informational,https://www.juniorgrassrootshub.com/leagues/thames-valley-football-development-league,organic related_searches
waltham wolves,70,4,4.61,,0,informational,https://www.juniorgrassrootshub.com/clubs/waltham-wolves-fc,organic related_searches knowledge_graph google_reviews images
ballymena youth academy,70,5,3.28,,0,navigational,https://www.juniorgrassrootshub.com/coaches/ballymena-united-youth-academy,organic related_searches knowledge_graph google_reviews third_party_reviews images
bangor young men,70,5,3.28,,0,informational,https://www.juniorgrassrootshub.com/clubs/bangor-young-men,organic related_searches knowledge_graph google_reviews images
bleak hill rovers,70,5,3.28,,0,informational,https://www.juniorgrassrootshub.com/clubs/bleak-hill-rovers,organic related_searches google_reviews knowledge_graph images
burley trojans fc,70,5,3.28,,0,informational,https://www.juniorgrassrootshub.com/clubs/burley-trojans,organic video related_searches images
ccc football club,70,5,3.28,,0,informational,https://www.juniorgrassrootshub.com/clubs/c-c-c,organic related_searches images
dungannon swifts academy,70,6,3.28,,0,navigational,https://www.juniorgrassrootshub.com/coaches/dungannon-swifts-fc-academy,organic video related_searches images
football clubs in north yorkshire,70,10,3.28,,0,informational,https://www.juniorgrassrootshub.com/clubs/in/north-yorkshire,organic ai_overview find_results_on local_pack related_searches images
great barr harriers,70,5,3.28,,0,informational,https://www.juniorgrassrootshub.com/clubs/great-barr-harriers,organic related_searches images
learn play achieve academy,70,7,3.28,,0.029999999329447746,navigational,https://www.juniorgrassrootshub.com/coaches/lpa-sussex-academy-learn-play-achieve,organic people_also_ask video related_searches knowledge_graph google_reviews images
leicestershire floodlit league,70,5,3.28,,0,informational,https://www.juniorgrassrootshub.com/leagues/leicestershire-midweek-floodlit-youth-league,organic related_searches
middlefield wasps,70,5,3.28,,0,informational,https://www.juniorgrassrootshub.com/clubs/middlefield-wasps-sc,organic related_searches images
north ayrshire youth football league,70,5,3.28,,0,informational,https://www.juniorgrassrootshub.com/leagues/in/north-ayrshire,organic related_searches
orleton junior football club,70,6,3.28,,0,navigational,https://www.juniorgrassrootshub.com/clubs/orleton,ai_overview organic related_searches knowledge_graph google_reviews images
paisley and johnstone 2012,70,5,3.28,,0,informational,https://www.juniorgrassrootshub.com/leagues/paisley-johnstone-and-district-youth-football-league,organic related_searches
paisley johnstone and district 2012,70,5,3.28,,0,informational,https://www.juniorgrassrootshub.com/leagues/paisley-johnstone-and-district-youth-football-league,organic related_searches
paisley johnstone and district 2013,70,5,3.28,,0,informational,https://www.juniorgrassrootshub.com/leagues/paisley-johnstone-and-district-youth-football-league,organic related_searches images
pine villa fc,70,5,3.28,,0,navigational,https://www.juniorgrassrootshub.com/tournaments/pine-villa-fc-summer-tournament-2026,organic perspectives related_searches knowledge_graph images
salford district football league,70,5,3.28,,0,informational,https://www.juniorgrassrootshub.com/leagues/salford-and-districts-football-league,organic related_searches google_reviews knowledge_graph
skegness imps,70,5,3.28,,0,navigational,https://www.juniorgrassrootshub.com/clubs/skegness-imps-football-club,organic related_searches knowledge_graph google_reviews images
westerton fc,70,5,3.28,,0,navigational,https://www.juniorgrassrootshub.com/clubs/westerton-united,organic video related_searches images
abbots youth fc,70,6,2.37,,0.009999999776482582,informational,https://www.juniorgrassrootshub.com/clubs/abbots-youth-fc,organic related_searches google_reviews knowledge_graph images
andover football training centre,70,6,2.37,,0,navigational,https://www.juniorgrassrootshub.com/clubs/andover-football-training-centre,organic video related_searches knowledge_graph google_reviews images
ase jnr tigers,70,7,2.37,,0.009999999776482582,informational,https://www.juniorgrassrootshub.com/clubs/ase-jnr-tigers,organic video related_searches knowledge_graph google_reviews third_party_reviews images
association of fife youth football clubs,70,6,2.37,,0,informational,https://www.juniorgrassrootshub.com/fife-football,organic related_searches
bold miners fc,70,6,2.37,,0,informational,https://www.juniorgrassrootshub.com/clubs/bold-miners-fc,organic related_searches knowledge_graph google_reviews images
bransty rangers football club,70,6,2.37,,0,informational,https://www.juniorgrassrootshub.com/clubs/bransty-rangers,organic related_searches knowledge_graph google_reviews third_party_reviews images
cat 2 academies list,70,8,2.37,,0,informational,https://www.juniorgrassrootshub.com/academies/category-2,organic ai_overview images related_searches
cat 2 football academies,70,8,2.37,,0,informational,https://www.juniorgrassrootshub.com/academies/category-2,ai_overview organic images related_searches
chiltern church junior league,70,6,2.37,,0,informational,https://www.juniorgrassrootshub.com/leagues/chiltern-church-junior-league,organic related_searches
coven united,70,6,2.37,,0,informational,https://www.juniorgrassrootshub.com/clubs/coven-united,organic related_searches images
crosby stuart,70,6,2.37,,0,informational,https://www.juniorgrassrootshub.com/clubs/crosby-stuart-crosby-stuart-u13jfc-cmc,organic images related_searches knowledge_graph google_reviews
darlington 21st allstars,70,6,2.37,,0.019999999552965164,informational,https://www.juniorgrassrootshub.com/clubs/darlington-21st-allstars,organic related_searches google_reviews knowledge_graph
fa mercian league,70,6,2.37,,0,informational,https://www.juniorgrassrootshub.com/leagues/mercian-fortis-junior-league,organic related_searches
gold and gray soccer academy,70,6,2.37,,0,informational,https://www.juniorgrassrootshub.com/coaches/gold-and-gray-soccer-academy,organic related_searches google_reviews knowledge_graph third_party_reviews images
grendon rangers,70,7,2.37,,0,informational,https://www.juniorgrassrootshub.com/clubs/grendon-rangers,organic ai_overview related_searches images
grove challengers,70,6,2.37,,0,informational,https://www.juniorgrassrootshub.com/clubs/grove-challengers/claim,organic related_searches knowledge_graph google_reviews images
halewood jfl,70,6,2.37,,0,navigational,https://www.juniorgrassrootshub.com/leagues/merseyside-and-halewood-jfl,organic related_searches
haverhill to norwich,70,7,2.37,0.7799999713897705,0.009999999776482582,informational,https://www.juniorgrassrootshub.com/tournaments/norwich-city-summer-series-haverhill-suffolk-26-2026-06-27,people_also_ask organic
heathwaite fc,70,7,2.37,,0,navigational,https://www.juniorgrassrootshub.com/clubs/heathwaite,organic ai_overview related_searches images
holmes chapel hurricanes,70,6,2.37,,0,informational,https://www.juniorgrassrootshub.com/clubs/holmes-chapel-hurricanes,organic related_searches images
mayow park rangers,70,6,2.37,,0,informational,https://www.juniorgrassrootshub.com/clubs/mayow-park-rangers-fc,organic people_also_ask related_searches google_reviews knowledge_graph third_party_reviews images
merseyside halewood jfl,70,6,2.37,,0,navigational,https://www.juniorgrassrootshub.com/leagues/merseyside-and-halewood-jfl,organic related_searches
party time grimsby,70,6,2.37,,0,informational,https://www.juniorgrassrootshub.com/supporters/party-time-grimsby,organic people_also_ask related_searches knowledge_graph google_reviews third_party_reviews
penrith and district junior football league,70,6,2.37,,0,informational,https://www.juniorgrassrootshub.com/leagues/penrith-and-district-junior-football-league,organic people_also_ask related_searches
smarden football club,70,6,2.37,,0.029999999329447746,navigational,https://www.juniorgrassrootshub.com/clubs/smarden-first,organic related_searches google_reviews knowledge_graph images
southbrook yfc,70,6,2.37,,0.009999999776482582,informational,https://www.juniorgrassrootshub.com/tournaments/southbrook-y-f-c-tournament-june-7-2026,organic related_searches google_reviews knowledge_graph third_party_reviews images
syl football club,70,8,2.37,,0,navigational,https://www.juniorgrassrootshub.com/clubs/syl,organic ai_overview people_also_ask video related_searches images
tamworth junior football league 25 26,70,7,2.37,,0,informational,https://www.juniorgrassrootshub.com/leagues/tamworth-junior-football-league,organic ai_overview related_searches
tamworth junior football league 25/26,70,7,2.37,,0,informational,https://www.juniorgrassrootshub.com/leagues/tamworth-junior-football-league,organic ai_overview related_searches
timperley villa,70,6,2.37,,0,navigational,https://www.juniorgrassrootshub.com/clubs/timperley-villa,organic people_also_ask related_searches images
westerton football club,70,7,2.37,,0,navigational,https://www.juniorgrassrootshub.com/clubs/westerton-united,organic video related_searches images
wickham market youth football club,70,6,2.37,,0,navigational,https://www.juniorgrassrootshub.com/clubs/wickham-market-youth-f-c,organic related_searches knowledge_graph google_reviews
6occer,70,9,1.79,,0,informational,https://www.juniorgrassrootshub.com/coaches/6occer-academy,knowledge_graph google_reviews organic related_searches third_party_reviews images
aston park rangers,70,8,1.79,,0,informational,https://www.juniorgrassrootshub.com/clubs/aston-park-rangers,organic twitter related_searches images
britwell fc,70,7,1.79,,0,navigational,https://www.juniorgrassrootshub.com/clubs/britwell-men,organic related_searches images
ccc fc,70,7,1.79,,0,informational,https://www.juniorgrassrootshub.com/tournaments/ccc-fc-festival-of-football-may-9-2026,organic related_searches images
cliffe woods colts,70,7,1.79,,0,informational,https://www.juniorgrassrootshub.com/clubs/cliffe-woods-colts,organic knowledge_graph google_reviews images
darlington young bulls,70,7,1.79,,0,informational,https://www.juniorgrassrootshub.com/clubs/darlington-young-bulls-2,organic related_searches images
dunfermline youth academy,70,7,1.79,,0,navigational,https://www.juniorgrassrootshub.com/academies/dunfermline-athletic-youth-academy,organic related_searches images
east cornwall youth league,70,7,1.79,,0,informational,https://www.juniorgrassrootshub.com/leagues/east-cornwall-youth-league,organic related_searches
evesham football league,70,8,1.79,,0,informational,https://www.juniorgrassrootshub.com/leagues/ambassador-evesham-football-league,carousel organic related_searches knowledge_graph
fb football club,70,8,1.79,,0,navigational,https://www.juniorgrassrootshub.com/clubs/fb-fc,ai_overview organic related_searches images
football teams in north yorkshire,70,8,1.79,,0,informational,https://www.juniorgrassrootshub.com/guides/finding-a-football-club-in-north-yorkshire,featured_snippet organic related_searches
gatwick warriors fc,70,7,1.79,,0.009999999776482582,informational,https://www.juniorgrassrootshub.com/clubs/gatwick-warriors,organic related_searches knowledge_graph google_reviews third_party_reviews
harrow u14 league,70,7,1.79,,0,informational,https://www.juniorgrassrootshub.com/leagues/harrow-youth-football-league,organic related_searches
heathwaite football club,70,8,1.79,,0,navigational,https://www.juniorgrassrootshub.com/clubs/heathwaite,organic ai_overview related_searches images
hillfield football club,70,7,1.79,,0.009999999776482582,informational,https://www.juniorgrassrootshub.com/clubs/hillfield-a-f-c,organic related_searches knowledge_graph google_reviews third_party_reviews images
holmfirth town fc,70,7,1.79,,0,navigational,https://www.juniorgrassrootshub.com/clubs/holmfirth-town,organic related_searches images
lancing rangers,70,7,1.79,,0,informational,https://www.juniorgrassrootshub.com/clubs/lancing-rangers,organic related_searches knowledge_graph google_reviews images
leicester junior league,70,7,1.79,,0,informational,https://www.juniorgrassrootshub.com/leicestershire-football,organic related_searches
little thurrock dynamos,70,8,1.79,,0,transactional,https://www.juniorgrassrootshub.com/clubs/little-thurrock-dynamos,organic discussions_and_forums related_searches images
locks heath lions football club,70,7,1.79,,0.03999999910593033,navigational,https://www.juniorgrassrootshub.com/clubs/locks-heath-lions,organic related_searches knowledge_graph google_reviews images
london soccer stars,70,7,1.79,,0.019999999552965164,informational,https://www.juniorgrassrootshub.com/clubs/london-soccer-stars,organic related_searches knowledge_graph google_reviews images
magna 73 fc,70,7,1.79,,0,informational,https://www.juniorgrassrootshub.com/clubs/magna-73-fc,organic related_searches images
marldon football club,70,7,1.79,,0.019999999552965164,informational,https://www.juniorgrassrootshub.com/clubs/marldon-youth,organic related_searches knowledge_graph google_reviews third_party_reviews images
merseyside and halewood jfl league,70,8,1.79,,0,informational,https://www.juniorgrassrootshub.com/leagues/merseyside-and-halewood-jfl,organic ai_overview related_searches
ms lions,70,7,1.79,,0,informational,https://www.juniorgrassrootshub.com/tournaments/ms-lions-summer-cup-may-31-2026,organic related_searches images
north manchester junior football league,70,7,1.79,,0.019999999552965164,informational,https://www.juniorgrassrootshub.com/leagues/north-manchester-girls-football-league,organic related_searches
ocean sports therapy,70,10,1.79,,0.05000000074505806,informational,https://www.juniorgrassrootshub.com/supporters/ocean-sports-therapy,organic local_pack people_also_ask related_searches
ocean sports therapy wokingham,70,7,1.79,,0.029999999329447746,navigational,https://www.juniorgrassrootshub.com/supporters/ocean-sports-therapy,organic related_searches knowledge_graph google_reviews
paisley and johnstone 2009,70,7,1.79,,0,informational,https://www.juniorgrassrootshub.com/leagues/paisley-johnstone-and-district-youth-football-league,organic related_searches
paisley and johnstone 2010,70,7,1.79,,0,informational,https://www.juniorgrassrootshub.com/leagues/paisley-johnstone-and-district-youth-football-league,organic related_searches
pro link football academy,70,8,1.79,,0.05999999865889549,navigational,https://www.juniorgrassrootshub.com/coaches/pro-link-football-academy,organic people_also_ask related_searches knowledge_graph google_reviews third_party_reviews
prolific fc,70,8,1.79,,0,informational,https://www.juniorgrassrootshub.com/clubs/prolific-fc,organic ai_overview people_also_ask related_searches images
ribbleton fc,70,8,1.79,,0,navigational,https://www.juniorgrassrootshub.com/clubs/ribbleton,organic ai_overview people_also_ask related_searches images
romford colts fc,70,9,1.79,,0.009999999776482582,informational,https://www.juniorgrassrootshub.com/clubs/romford-colts,organic local_pack people_also_ask related_searches images
rye bay football club,70,9,1.79,,0,informational,https://www.juniorgrassrootshub.com/clubs/rye-bay,organic ai_overview related_searches images
saywell football league,70,7,1.79,,0,informational,https://www.juniorgrassrootshub.com/tournaments/saywell-international-youth-football-tournament-may-17-2026,organic related_searches
south east essex primary mini soccer league,70,7,1.79,,0,informational,https://www.juniorgrassrootshub.com/leagues/south-east-essex-primary-mini-soccer-league,organic related_searches images
sparta fc telford,70,7,1.79,,0,informational,https://www.juniorgrassrootshub.com/tournaments/sparta-fc-summer-tournament-2026-2026-07-04,organic related_searches google_reviews knowledge_graph images
stoke hill fc,70,8,1.79,,0,navigational,https://www.juniorgrassrootshub.com/clubs/stoke-hill,organic people_also_ask related_searches google_reviews knowledge_graph images
stone cross royals,70,8,1.79,,0,informational,https://www.juniorgrassrootshub.com/tournaments/stone-cross-royals-summer-football-tournament-2026-2026-07-04,organic people_also_ask related_searches images
teesside junior football league,70,7,1.79,,0,informational,https://www.juniorgrassrootshub.com/leagues/teesside-junior-football-alliance-league,organic related_searches knowledge_graph google_reviews third_party_reviews
thurnby rangers,70,7,1.79,,0,informational,https://www.juniorgrassrootshub.com/clubs/thurnby-rangers-fc,organic people_also_ask related_searches knowledge_graph google_reviews images
what does jpl stand for in football,70,9,1.79,,0,informational,https://www.juniorgrassrootshub.com/news/what-is-the-junior-premier-league-jpl,ai_overview people_also_ask organic related_searches
wheldrake junior football club,70,7,1.79,,0.009999999776482582,navigational,https://www.juniorgrassrootshub.com/clubs/wheldrake-juniors,organic related_searches knowledge_graph google_reviews images
whittle hall junior football club,70,7,1.79,,0.029999999329447746,navigational,https://www.juniorgrassrootshub.com/clubs/whittle-hall,organic people_also_ask related_searches knowledge_graph google_reviews images
addiscombe all stars,70,8,1.38,,0,informational,https://www.juniorgrassrootshub.com/clubs/addiscombe-all-stars,organic related_searches images
appleton football club,70,9,1.38,,0,navigational,https://www.juniorgrassrootshub.com/clubs/appleton-afc,organic related_searches
borehamwood 2000,70,9,1.38,,0,informational,https://www.juniorgrassrootshub.com/clubs/borehamwood-2000,organic related_searches knowledge_graph google_reviews images
brislington juniors,70,10,1.38,,0,informational,https://www.juniorgrassrootshub.com/tournaments/brislington-juniors-summer-tournament-june-14-2026,organic people_also_ask related_searches knowledge_graph google_reviews images
bristol sunday youth league,70,8,1.38,,0,informational,https://www.juniorgrassrootshub.com/bristol-football,organic related_searches
chase side youth fc,70,12,1.38,,0.03999999910593033,navigational,https://www.juniorgrassrootshub.com/clubs/chase-side-youth,organic local_pack related_searches images
city of southampton league,70,9,1.38,,0,informational,https://www.juniorgrassrootshub.com/leagues/city-of-southampton-youth-football-league,organic ai_overview related_searches
club academy scotland league tables,70,9,1.38,,0,informational,https://www.juniorgrassrootshub.com/academies/scottish-elite,organic ai_overview related_searches images
coppull united,70,9,1.38,,0,navigational,https://www.juniorgrassrootshub.com/clubs/coppull-united,organic related_searches knowledge_graph google_reviews images
craig's coaching,70,9,1.38,,0,navigational,https://www.juniorgrassrootshub.com/coaches/craig-s-coaching,organic related_searches google_reviews knowledge_graph images
craven league football juniors,70,8,1.38,,0,informational,https://www.juniorgrassrootshub.com/leagues/craven-aire-and-wharfe-junior-league,organic related_searches
cregagh wanderers,70,8,1.38,,0,navigational,https://www.juniorgrassrootshub.com/clubs/cregagh-wanderers-fc,organic related_searches images
djr coaching,70,8,1.38,,0.009999999776482582,informational,https://www.juniorgrassrootshub.com/coaches/djr-coaching,organic short_videos related_searches google_reviews knowledge_graph images
doncaster and district junior sunday league fixtures,70,8,1.38,,0,informational,https://www.juniorgrassrootshub.com/leagues/doncaster-and-district-youth-football-league,organic related_searches
dumbarton united,70,8,1.38,,0,navigational,https://www.juniorgrassrootshub.com/clubs/dumbarton-united,organic related_searches knowledge_graph google_reviews images
east manchester junior football league table,70,9,1.38,,0,informational,https://www.juniorgrassrootshub.com/leagues/east-manchester-junior-football-league,organic ai_overview related_searches
evesham league,70,9,1.38,,0,informational,https://www.juniorgrassrootshub.com/leagues/ambassador-evesham-football-league,organic people_also_ask related_searches
fife u16 league,70,8,1.38,,0,informational,https://www.juniorgrassrootshub.com/leagues/fife-football-development-league,organic related_searches
fishersgate flyers,70,9,1.38,,0,navigational,https://www.juniorgrassrootshub.com/clubs/fishersgate-flyers-youth,organic related_searches images
gpr football,70,9,1.38,,0,informational,https://www.juniorgrassrootshub.com/tournaments/gpr-summer-tournament-2026-2026-06-13,ai_overview organic related_searches images
hastings athletic football club,70,8,1.38,,0,navigational,https://www.juniorgrassrootshub.com/clubs/hastings-athletic,organic related_searches google_reviews knowledge_graph images
highbury wolves,70,9,1.38,,0.009999999776482582,informational,https://www.juniorgrassrootshub.com/clubs/highbury-wolves,organic related_searches images
hockley heath fc,70,8,1.38,,0.019999999552965164,informational,https://www.juniorgrassrootshub.com/clubs/hockley-heath,organic related_searches knowledge_graph google_reviews images
jcr football coaching,70,11,1.38,,0,informational,https://www.juniorgrassrootshub.com/coaches/jcr-football-coaching,organic video people_also_ask related_searches knowledge_graph google_reviews images
kidderminster athletic,70,8,1.38,,0,navigational,https://www.juniorgrassrootshub.com/clubs/kidderminster-athletic,organic related_searches knowledge_graph google_reviews images
lavant fc,70,10,1.38,,0,navigational,https://www.juniorgrassrootshub.com/clubs/lavant,organic twitter related_searches images
lavant football club,70,10,1.38,,0,navigational,https://www.juniorgrassrootshub.com/clubs/lavant,organic twitter related_searches images
leicestershire womens league,70,8,1.38,,0,informational,https://www.juniorgrassrootshub.com/leagues/leicestershire-womens-and-girls-football-league,organic related_searches images
lichfield and district recreational league,70,8,1.38,,0,navigational,https://www.juniorgrassrootshub.com/leagues/lichfield-and-district-recreational-league,organic related_searches
junior grassroots football,50,3,8.10,,0.009999999776482582,informational,https://www.juniorgrassrootshub.com/,organic ai_overview related_searches
veo discount code,50,3,8.10,1.899999976158142,0.1599999964237213,commercial,https://www.juniorgrassrootshub.com/news/veo-cam-discount,ai_overview organic people_also_ask related_searches
woodspring football league,50,2,8.10,,0,informational,https://www.juniorgrassrootshub.com/leagues/woodspring-junior-league,organic related_searches
woodspring youth league,50,2,8.10,,0,informational,https://www.juniorgrassrootshub.com/leagues/woodspring-junior-league,organic related_searches
junior football tournaments near me,50,4,4.86,0.8600000143051147,0.07999999821186066,informational,https://www.juniorgrassrootshub.com/tournaments,ai_overview organic related_searches
kings heath concorde,50,3,4.86,,0,navigational,https://www.juniorgrassrootshub.com/clubs/kings-heath-concorde-juniors,organic related_searches images
wallasey sunday league junior,50,3,4.86,,0.009999999776482582,informational,https://www.juniorgrassrootshub.com/leagues/wallasey-junior-league,organic related_searches
carterton football tournament,50,4,3.30,,,informational,https://www.juniorgrassrootshub.com/tournaments/carterton-town-football-club-summer-tournament-2026-2026-06-13,organic related_searches
category 2 academies list,50,5,3.30,,0,navigational,https://www.juniorgrassrootshub.com/academies/category-2,organic ai_overview related_searches
category 2 academy list,50,5,3.30,,0,informational,https://www.juniorgrassrootshub.com/academies/category-2,ai_overview organic related_searches images
pinnstars fc,50,4,3.30,,0,informational,https://www.juniorgrassrootshub.com/clubs/pinnstars-fc,organic related_searches knowledge_graph google_reviews images
santos panthers northampton,50,6,3.30,,0,informational,https://www.juniorgrassrootshub.com/clubs/santos-panthers,ai_overview organic images related_searches
belfast swifts,50,5,2.35,,0,informational,https://www.juniorgrassrootshub.com/clubs/belfast-swifts,organic video related_searches images
furzedown lions,50,5,2.35,,0,informational,https://www.juniorgrassrootshub.com/clubs/furzedown-lions,organic related_searches images
kenilworth sporting juniors,50,5,2.35,,0.03999999910593033,navigational,https://www.juniorgrassrootshub.com/clubs/kenilworth-sporting-juniors,organic related_searches google_reviews knowledge_graph third_party_reviews
leighton corinthians,50,5,2.35,,0,informational,https://www.juniorgrassrootshub.com/clubs/leighton-corinthians,organic related_searches knowledge_graph google_reviews third_party_reviews images
mid somerset rtc,50,6,2.35,,0,navigational,https://www.juniorgrassrootshub.com/clubs/mid-somerset-rtc,organic ai_overview video related_searches images
milton nomads,50,5,2.35,,0,navigational,https://www.juniorgrassrootshub.com/clubs/milton-nomads,organic related_searches knowledge_graph google_reviews images
outwoods football club,50,5,2.35,,0,navigational,https://www.juniorgrassrootshub.com/clubs/outwoods-fc,organic short_videos related_searches images
ryde saints f c isle of wight,50,6,2.35,,0,informational,https://www.juniorgrassrootshub.com/clubs/ryde-saints,organic ai_overview related_searches
ryde saints fc isle of wight,50,6,2.35,,0,informational,https://www.juniorgrassrootshub.com/clubs/ryde-saints,organic ai_overview related_searches images
sandall beat jfc,50,5,2.35,,0,informational,https://www.juniorgrassrootshub.com/clubs/sandall-beat-jfc,organic related_searches images
saywell international youth football league,50,5,2.35,,0,informational,https://www.juniorgrassrootshub.com/tournaments/saywell-international-youth-football-tournament-may-17-2026,organic related_searches
scole fc,50,5,2.35,,0,navigational,https://www.juniorgrassrootshub.com/clubs/scole,organic related_searches knowledge_graph google_reviews third_party_reviews images
sedlescombe rangers,50,5,2.35,,0.009999999776482582,informational,https://www.juniorgrassrootshub.com/clubs/sedlescombe-rangers,organic people_also_ask related_searches knowledge_graph google_reviews third_party_reviews images
shawside fc,50,7,2.35,,0,navigational,https://www.juniorgrassrootshub.com/clubs/shawside-juniors-football-club,knowledge_graph google_reviews organic people_also_ask related_searches
surrey nomads football,50,5,2.35,,0.019999999552965164,informational,https://www.juniorgrassrootshub.com/clubs/surrey-nomads,organic related_searches images
tamworth junior football league fixtures,50,6,2.35,,0,informational,https://www.juniorgrassrootshub.com/leagues/tamworth-junior-football-league,organic ai_overview related_searches
watford youth fc,50,5,2.35,1.6600000858306885,0.07999999821186066,informational,https://www.juniorgrassrootshub.com/academies/watford-youth-academy,organic related_searches images
westbury youth tournament,50,5,2.35,,0,informational,https://www.juniorgrassrootshub.com/tournaments/westbury-youth-fc-tournament-june-28-2026,organic related_searches
blackburn eagles tournament,50,6,1.69,,0,informational,https://www.juniorgrassrootshub.com/tournaments/blackburn-eagles-tournament-2026-boys-30-31-may-2026,organic people_also_ask related_searches
creative sports coaching,50,7,1.69,,0.009999999776482582,commercial,https://www.juniorgrassrootshub.com/coaches/creative-sports-coaching,organic people_also_ask images
eldon celtic football tournament,50,7,1.69,,0,informational,https://www.juniorgrassrootshub.com/tournaments/eldon-celtic-jfc-2026-06-13,organic video related_searches
eldon celtic tournament,50,6,1.69,,0,informational,https://www.juniorgrassrootshub.com/tournaments/eldon-celtic-jfc-2026-06-13,organic related_searches images
escalate elite fc,50,6,1.69,,0.029999999329447746,commercial,https://www.juniorgrassrootshub.com/clubs/escalate-elite-fc,organic related_searches images
hughenden valley football club,50,7,1.69,,0,navigational,https://www.juniorgrassrootshub.com/clubs/hughenden-valley-fc,organic video related_searches images
inter cheadle,50,6,1.69,,0,informational,https://www.juniorgrassrootshub.com/clubs/inter-cheadle-fc,organic related_searches images
lisdrum fc,50,8,1.69,,0,navigational,https://www.juniorgrassrootshub.com/clubs/lisdrum,organic ai_overview images
lytchett matravers football club,50,6,1.69,,0,navigational,https://www.juniorgrassrootshub.com/tournaments/lytchett-matravers-fc-tournament-2026-2026-06-05,organic related_searches images
manchester south end fc,50,6,1.69,,0,informational,https://www.juniorgrassrootshub.com/clubs/manchester-south-end-fc,organic related_searches images
norfolk combined youth league table,50,6,1.69,,0,informational,https://www.juniorgrassrootshub.com/leagues/norfolk-combined-youth-football-league,organic related_searches
north staffs junior youth league u16,50,6,1.69,,0,informational,https://www.juniorgrassrootshub.com/leagues/north-staffs-junior-youth-league,organic related_searches
oldbury park tigers,50,6,1.69,,0,informational,https://www.juniorgrassrootshub.com/clubs/oldbury-park-tigers,organic related_searches google_reviews knowledge_graph images
optimum sports academy,50,6,1.69,,0,navigational,https://www.juniorgrassrootshub.com/clubs/optimum-sports-academy,organic related_searches knowledge_graph google_reviews images
pentwynmawr afc,50,6,1.69,,0,navigational,https://www.juniorgrassrootshub.com/clubs/pentwynmawr-athletic-afc,organic images related_searches google_reviews knowledge_graph
playing for the future academy,50,7,1.69,,0,informational,https://www.juniorgrassrootshub.com/coaches/playing-for-the-future-academy,organic people_also_ask related_searches images
rother football league,50,6,1.69,,0,informational,https://www.juniorgrassrootshub.com/leagues/rother-youth-football-league,organic related_searches
ryde saints f.c isle of wight,50,7,1.69,,0,informational,https://www.juniorgrassrootshub.com/clubs/ryde-saints,organic ai_overview related_searches
s91ua,50,7,1.69,,0,informational,https://www.juniorgrassrootshub.com/tournaments/one-tournament-nationals-north-heat-2026-2026-05-16,organic ai_overview related_searches knowledge_graph images
santley united fc,50,7,1.69,,0,informational,https://www.juniorgrassrootshub.com/clubs/santley-united,organic images related_searches
sedlescombe fc,50,6,1.69,,0,informational,https://www.juniorgrassrootshub.com/tournaments/sedlescombe-rangers-fc-tournament-2026-2026-07-11,organic related_searches knowledge_graph google_reviews third_party_reviews
south london kings,50,7,1.69,,0,informational,https://www.juniorgrassrootshub.com/clubs/south-london-kings,organic people_also_ask related_searches knowledge_graph google_reviews images
sporting club vista,50,6,1.69,,0,navigational,https://www.juniorgrassrootshub.com/clubs/sporting-club-vista,organic images related_searches knowledge_graph google_reviews
st bees fc,50,6,1.69,,0,informational,https://www.juniorgrassrootshub.com/clubs/st-bees,organic related_searches knowledge_graph google_reviews images
stourbridge junior league,50,6,1.69,,0,informational,https://www.juniorgrassrootshub.com/leagues/stourbridge-and-district-junior-league,organic related_searches images
elites fa borehamwood,50,7,1.28,,0,navigational,https://www.juniorgrassrootshub.com/clubs/elites-fa-borehamwood-fc,organic related_searches knowledge_graph google_reviews third_party_reviews images
elmswell youth fc,50,7,1.28,,0.009999999776482582,informational,https://www.juniorgrassrootshub.com/clubs/elmswell-community-f-c,organic related_searches knowledge_graph google_reviews images
elmswell youth football club,50,7,1.28,,0.009999999776482582,navigational,https://www.juniorgrassrootshub.com/clubs/elmswell-community-f-c,organic related_searches knowledge_graph google_reviews images
fc 41,50,7,1.28,,0,informational,https://www.juniorgrassrootshub.com/clubs/fc-41-youth,organic related_searches images
footy fits,50,7,1.28,,0.019999999552965164,transactional,https://www.juniorgrassrootshub.com/partners/grassroots-to-glory,organic related_searches
gold and gray football,50,10,1.28,,0,informational,https://www.juniorgrassrootshub.com/coaches/gold-and-gray-soccer-academy,organic video images related_searches google_reviews knowledge_graph third_party_reviews
junior snoods,50,10,1.28,0.27000001072883606,1,transactional,https://www.juniorgrassrootshub.com/shop/bespoke-kids-snoods,organic popular_products people_also_ask related_searches
kixx wolverhampton,50,10,1.28,4.510000228881836,0.03999999910593033,informational,https://www.juniorgrassrootshub.com/coaches/kixx-wolverhampton-and-kidderminster,organic local_pack related_searches
layer colts,50,10,1.28,,0,transactional,https://www.juniorgrassrootshub.com/clubs/layer-colts-youth,ai_overview organic people_also_ask images related_searches
leaside colts,50,8,1.28,,0,informational,https://www.juniorgrassrootshub.com/clubs/leaside-colts,organic ai_overview related_searches images
littleborough football club,50,10,1.28,,0,navigational,https://www.juniorgrassrootshub.com/clubs/littleborough-junior,organic local_pack related_searches images
north london youth football league table,50,8,1.28,,0,informational,https://www.juniorgrassrootshub.com/leagues/north-london-youth-football-league,organic ai_overview related_searches
oswaldtwistle juniors,50,7,1.28,,0,navigational,https://www.juniorgrassrootshub.com/clubs/oswaldtwistle-juniors,organic related_searches knowledge_graph google_reviews third_party_reviews
pencader football club,50,7,1.28,,0,navigational,https://www.juniorgrassrootshub.com/clubs/pencader-juniors-fc,organic images related_searches knowledge_graph google_reviews
peterborough and district youth league,50,7,1.28,,0,informational,https://www.juniorgrassrootshub.com/leagues/peterborough-and-district-youth-league,organic related_searches
porter fc,50,7,1.28,,0,navigational,https://www.juniorgrassrootshub.com/clubs/porter-fc,organic related_searches images
rogerstone rangers,50,7,1.28,,0,informational,https://www.juniorgrassrootshub.com/clubs/rogerstone-rangers-jfc,organic related_searches google_reviews knowledge_graph images
severn valley football,50,8,1.28,,0,informational,https://www.juniorgrassrootshub.com/leagues/severn-valley-youth-football-league,organic ai_overview related_searches images
soham town rangers youth,50,7,1.28,,0,informational,https://www.juniorgrassrootshub.com/tournaments/soham-town-rangers-youth-fc-festival-of-football-2026-2026-05-16,organic related_searches images
sporting rugby fc,50,7,1.28,,0,navigational,https://www.juniorgrassrootshub.com/clubs/sporting-rugby,organic related_searches images
tamworth junior league fixtures,50,8,1.28,,0,informational,https://www.juniorgrassrootshub.com/leagues/tamworth-junior-football-league,organic ai_overview related_searches
tandridge league divisions,50,9,1.28,,0,informational,https://www.juniorgrassrootshub.com/leagues/tandridge-youth-football-league,organic ai_overview related_searches images
teesside junior alliance league,50,7,1.28,,0,informational,https://www.juniorgrassrootshub.com/leagues/teesside-junior-football-alliance-league,organic related_searches
teesside junior league,50,7,1.28,,0,informational,https://www.juniorgrassrootshub.com/leagues/teesside-junior-football-alliance-league,organic related_searches knowledge_graph google_reviews third_party_reviews
thamesmead tigers fc,50,7,1.28,,0.009999999776482582,informational,https://www.juniorgrassrootshub.com/clubs/thamesmead-tigers-fc,organic related_searches knowledge_graph google_reviews images
triangoals youth football club,50,7,1.28,,0.019999999552965164,informational,https://www.juniorgrassrootshub.com/clubs/triangoals-youth,organic related_searches knowledge_graph google_reviews images
ty celyn football club,50,7,1.28,,0,navigational,https://www.juniorgrassrootshub.com/clubs/ty-celyn-junior-fc/claim,organic related_searches knowledge_graph google_reviews images
u16 football match length,50,9,1.28,,0,informational,https://www.juniorgrassrootshub.com/age-group-rules/u16,ai_overview organic people_also_ask related_searches
walthamstow wolves,50,7,1.28,,0,informational,https://www.juniorgrassrootshub.com/clubs/walthamstow-wolves,organic related_searches
wheatley wanderers,50,7,1.28,,0,informational,https://www.juniorgrassrootshub.com/clubs/wheatley-wanderers-jfc,organic people_also_ask related_searches knowledge_graph google_reviews images
worcester city youth fc,50,7,1.28,,0,informational,https://www.juniorgrassrootshub.com/tournaments/worcester-city-youth-fc-tournament-2026-2026-08-29,organic related_searches images
afc bridgnorth spartans,50,8,0.99,,,informational,https://www.juniorgrassrootshub.com/clubs/bridgnorth-spartans,organic related_searches images
appleton afc,50,9,0.99,,0,navigational,https://www.juniorgrassrootshub.com/clubs/appleton-afc,organic related_searches images
chew valley football club,50,8,0.99,,0,navigational,https://www.juniorgrassrootshub.com/clubs/chew-valley,organic related_searches images
churchdown panthers,50,9,0.99,,0,informational,https://www.juniorgrassrootshub.com/clubs/churchdown-panthers,organic related_searches images
culmore fc,50,8,0.99,,0,navigational,https://www.juniorgrassrootshub.com/clubs/culmore-youth-fc-u7-d-and-d,organic related_searches images
culmore football club,50,9,0.99,,0,navigational,https://www.juniorgrassrootshub.com/clubs/culmore-youth-fc-u13-d-and-d,organic video related_searches images
horsham herons,50,10,0.99,,0,informational,https://www.juniorgrassrootshub.com/clubs/horsham-herons-fc,ai_overview organic related_searches images
ickenham youth,50,9,0.99,,0,navigational,https://www.juniorgrassrootshub.com/tournaments/ickenham-youth-fc-summer-tournament-june-28-2026,organic related_searches google_reviews knowledge_graph images
junior football clubs glasgow,50,12,0.99,,0.05999999865889549,informational,https://www.juniorgrassrootshub.com/clubs/in/glasgow-city,find_results_on local_pack organic related_searches
junior football teams glasgow,50,8,0.99,,0.05999999865889549,informational,https://www.juniorgrassrootshub.com/clubs/in/glasgow-city,organic related_searches
junior football teams in glasgow,50,9,0.99,,0.05999999865889549,informational,https://www.juniorgrassrootshub.com/clubs/in/glasgow-city,ai_overview organic related_searches images
juno football club,50,9,0.99,,0,navigational,https://www.juniorgrassrootshub.com/clubs/juno-united,organic related_searches knowledge_graph google_reviews images
kiko fc,50,9,0.99,,0,informational,https://www.juniorgrassrootshub.com/clubs/kiko-fc,organic related_searches google_reviews knowledge_graph images
kirton town fc,50,9,0.99,,0,informational,https://www.juniorgrassrootshub.com/clubs/kirton-town,organic ai_overview related_searches images
leighton corinthians fc,50,9,0.99,,0,informational,https://www.juniorgrassrootshub.com/clubs/leighton-corinthians,organic related_searches knowledge_graph google_reviews
lisburn youth league,50,9,0.99,,0,informational,https://www.juniorgrassrootshub.com/leagues/lisburn-castlereagh-junior-football-league,organic related_searches images
ringmer rovers,40,3,3.89,,0,informational,https://www.juniorgrassrootshub.com/tournaments/ringmer-rovers-summer-tournament-2026-2026-06-20,organic related_searches images
testway youth,40,3,3.89,,0,informational,https://www.juniorgrassrootshub.com/leagues/testway-youth-football-league,organic ai_overview related_searches
corsham football tournament,40,4,2.64,,0,informational,https://www.juniorgrassrootshub.com/tournaments/afc-corsham-summer-tournament-2026-2026-05-30,organic people_also_ask related_searches
linton aztecs,40,5,1.88,,0,informational,https://www.juniorgrassrootshub.com/clubs/linton-aztecs,organic images
kersal fc,40,7,1.35,0.1899999976158142,0.009999999776482582,informational,https://www.juniorgrassrootshub.com/clubs/kersal-fc,organic ai_overview related_searches images
lisvane panthers fc,40,6,1.35,,0.009999999776482582,navigational,https://www.juniorgrassrootshub.com/clubs/lisvane-panthers,organic related_searches knowledge_graph google_reviews images
pezzaz street soccer,40,6,1.35,,0,informational,https://www.juniorgrassrootshub.com/coaches/pezzaz-street-soccer,organic short_videos related_searches google_reviews knowledge_graph third_party_reviews images
pioneer youth league u13,40,6,1.35,,0,informational,https://www.juniorgrassrootshub.com/leagues/pioneer-youth-league,organic images related_searches
shawside juniors,40,6,1.35,,0,navigational,https://www.juniorgrassrootshub.com/clubs/shawside-juniors-football-club,organic related_searches images
stopsley sharks,40,6,1.35,,0,informational,https://www.juniorgrassrootshub.com/clubs/stopsley-sharks,organic related_searches knowledge_graph google_reviews third_party_reviews images
wyre forest phoenix,40,6,1.35,,0,informational,https://www.juniorgrassrootshub.com/clubs/wyre-forest-phoenix,organic related_searches knowledge_graph google_reviews images
inter cheadle jfc,40,7,1.02,,0,informational,https://www.juniorgrassrootshub.com/clubs/inter-cheadle-fc,organic related_searches images
little paxton colts,40,8,1.02,,0,navigational,https://www.juniorgrassrootshub.com/tournaments/little-paxton-colts-tournament-2026-2026-07-04,organic ai_overview related_searches images
plymstock united,40,7,1.02,,0,navigational,https://www.juniorgrassrootshub.com/clubs/plymstock-united-colts,organic related_searches images
purley jubilee football club,40,7,1.02,,0,informational,https://www.juniorgrassrootshub.com/clubs/purley-jubilee-fc,organic related_searches
kings eleven fc,40,9,0.79,,0.009999999776482582,navigational,https://www.juniorgrassrootshub.com/noticeboard/trials-for-2026-27-season-kings-eleven-football-club,organic related_searches knowledge_graph google_reviews images
lewi cup,30,4,1.98,,0,informational,https://www.juniorgrassrootshub.com/tournaments/the-lewi-cup-2025-26-2026-06-06,organic images related_searches
blackburn eagles tournament 2025,30,7,0.77,,,informational,https://www.juniorgrassrootshub.com/tournaments/blackburn-eagles-tournaments-august-23-2026,organic related_searches
grassroots football tournaments 2025,20,3,1.95,,,informational,https://www.juniorgrassrootshub.com/tournaments,organic ai_overview related_searches images
glasgow cup 2025,20,7,0.51,,0,informational,https://www.juniorgrassrootshub.com/tournaments/glasgow-city-cup-2026-international-youth-tournament-2026,organic related_searches images
southbrook tournament 2025,10,6,0.47,,,informational,https://www.juniorgrassrootshub.com/tournaments/southbrook-y-f-c-tournament-june-7-2026,organic ai_overview related_searches
