keyword,our_position,rank,above_us,domain,url,title,verdict,best_date,age_years,date_modified,date_published,visible_updated,google_serp_date,last_modified_header,http,fetch_error,acquirable
wide fit football boots kids,18,2,true,newbalance.co.uk,https://www.newbalance.co.uk/kids/shoes/football-boots/,Kids Shoes Football Boots,unknown,,,,,,,,403,,true
wide fit football boots kids,18,4,true,facebook.com,https://www.facebook.com/groups/grassrootsfootballhub/posts/1520336132403710/,Any advice on kids football boots for wide feet ? Rubbing ...,unknown,,,,,,,,400,,false
wide fit football boots kids,18,5,true,footballboots.co.uk,https://www.footballboots.co.uk/widefeet.html,Best Football Boots for Wide Feet UK | Tested Fit Guide 2026,fresh,2026-09-16,0,2026-09-16,2025-10-22,2026-09-15,2026-09-15,2026-09-22,200,,true
wide fit football boots kids,18,6,true,amazon.co.uk,https://www.amazon.co.uk/wide-fit-football-boots-junior/s?k=wide+fit+football+boots+junior,Wide Fit Football Boots Junior,unknown,,,,,,,,200,,false
wide fit football boots kids,18,7,true,juniorstriker.com,https://juniorstriker.com/blog/wide-fit-football-boots,Wide Fit Kids' Football Boots -​ Buying Guide,unknown,,,,,,,2026-09-23,200,,true
wide fit football boots kids,18,9,true,nike.com,https://www.nike.com/gb/fit-guide-kids-football-boots,Kids' Fit Guide: Choosing the Right Football Boots,unknown,,,,,,,,200,,false
wide fit football boots kids,18,11,true,sportsdirect.com,https://www.sportsdirect.com/the-zone/top-5-best-football-boots-for-wide-feet,Top 5 Best Football Boots For Wide Feet,fresh,2025-11-19,0.8,,,,2025-11-19,,200,,false
wide fit football boots kids,18,12,true,footy.com,https://www.footy.com/c/football-boots/football-boots-for-wide-feet/,Football Boots for Wide Feet,unknown,,,,,,,,200,,true
wide fit football boots kids,18,14,true,lovellsports.com,https://www.lovellsports.com/collections/football-boots,Football Boots - Lovell Soccer,unknown,,,,,,,,200,,true
wide fit football boots kids,18,16,true,mumsnet.com,https://www.mumsnet.com/talk/_chat/4590044-wide-football-boots-for-11-year-old-who-hates-football-for-school,Wide Football boots for 11 year old who hates ...,stale,2022-07-30,4.2,2022-07-30,2022-07-14,,2022-07-14,,200,,false
wide fit football boots kids,18,17,true,prodirectsport.com,https://www.prodirectsport.com/blogs/football/the-best-football-boots-for-wide-feet,Best Football Boots for Wide Feet 2026 | Pro:Direct Soccer,fresh,2026-09-14,0,2026-09-14,2026-01-29,,,,200,,false
wide fit football boots kids,18,18,false,footballparent.co.uk,https://www.footballparent.co.uk/football-gear/boots/best-football-boots-for-wide-feet-kids,Best Football Boots for Wide Feet Kids,unknown,,,,,,,,,"own page, not fetched",false
wide fit football boots kids,18,19,false,youtube.com,https://www.youtube.com/watch?v=YTb78uREAcY,How to find Kids Football Boots for WIDE FEET *2020 UPDATE ...,stale,2020-10-21,5.9,,2020-10-21,,2020-10-21,,200,,false
wide fit football boots kids,18,20,false,adidas.co.uk,https://www.adidas.co.uk/kids-football-shoes,KIDS FOOTBALL BOOTS & SHOES,unknown,,,,,,,,403,,false
wide fit football boots kids,18,21,false,youtube.com,https://www.youtube.com/watch?v=DP-7YI14E2k,The 5 BEST Football Boots For WIDE Feet 2025,fresh,2025-05-22,1.3,,2025-05-22,,2025-05-22,,200,,false
wide fit football boots kids,18,22,false,fourfourtwo.com,https://www.fourfourtwo.com/buying-guide/best-football-boots-for-kids-year-the-latest-options-from-nike-adidas-and-puma,Best football boots for kids: The latest options from Nike ...,fresh,2025-12-02,0.8,2025-12-02,2024-02-13,2025-12-02,2025-12-02,2026-09-23,200,,true
wide fit football boots kids,18,23,false,skechers.co.uk,https://www.skechers.co.uk/kids/collections/football/,Skechers Kids' Football Boots & Shoes,unknown,,,,,,,,200,,true
wide fit football boots kids,18,24,false,oneills.com,https://www.oneills.com/uk_en/kids/kids-footwear/football-boots.html,Kids' Football Boots,unknown,,,,,,,,403,,true
wide fit football boots kids,18,25,false,next.co.uk,https://www.next.co.uk/shop/boys/footwear/football-boots,Boys' Football Boots,unknown,,,,,,,,403,,true
wide fit football boots kids,18,29,false,uk.puma.com,https://uk.puma.com/uk/en/kids/sports/football/kids-football-boots,Kids' Football Boots & Shoes,unknown,,,,,,,,200,,true
wide fit football boots kids,18,30,false,decathlon.co.uk,https://www.decathlon.co.uk/kids/kids-football-boots,Kids' Football Boots,unknown,,,,,,,,403,,false
wide fit football boots kids,18,31,false,mumsnet.com,https://www.mumsnet.com/talk/_chat/3713304-Boys-football-boots-are-any-a-wider-fit-than-others,Boys football boots - are any a wider fit than others?,stale,2019-10-10,7,2019-10-10,2019-10-09,,2019-10-10,,200,,false
wide fit football boots kids,18,32,false,very.co.uk,https://www.very.co.uk/browse/kids-football-boots,Kids Football Boots,unknown,,,,,,,,403,,true
wide fit football boots kids,18,33,false,lifestylesports.com,https://www.lifestylesports.com/gb/c/kids/football-boots/,"Boy's Football Boots | Kids Nike, adidas Boots",unknown,,,,,,,,200,,true
wide fit football boots kids,18,34,false,youtube.com,https://www.youtube.com/watch?v=Yks2wAOOWeU,Best football boots for WIDE feet 2024,fresh,2024-09-26,2,,2024-09-26,,2024-09-26,,200,,false
wide fit football boots kids,18,35,false,ebay.co.uk,https://www.ebay.co.uk/b/bn_55211280,Kids' Football Boots for sale,unknown,,,,,,,,403,,false
wide fit football boots kids,18,36,false,prodirectsport.com,https://www.prodirectsport.com/collections/football-kids-new-balance-boots,Kids' New Balance Football Boots,unknown,,,,,,,,200,,false
wide fit football boots kids,18,37,false,jdsports.co.uk,https://www.jdsports.co.uk/kids/p/football-boots/,Kids' Football Boots & AstroTurf Trainers,unknown,,,,,,,,200,,false
wide fit football boots kids,18,38,false,idealo.co.uk,https://www.idealo.co.uk/cat/21363F2037871/football-boots.html,Kids Football Boots (2026) at the best price,unknown,,,,,,,,200,,true
wide fit football boots kids,18,42,false,greavessports.com,https://www.greavessports.com/collections/kids-football-boots?srsltid=AU7gw4WYKURsOF4w9iIJD7IgSVbH-BRHcGO1MkGsKMenarN3vzM82ZUw,Kids Football Boots,unknown,,,,,,,,200,,true
wide fit football boots kids,18,43,false,houseoffraser.co.uk,https://www.houseoffraser.co.uk/sports/football/football-boots/kids-football-boots,Kids' Football Boots for Boys & Girls | Junior Football Shoes,unknown,,,,,,,,200,,true
wide fit football boots kids,18,44,false,deichmann.com,https://www.deichmann.com/en-gb/c/kids/football-boots-401,Kids' Football Boots ⚽ at DEICHMANN at low prices,unknown,,,,,,,,200,,true
wide fit football boots kids,18,45,false,youtube.com,https://www.youtube.com/watch?v=bkt-yM7kZww&vl=en,Got WIDE Feet? These Are The Best Boots For You.,fresh,2025-07-03,1.2,,2025-07-03,,2025-07-03,,200,,false
wide fit football boots kids,18,46,false,studio.co.uk,https://www.studio.co.uk/shop/kids/boyswear/footwear-for-boys/boys-footwear-boots?dcp=3,Boys Boots,unknown,,,,,,,,200,,true
wide fit football boots kids,18,47,false,littlewoods.com,https://www.littlewoods.com/browse/kids-football-boots,Football Boots | Kids Footwear | Baby & Kids,unknown,,,,,,,,403,,true
wide fit football boots kids,18,48,false,charlesclinkard.co.uk,https://www.charlesclinkard.co.uk/kids-c120/boys-c121/trainers-c140/football-boots-c153/wide-t8?srsltid=AU7gw4WUk04a-SJR0UJGzI3Ot28iSiJXX9sDBcqIRroILrUoqF6HYBgq,Wide Kids Boys Trainers Football Boots,unknown,,,,,,,,200,,true
wide fit football boots kids,18,49,false,youtube.com,https://www.youtube.com/watch?v=6anoI5-Bam8,Best Soccer Cleats for Kids with Wide Feet - Round Toe-Boxes ...,stale,2024-05-02,2.4,,2024-05-02,,2024-05-02,,200,,false
wide fit football boots kids,18,50,false,nike.com,https://www.nike.com/gb/w/boys-football-shoes-1gdj0z1onrazy7ok,Boys' Football Boots,unknown,,,,,,,,200,,false
wide fit football boots kids,18,51,false,prodirectsport.com,https://www.prodirectsport.com/blogs/football/kids-football-boots-buying-guide,Kids Football Boots Buying Guide | Back To School,fresh,2026-08-28,0.1,2026-04-02,2026-02-27,,2026-08-28,,200,,false
wide fit football boots kids,18,53,false,mandmdirect.com,https://www.mandmdirect.com/gb/en/shop/boys/football-boots,Boys Football Boots,unknown,,,,,,,,200,,true
wide fit football boots kids,18,54,false,supersales.co.uk,https://www.supersales.co.uk/sports-outdoors/boys-football-boots,Boys Football boots SALE • Up to 50% Off,unknown,,,,,,,,200,,true
wide fit football boots kids,18,55,false,youtube.com,https://www.youtube.com/watch?v=-8sMEdmjOHk,How to buy FOOTBALL BOOTS for KIDS - 2025,fresh,2025-12-18,0.8,,2025-12-18,,2025-12-18,,200,,false
wide fit football boots kids,18,56,false,youtube.com,https://www.youtube.com/watch?v=KBz-z4hAHIM,"What are the best football boots for AVERAGE, NARROW & ...",fresh,2025-03-06,1.6,,2025-03-06,,2025-03-06,,200,,false
wide fit football boots kids,18,57,false,youtube.com,https://www.youtube.com/watch?v=_S6Yzy36Nok,Top 10 Football Boots for WIDE FEET 2024,stale,2024-02-20,2.6,,2024-02-20,,2024-02-20,,200,,false
wide fit football boots kids,18,58,false,youtube.com,https://www.youtube.com/watch?v=jQU9DBaYF6Y&vl=en-GB,Top 5 Speed Boots For Wide Feet (TESTED!),fresh,2025-10-05,1,,2025-10-05,,2025-10-05,,200,,false
wide fit football boots kids,18,59,false,prodirectsport.com,https://www.prodirectsport.com/collections/football-kids-adidas-boots,Kids' adidas Football Boots | Predator & F50,unknown,,,,,,,,200,,false
wide fit football boots kids,18,61,false,youtube.com,https://www.youtube.com/watch?v=4MLpZISUFVU,Top 10 BEST football boots for WIDE FEET in 2025,fresh,2025-01-06,1.7,,2025-01-06,,2025-01-06,,200,,false
wide fit football boots kids,18,62,false,youtube.com,https://www.youtube.com/shorts/WPQB4dAXsNg,What are the Best Boots for Wide Feet? #footballboots,fresh,2024-11-16,1.9,,2024-11-16,,2024-11-16,,200,,false
wide fit football boots kids,18,64,false,shoesfeast.com,https://shoesfeast.com/best-football-boots-for-kids-with-wide-feet/,Best Football Boots for Kids with Wide Feet: Find the Perfect Fit,fresh,2026-04-25,0.4,2026-04-25,2026-04-25,,,2026-09-23,200,,true
wide fit football boots kids,18,66,false,youtube.com,https://www.youtube.com/watch?v=rw1LQKiZbi8,I Used These Kids Football Skills To Test My New Football Boots!,fresh,2025-01-04,1.7,,2025-01-04,,2025-01-04,,200,,false
wide fit football boots kids,18,67,false,youtube.com,https://www.youtube.com/watch?v=nfU8Q-XSK50,BUYING NEW KIDS SIZE FOOTBALL BOOTS!!!,stale,2018-04-22,8.4,,2018-04-22,,2018-04-22,,200,,false
best shin pads,6,2,true,fourfourtwo.com,https://www.fourfourtwo.com/buying-guides/best-football-shin-pads-make-sure-you-are-properly-protected-on-the-pitch,Best football shin pads,fresh,2025-12-02,0.8,2025-12-02,2025-11-17,2025-12-02,2025-12-02,2026-09-23,200,,true
best shin pads,6,3,true,footballboots.co.uk,https://www.footballboots.co.uk/shinpads.html,Best Football Shin Pads 2026,fresh,2026-09-23,0,2026-09-23,2023-02-15,2026-09-22,,2026-09-22,200,,true
best shin pads,6,5,true,prodirectsport.com,https://www.prodirectsport.com/collections/football-shinpads,Football Shinpads | Shin Pad Sleeves | Pro:Direct Soccer,unknown,,,,,,,,200,,false
best shin pads,6,6,false,footballparent.co.uk,https://www.footballparent.co.uk/football-gear/shin-pads/best-shin-pads-for-kids-football,Best Shin Pads for Kids Football,fresh,2026-06-02,0.3,,,,2026-06-02,,,"own page, not fetched",false
best shin pads,6,7,false,shindefender.com,https://www.shindefender.com/,ShinDefender - The World's Smartest Shin Guards,unknown,,,,,,,,200,,true
best shin pads,6,8,false,flairfutbol.com,https://www.flairfutbol.com/collections/shinpads?srsltid=AU7gw4UjKvO286s7X_A7yiKEhIZ_EeZVqxEZKBezFUUTYB9pj2a06wWD,Shinpads | Football Shin Guards | Shin Pad Guards,unknown,,,,,,,,200,,true
best shin pads,6,9,false,amazon.co.uk,https://www.amazon.co.uk/Best-Sellers-Football-Shin-Guards/zgbs/sports/3643061031,The most popular items in Football Shin Guards,unknown,,,,,,,,200,,false
best shin pads,6,10,false,facebook.com,https://www.facebook.com/prodirectsoccer/videos/only-the-ballers-wear-these-shin-pads-our-picks-for-the-best-shin-guards-in-the-/1425078928498064/,Only the 'ballers wear these shin-pads  Our picks for the best ...,fresh,2025-09-23,1,,,,2025-09-23,,200,,false
best shin pads,6,11,false,youtube.com,https://www.youtube.com/watch?v=Iwfq7gT2rCg,HOW TO CHOOSE SHIN PADS LIKE A PRO - UNISPORT ...,stale,2017-04-14,9.4,,2017-04-14,,2017-04-14,,200,,false
best shin pads,6,14,false,youtube.com,https://www.youtube.com/watch?v=Iwfq7gT2rCg,HOW TO CHOOSE SHIN PADS LIKE A PRO - UNISPORT ...,stale,2017-04-14,9.4,,2017-04-14,,2017-04-14,,200,,false
best shin pads,6,15,false,mad-tekkerz.com,https://mad-tekkerz.com/best-shin-pads-kids/,The Best Shin Pads for Kids: Protecting Young Players on ...,fresh,2024-10-21,1.9,2024-10-21,2024-10-21,,,,200,,true
best shin pads,6,16,false,just-keepers.com,https://www.just-keepers.com/goalkeeper-accessories/protection-equipment/shin-pads/,Training Equipment | Football Shin Guards Shin Pads,unknown,,,,,,,,200,,true
best shin pads,6,17,false,youtube.com,https://www.youtube.com/watch?v=mmbQBeTVnkE,10 Best Kids Shin Guards 2021,stale,2020-12-20,5.8,,2020-12-19,,2020-12-20,,200,,false
best shin pads,6,18,false,bespokesport.uk,https://bespokesport.uk/shin-pad-guide-2025-rules-protection-top-questions-answered/,"Shin Pad Guide 2025 | Rules, Protection & Buying Tips",fresh,2026-04-12,0.5,2026-04-12,2025-10-17,,,,200,,true
best shin pads,6,20,false,sportsdirect.com,https://www.sportsdirect.com/football/football-equipment/shin-pads,Adult and Kids Shin Pads - Football,unknown,,,,,,,,200,,false
best shin pads,6,22,false,fourfourtwo.com,https://www.fourfourtwo.com/buying-guide/best-soccer-shin-guards-make-sure-you-are-properly-protected-on-the-field,Best soccer shin guards: Make sure you are properly ...,fresh,2025-12-02,0.8,2025-12-02,2024-11-27,2025-12-02,2025-12-02,2026-09-24,200,,true
best shin pads,6,24,false,soccer.com,https://www.soccer.com/guide/best-soccer-shin-guards-2025,"Best Soccer Shin Guards 2025: Fit, Safety, and Tech Picks",fresh,2025-08-07,1.1,,,,2025-08-07,,403,,true
best shin pads,6,25,false,ericnixon.co.uk,https://www.ericnixon.co.uk/blog/childrens-shin-pads/,Best Junior Shin Pads: Top Picks & Buying Advice - eric nixon,fresh,2026-08-18,0.1,2026-08-18,2026-08-15,,2026-08-15,,200,,true
best shin pads,6,26,false,pricespy.co.uk,https://pricespy.co.uk/c/shin-pads,Shin Pads Price Comparison - Find the best deals at ...,unknown,,,,,,,,200,,true
best shin pads,6,28,false,youtube.com,https://www.youtube.com/watch?v=u0FUMtgycRA,Hate shin pads? This is the way,stale,2023-06-16,3.3,,2023-06-16,,2023-06-16,,200,,false
best shin pads,6,29,false,storelli.com,https://storelli.com/blogs/the-storelli-blog/three-shin-guard-types?srsltid=AU7gw4VqXurJvKU_qI5FH3yW0wy0ioW2fRpGXwquX3GB_qwVc5zm2Yvy,Best Shin Guards for 2026: Top Picks You Need to Know,fresh,2026-04-30,0.4,2026-04-30,2025-06-22,,2025-06-22,,200,,true
best shin pads,6,30,false,ultrafootball.com,https://www.ultrafootball.com/blogs/ultra-mag/kick-off-with-confidence-a-guide-to-choosing-the-best-shin-guards?srsltid=AU7gw4UhnVnAO6InWVtOmSCkqjMGKErm9yd15nvBIDsMciWAwid1bPwi,A Guide to Choosing the Best Shin Guards,stale,2023-05-24,3.3,,2023-05-24,,2023-05-24,,200,,true
best shin pads,6,31,false,prodirectsport.com,https://www.prodirectsport.com/blogs/football/best-football-shin-pads,Best Football Shin Pads 2026,fresh,2026-09-01,0.1,2026-09-01,2026-09-01,,2026-09-01,,200,,false
best shin pads,6,32,false,nike.com,https://www.nike.com/gb/a/best-soccer-shin-guards,The Best Nike Football Shin Guards,fresh,2026-06-12,0.3,2026-06-12,,2026-06-11,2026-06-12,,200,,false
best shin pads,6,33,false,soccerhandbook.com,https://soccerhandbook.com/soccer-gear/best-soccer-shin-guards/,Best Soccer Shin Guards - Shin Pads,fresh,2024-11-20,1.8,2024-11-20,2021-11-05,,,2026-09-24,200,,true
best shin pads,6,34,false,reddit.com,https://www.reddit.com/r/bootroom/comments/1l0eiij/best_shin_guards/,Best shin guards : r/bootroom,unknown,,,,,,,,200,,false
best shin pads,6,36,false,adidas.co.uk,https://www.adidas.co.uk/football-shinpads_straps,FIND SHIN PADS ONLINE | FREE DELIVERY ON ...,unknown,,,,,,,,403,,false
best shin pads,6,38,false,custom-guards.co.uk,https://custom-guards.co.uk/collections/best-sellers?srsltid=AU7gw4U4ikkFvibYdOeDQqwgyq5i-gW333JdX2fmeOsJ8vupZ8h7lUmc,Best Selling Shin Pads & Grip Socks,fresh,2026-09-10,0,,2026-09-10,,,,200,,true
best shin pads,6,39,false,soccerwire.com,https://www.soccerwire.com/soccer-blog/the-best-shin-guards-for-fall-2023-a-guide-for-players-and-parents/,The Best Shin Guards For 2024: A Guide For Players and ...,stale,2023-12-06,2.8,2023-12-06,2023-12-05,,2023-12-05,2026-09-23,200,,true
best shin pads,6,41,false,soccerwares.com,https://soccerwares.com/blogs/our-blogs/best-shin-pads-for-football?srsltid=AU7gw4XEQ5kHsGK1wJKw0s8rCqhdM3-pDioUbFqFJd23VFvJcgdC3x6S,Best Shin Pads for Football: A Player's Guide to Protection,fresh,2025-11-06,0.9,,2025-11-06,,2025-11-06,,200,,true
best shin pads,6,42,false,kitlocker.com,https://kitlocker.com/collection/shin-pads/,Shin Pads & Protective Gear,unknown,,,,,,,,200,,true
best shin pads,6,43,false,ericnixon.co.uk,https://www.ericnixon.co.uk/blog/mini-shin-pads/,Shin Pads: the Complete Buyer's Guide,fresh,2026-08-18,0.1,2026-08-18,2026-08-15,,2026-08-15,,200,,true
best shin pads,6,45,false,footy.com,https://www.footy.com/c/football-equipment/shin-pads/,Football Shin Pads,unknown,,,,,,,,200,,true
best shin pads,6,46,false,dickssportinggoods.com,https://www.dickssportinggoods.com/protips/sports-and-activities/soccer/choose-soccer-shin-guards?srsltid=AU7gw4VeNXC4CQsGY1s34eXSy8CxUwsGPvdJY7r3J008ehsGZwR5Wm7b,Soccer Shin Guard Buying Guide,unknown,,,,,,,,451,,true
best shin pads,6,47,false,decathlon.co.uk,https://www.decathlon.co.uk/c/htc/how-to-choose-your-football-shin-pads_2e971fff-7bcd-4e2f-8e32-5e6a884e85e4,How to choose your football shin pads,unknown,,,,,,,,403,,false
best shin pads,6,48,false,soccer.com,https://www.soccer.com/guide/soccer-shin-guards,A Guide to Choosing the Best Soccer Shin Guards,fresh,2025-07-16,1.2,,,,2025-07-16,,403,,true
best shin pads,6,50,false,tiktok.com,https://www.tiktok.com/@mattyhunt.football/video/7633331385880612117,Ranking All Shin Pad Types: Football Gear Review,fresh,2026-05-23,0.3,,,,2026-05-23,,200,,false
best shin pads,6,51,false,ebay.co.uk,https://www.ebay.co.uk/b/bn_78168146,Pads Football Shinpads for sale,unknown,,,,,,,,403,,false
best shin pads,6,52,false,pricerunner.com,https://www.pricerunner.com/cl/1206/Football?attr_50046621=50046625,Shin Guards (500+ products) compare now & find price »,unknown,,,,,,,,200,,true
best shin pads,6,54,false,soccer.com,https://www.soccer.com/guide/soccer-shin-guards,A Guide to Choosing the Best Soccer Shin Guards,fresh,2025-07-16,1.2,,,,2025-07-16,,403,,true
best shin pads,6,55,false,jdsports.co.uk,https://www.jdsports.co.uk/p/shin-pads/,Football Shin Pads - JD Sports UK,unknown,,,,,,,,403,non-html (),false
best shin pads,6,56,false,forza.com,https://www.forza.com/uk/football/football-matchday-equipment/shin-pads?srsltid=AU7gw4XSwoRv0qPm2zBw8pD3N8hwMNlzjdzlKa4xsT-aRfYgylqLJzr2,Football Shin Pads For Kids & Adults,unknown,,,,,,,2026-09-23,200,,true
best shin pads,6,57,false,voetbalshop.nl,https://www.voetbalshop.nl/en/blog/how-do-i-choose-the-best-shin-guards,How do I choose the best shin guards?,fresh,2025-04-08,1.5,2025-04-08,2023-02-28,,,,200,,true
best shin pads,6,58,false,youtube.com,https://www.youtube.com/watch?v=Q92UnmZF7HI,Best Shin Guards on Amazon?,fresh,2025-12-17,0.8,,2025-12-17,,2025-12-17,,200,,false
best shin pads,6,59,false,goal.com,https://www.goal.com/en-gb/lists/best-kids-shin-pads/blt97573f33b18d724f,The best shin pads for kids in 2023,stale,2023-09-27,3,2023-09-27,2023-04-20,,,2026-09-24,200,,true
best shin pads,6,60,false,prokituk.com,https://www.prokituk.com/player-accessories/shinpads-accessories.html?srsltid=AU7gw4UCc--Kug2LQUa-jDdJKjtMnu4t3itsdwvRhY0DrGb6jmjETkb1,SHINPADS | ProKitUK.com,unknown,,,,,,,,200,,true
best shin pads,6,62,false,networldsports.co.uk,https://www.networldsports.co.uk/football/match-day-equipment/shin-pads.html,Shin Pads | Kids & Adults Shin Guards,unknown,,,,,,,2026-09-23,200,,true
best shin pads,6,63,false,uk.puma.com,https://uk.puma.com/uk/en/sports/football/equipment/shin-pads,Shin Pads | Football Equipment,unknown,,,,,,,,200,,true
best shin pads,6,65,false,youtube.com,https://www.youtube.com/watch?v=pZiR2LUs_9E,Best Soccer Shin Guard for Boys and Girls in 2026- Top 5 Review,stale,2022-05-11,4.4,,2022-05-11,,2022-05-11,,200,,false
best shin pads,6,67,false,opengoaaal.com,https://www.opengoaaal.com/blogs/news/the-9-best-shin-guards-for-promoting-youth-athlete-safety?srsltid=AU7gw4USMI2X4iw1X697XXjCXxTHoO6EaMtf64ff4YJl8wMHFqtd2eOQ,The 9 Best Shin Guards for Promoting Youth Athlete Safety,fresh,2026-09-14,0,2026-09-14,2024-03-30,,2024-03-30,,200,,true
best shin pads,6,68,false,facebook.com,https://www.facebook.com/61564468950565/videos/dont-miss-25-off-free-shipping/24556168650744080/,"""I bought these shin guards for my son, and they've been a total ...",fresh,2025-09-23,1,,,,2025-09-23,,200,,false
best shin pads,6,69,false,argos.co.uk,https://www.argos.co.uk/browse/sports-and-leisure/sports/football/football-shin-pads/c:780542/,Football Shin Pads | Shin Guards,unknown,,,,,,,,403,,true
best shin pads,6,70,false,onbuy.com,https://www.onbuy.com/gb/football-shin-pads~c12637/,Football Shin Pads,unknown,,,,,,,,403,,true
best shin pads,6,71,false,footy.com,https://www.footy.com/blog/gear/best-football-shin-pads/,Best football shin pads for 2021,unknown,,,,,,,,200,,true
best shin pads,6,72,false,youtube.com,https://www.youtube.com/watch?v=nkwizYF0NsA,Best football shin pads in the game?! l G Form Shin Pad Review!,stale,2022-11-11,3.9,,2022-11-11,,2022-11-11,,200,,false
best shin pads,6,73,false,uk.my-best.com,https://uk.my-best.com/11139,"10 Best Shin Pads for Kids UK 2024 | Nike, Adidas and More",unknown,,,,,,,,,fetch failed,true
best shin pads,6,74,false,very.co.uk,https://www.very.co.uk/browse/sports-shin-pads,Football Shin Pads | Shin Guards,unknown,,,,,,,,403,,true
best shin pads,6,76,false,lifestylesports.com,https://www.lifestylesports.com/gb/c/football/shinguards/,Shin Guards & Shin Pads For Kids & Adults - Football,unknown,,,,,,,,200,,true
best shin pads,6,79,false,custom-guards.co.uk,https://custom-guards.co.uk/blogs/news/which-type-of-shin-pads-are-best?srsltid=AU7gw4WCB3wg_nUzTMJ6AWaOY20dlNUKxe4VU7Cf2do7J61pq1cBzRA9,Which Type of Shin Pads Are Best?,fresh,2025-11-03,0.9,2025-11-03,2025-06-22,,2025-06-22,,200,,true
best shin pads,6,80,false,supersales.co.uk,https://www.supersales.co.uk/sports-outdoors/football-shin-pads,Football shin pads SALE • Up to 50% Off,unknown,,,,,,,,200,,true
best shin pads,6,81,false,youtube.com,https://www.youtube.com/watch?v=u0FUMtgycRA,Hate shin pads? This is the way,stale,2023-06-16,3.3,,2023-06-16,,2023-06-16,,200,,false
best shin pads,6,82,false,e-catalog.co.uk,https://e-catalog.co.uk/list/1292/,Shin Guards | E-Catalog UK,fresh,2026-09-24,0,2026-09-24,,,,2026-09-24,200,,true
best shin pads,6,83,false,allsportssuperstore.co.uk,https://allsportssuperstore.co.uk/collections/football-shins?srsltid=AU7gw4WoFTvQfXSz3xuflsTCqaUgg7yOZPYwufedgO2BST7Jgh_QQTT5,Football Shins - Shop Top Quality Shin Guards for Soccer,unknown,,,,,,,,200,,true
best shin pads,6,84,false,idealo.co.uk,https://www.idealo.co.uk/list/122215342/football-shin-pads.html,Football Shin Pads on idealo.co.uk,unknown,,,,,,,,200,,true
best shin pads,6,85,false,youtube.com,https://www.youtube.com/watch?v=odiPvZcNiGU,Top 5 Best Soccer Shin Guards (Review),stale,2022-09-01,4.1,,2022-09-01,,2022-09-01,,200,,false
best shin pads,6,86,false,youtube.com,https://www.youtube.com/watch?v=ME9VRJirvno,Best Shin Guards For Youth Soccers in 2025 (Top 10 Picks),stale,2022-07-01,4.2,,2022-06-30,,2022-07-01,,200,,false
best shin pads,6,88,false,youtube.com,https://www.youtube.com/watch?v=LketrM-dO2A,Best Soccer Shin Guards to Buy in 2026 – Top 5 Performance ...,fresh,2026-03-26,0.5,,2026-03-26,,2026-03-26,,200,,false
best shin pads,6,90,false,soccertraininglab.com,https://soccertraininglab.com/best-soccer-shin-guards/,Best Soccer Shin Guards 2024,stale,2024-03-07,2.6,,2024-03-07,,2017-08-25,,200,,true
best shin pads,6,91,false,youtube.com,https://www.youtube.com/watch?v=Gvs_8wAlOxM,The Top 5 Best Kids Shin Guards in 2025 - Must Watch Before ...,fresh,2025-04-14,1.4,,2025-04-14,,2025-04-14,,200,,false
best shin pads,6,92,false,youtube.com,https://www.youtube.com/watch?v=Rpqn0opUHso,How to Choose the Right Shin Guard,stale,2018-11-26,7.8,,2018-11-26,,2018-11-26,,200,,false
best shin pads,6,93,false,youtube.com,https://www.youtube.com/watch?v=oh1CQIq1grI,The solution if you HATE wearing shin pads,stale,2022-08-25,4.1,,2022-08-25,,2022-08-25,,200,,false
best shin pads,6,94,false,youtube.com,https://www.youtube.com/watch?v=O9xY3nKcrm0,I Tested The World's Most Hi-Tech Shinpads,stale,2024-09-01,2.1,,2024-09-01,,2024-09-01,,200,,false
best shin pads,6,95,false,youtube.com,https://www.youtube.com/watch?v=Ub-C1yRJD2M,SMALL or BIG shin pads? What size to get,stale,2018-08-13,8.1,,2018-08-13,,2018-08-13,,200,,false
best shin pads,6,96,false,youtube.com,https://www.youtube.com/watch?v=mbmQozeUx_c,G-Form Shin Guards - Best of the Best for Kids,stale,2015-10-27,10.9,,2015-10-27,,2015-10-27,,200,,false
best shin pads,6,97,false,youtube.com,https://www.youtube.com/watch?v=l2emm0KQu64,THE BEST $35 SHIN GUARDS YOU CAN BUY! *THEY HAVE ...,stale,2018-08-10,8.1,,2018-08-10,,2018-08-10,,200,,false
best shin pads,6,98,false,youtube.com,https://www.youtube.com/watch?v=RFlrHGhj98Q,ProTips: How To Choose Soccer Shin Guards,stale,2018-03-27,8.5,,2018-03-27,,2018-03-27,,200,,false
best shin pads,6,99,false,youtube.com,https://www.youtube.com/watch?v=1hVBY6-nW-w,The Top 5 Best Kids Shin Guards in 2026 - Must Watch Before ...,fresh,2026-07-02,0.2,,2026-07-02,,2026-07-02,,200,,false
best shin pads,6,101,false,youtube.com,https://www.youtube.com/watch?v=RFlrHGhj98Q,ProTips: How To Choose Soccer Shin Guards,stale,2018-03-27,8.5,,2018-03-27,,2018-03-27,,200,,false
best shin pads,6,102,false,youtube.com,https://www.youtube.com/watch?v=1hVBY6-nW-w,The Top 5 Best Kids Shin Guards in 2026 - Must Watch Before ...,fresh,2026-07-02,0.2,,2026-07-02,,2026-07-02,,200,,false
best shin pads,6,103,false,youtube.com,https://www.youtube.com/watch?v=Zu2UUMosIJo,10 Best Kids Shin Guards 2019,stale,2019-11-11,6.9,,2019-11-10,,2019-11-11,,200,,false
best shin pads,6,104,false,youtube.com,https://www.youtube.com/watch?v=QptCS9cnwIA,10 Best Soccer Shin Guards 2019,stale,2019-11-12,6.9,,2019-11-12,,2019-11-12,,200,,false
best shin pads,6,105,false,youtube.com,https://www.youtube.com/watch?v=6fQJrdPVkTE,No More Bulky Shin Guards?! Lightweight Soccer ...,fresh,2026-09-01,0.1,,2026-09-01,,2026-09-01,,200,,false
best shin pads,6,106,false,youtube.com,https://www.youtube.com/watch?v=3zrmH-s5DA4,Unboxing the Worlds MOST EXPENSIVE Shin-Pads! IXO ...,stale,2014-03-31,12.5,,2014-03-31,,2014-03-31,,200,,false
best shin pads,6,107,false,youtube.com,https://www.youtube.com/watch?v=1OQgsMBbW5o,THE WORST SHIN GUARDS EVER MADE? *NO ...,stale,2018-08-31,8.1,,2018-08-31,,2018-08-31,,200,,false
best shin pads,6,108,false,youtube.com,https://www.youtube.com/watch?v=IJPbNilyECw,Mini Shin Pads BANNED!,stale,2024-05-03,2.4,,2024-05-03,,2024-05-03,,200,,false
best shin pads,6,109,false,youtube.com,https://www.youtube.com/watch?v=gBuT22hriFU,THE WORST SHIN GUARDS THAT PRO FOOTBALLERS ...,stale,2018-06-10,8.3,,2018-06-10,,2018-06-10,,200,,false
best shin pads,6,110,false,youtube.com,https://www.youtube.com/shorts/ZHsviWTC95Q,Shin pads for people who hate shin pads,stale,2023-06-16,3.3,,2023-06-16,,2023-06-16,,200,,false
what size football for 9 year old,8,2,true,forza.com,https://www.forza.com/uk/buyers-guides/football-size-guide?srsltid=AU7gw4Uf_Go73oFVVriW8obgIQwsO6x8LZ-X-RF4YZk6Pb6RmE1pcmMr,Football Ball Size Guide,unknown,,,,,,,2026-09-23,200,,true
what size football for 9 year old,8,4,true,futurefit.englandfootball.com,https://futurefit.englandfootball.com/futurefit/faqs/has-the-ball-size-changed-for-different-age-groups/index.html,Has the ball size changed for different age groups? - Future Fit,fresh,2026-01-21,0.7,2026-01-21,2025-09-16,,2025-09-16,2026-09-09,200,,false
what size football for 9 year old,8,5,true,herefordshirefa.com,https://www.herefordshirefa.com/news/2025/may/07/football-size-guidelines,Football Size Guidelines - Herefordshire FA,fresh,2025-05-07,1.4,2025-05-07,2025-05-07,,,,200,,true
what size football for 9 year old,8,6,true,adidas.co.uk,https://www.adidas.co.uk/blog/892669-football-ball-sizes-what-size-do-i-need,Football ball sizes: What size do I need,unknown,,,,,,,,403,,false
what size football for 9 year old,8,7,true,networldsports.co.uk,https://www.networldsports.co.uk/buyers-guides/football-size-guide,What Size Football To Buy,unknown,,,,,,,2026-09-23,200,,true
what size football for 9 year old,8,8,false,footballparent.co.uk,https://www.footballparent.co.uk/football-gear/best-footballs-by-age,Football Sizes by Age: Best Footballs For Kids,unknown,,,,,,,,,"own page, not fetched",false
what size football for 9 year old,8,9,false,facebook.com,https://www.facebook.com/Teamgrassroots/posts/at-a-glance-ages-formats-and-ball-sizes-for-2627-link-to-full-details-in-comment/1412900817548068/,"At a glance Ages, Formats and Ball Sizes for 26/27. ...",unknown,,,,,,,,400,,false
what size football for 9 year old,8,10,false,childrensfootball.com,https://childrensfootball.com/blogs/news/get-the-right-size-football-for-your-kids-age,Get The Right Size Football For Your Child's Age,stale,2023-11-21,2.8,2023-11-21,2021-11-10,,2023-11-21,,200,,true
what size football for 9 year old,8,11,false,nike.com,https://www.nike.com/au/help/a/football-sizes,What Size Football Do I Need?,unknown,,,,,,,,200,,false
what size football for 9 year old,8,13,false,rebelsport.co.nz,https://www.rebelsport.co.nz/buying-guides/equipment-guides/football-buying-guide/?srsltid=AU7gw4WaXB0csIk4i6dBnQAa3lt7SACJax7mqlsGlEUUfetAOiUkvwoR,Football Buying Guide,unknown,,,,,,,,200,,true
what size football for 9 year old,8,14,false,fulltime.thefa.com,https://fulltime.thefa.com/newsArticle.html?league=1614328&id=3255202,RULES:- BALL SIZE AND LENGTH OF GAME - Full-Time,unknown,,,,,,,,403,,false
what size football for 9 year old,8,15,false,thesoccerstore.co.uk,https://www.thesoccerstore.co.uk/blog/football-equipment/choosing-the-right-size-football/,Choosing The Right Size Football - The Soccer Store,fresh,2025-05-16,1.4,2025-05-16,,,2019-09-25,2026-09-21,200,,true
what size football for 9 year old,8,16,false,futurefit.englandfootball.com,https://futurefit.englandfootball.com/futurefit/faqs/what-are-pitch-and-goal-sizes-for-the-different-age-groups/index.html,What are pitch and goal sizes for the different age groups?,fresh,2026-01-21,0.7,2026-01-21,2025-09-16,,2025-09-16,2026-09-09,200,,false
what size football for 9 year old,8,17,false,youtube.com,https://www.youtube.com/watch?v=gcxS23Xyduo&xstg=CAMSBhUD_LL2Hw%3D%3D,HOW TO CHOOSE THE RIGHT SIZE FOOTBALL,stale,2018-01-06,8.7,,2018-01-06,,2018-01-06,,200,,false
what size football for 9 year old,8,18,false,appinsports.com,https://appinsports.com/wp-content/uploads/2024/06/Appin-football-kit-sizes.pdf,FOOTBALL KIT SIZE CHART,unknown,,,,,,,2025-07-29,200,non-html (application/pdf),true
what size football for 9 year old,8,19,false,tiktok.com,https://www.tiktok.com/@j20coaching/video/7532129401316674838?lang=en,Understanding Football Sizes for Different Age Groups,fresh,2025-09-23,1,,,,2025-09-23,,200,,false
what size football for 9 year old,8,20,false,uhlsport.com,https://www.uhlsport.com/en/football-size-chart?srsltid=AU7gw4VfHcgTdm2ngskMT4zjML3ROkJABPPn8RzUfPYVa5I1RgeA4o4v,Football Size Chart,unknown,,,,,,,,200,,true
what size football for 9 year old,8,21,false,badensports.com,https://www.badensports.com/blogs/badensportsblog/what-size-football-should-i-buy?srsltid=AU7gw4UcXzLLAVDkFUQmmSqxOmUY5ihhqd0HtNvW1FU5iKMm5yf5gf19,What Size Football Should I Buy?,unknown,,,,,,,,200,,true
what size football for 9 year old,8,22,false,deployfootball.com,https://deployfootball.com/blogs/news/soccer-ball-size-guide,The Ultimate Soccer Ball Size Guide | Deploy Football,fresh,2025-01-08,1.7,,,,2025-01-08,,200,,true
what size football for 9 year old,8,24,false,daviessports.co.uk,https://www.daviessports.co.uk/blog/club-management-equipment/football-ball-size-guide?srsltid=AU7gw4Wwr-nKgfiktVYpmTSfYGvsSeOT0PpP2jFwgBX-r8LiBvImix6g,Football Ball Size Guide,fresh,2026-02-19,0.6,2026-02-19,2025-07-08,,2025-07-08,,200,,true
what size football for 9 year old,8,25,false,hannahharvey.uk,https://www.hannahharvey.uk/blog/soccer-ball-for-8-year-olds,what size soccer ball is best for my 8 year old - Hannah Harvey,stale,2023-01-20,3.7,,,,2023-01-20,,200,,true
what size football for 9 year old,8,26,false,mitre.com,https://mitre.com/pages/football-size-guide,Football Size Guide,unknown,,,,,,,,200,,true
what size football for 9 year old,8,27,false,networldsports.co.uk,https://www.networldsports.co.uk/buyers-guides/american-football-size-chart,American Football Size Guide & Chart,fresh,2026-01-15,0.7,2026-01-15,2023-05-25,,,2026-09-23,200,,true
what size football for 9 year old,8,28,false,thedimelab.com,https://thedimelab.com/pages/football-size-guide?srsltid=AU7gw4XzBRa87yjl9krTCdd7kiNp1Q8Iw5oToB-Zhyg8iX8D7hpphZZD,Football Size Guide,unknown,,,,,,,,200,,true
what size football for 9 year old,8,29,false,joybuy.co.uk,https://www.joybuy.co.uk/blog/kids-football-buying-guide-2026/IvUi1CIp,Kids Football: The Ultimate Guide to Sizes & Top Picks 2026,unknown,,,,,,,,200,,true
what size football for 9 year old,8,30,false,facebook.com,https://www.facebook.com/groups/grassrootsfootball.co.uk/posts/1030804935960285/,What size football is suitable for an 8-year-old?,unknown,,,,,,,,400,,false
what size football for 9 year old,8,31,false,vidyanchalsportsacademy.com,https://vidyanchalsportsacademy.com/football-ball-size-guide-for-kids-and-teenagers/,Football Ball Size Guide For Kids And Teenagers,unknown,,,,,,,,200,,true
what size football for 9 year old,8,32,false,fieldgoalkicker.com,https://www.fieldgoalkicker.com/football-sizes-chart/,Football Sizes Chart for Kickers (Youth - Official),fresh,2026-06-02,0.3,2026-06-02,2026-02-20,,,2026-09-24,200,,true
what size football for 9 year old,8,33,false,kitking.co.uk,https://www.kitking.co.uk/blogs/team-hub/how-to-choose-the-right-football-size-guide?srsltid=AU7gw4Vx3uGijFnxkks0hu6MHmIwmD12PPg-cFH3BHvJ7G9I118x5VGk,How to choose the right football? Size guide,stale,2021-06-07,5.3,2021-06-07,2021-06-07,,2021-06-07,,200,,true
what size football for 9 year old,8,35,false,11teamsports.ie,https://11teamsports.ie/pg/how-to-choose-the-right-football,How to choose the right football for kids and adults?,unknown,,,,,,,,403,,true
what size football for 9 year old,8,36,false,discountfootballkits.com,https://www.discountfootballkits.com/blog/a-guide-to-football-sizes-how-they-vary-and-why-is-it-important/,A Guide to Football Sizes – How they Vary and Why is it ...,stale,2024-04-02,2.5,,,,2024-04-02,,403,,true
what size football for 9 year old,8,37,false,gripactive.com,https://www.gripactive.com/blogs/news/football-sizes?srsltid=AU7gw4XFcXHUtmYizvOcPcUBExsap5wHWArAX6mS0O0kir-a_4RuzIXR,Find the Perfect Football Size: A Complete Guide,fresh,2025-06-16,1.3,2025-06-16,2025-03-28,,,,200,,true
what size football for 9 year old,8,38,false,summitsport.com.au,https://summitsport.com.au/blogs/articles/soccer-ball-sizes-for-age-groups?srsltid=AU7gw4VozO6MRkr0vgfWwTtOjAG8Ve4C7nvu3AJMwuczUh98cqIBBS0u,"Learn about Soccer Ball Sizes by Age: FIFA Sizes 5, 4, 3",fresh,2026-06-24,0.3,,,,2026-06-24,,200,,true
what size football for 9 year old,8,39,false,sportsdirectoryuk.co.uk,https://www.sportsdirectoryuk.co.uk/blogs/news/football-size-guide?srsltid=AU7gw4U17a2C52ZpYRxGm8XEGpWRCClOqoVDh1LGwtuR786rVO5TMzta,Complete Football Size Guide - Balls | Goals | Pitches,unknown,,,,,,,,200,,true
what size football for 9 year old,8,40,false,footy.com,https://www.footy.com/blog/gear/football-size-guide/,The complete guide to football sizes & types,unknown,,,,,,,,200,,true
what size football for 9 year old,8,41,false,youtube.com,https://www.youtube.com/watch?v=4th_G4hiACo&xstg=CAMSBhUD_LL2Hw%3D%3D,ADVICE - How to choose your football ball  I Decathlon,fresh,2025-11-21,0.8,,2025-11-21,,2025-11-21,,200,,false
what size football for 9 year old,8,42,false,reematec.com,https://reematec.com/blog/footballSizes,Football Sizes - Reema,unknown,,,,,,,,200,,true
what size football for 9 year old,8,43,false,swaddlean.com,https://swaddlean.com/blogs/familys-life/kids-football-sizes-chart?srsltid=AU7gw4XnudOROv642ia3exoCtuPKFBKCrvkbLiWZeVv71d7TAqCMHs6I,What Size Football Should Your Child Use?,fresh,2026-09-19,0,2026-09-19,2026-09-19,,2026-09-18,,200,,true
what size football for 9 year old,8,44,false,netsportique.uk,https://netsportique.uk/blogs/football/what-size-football-should-i-choose?srsltid=AU7gw4XuYe9cMQOK9rllX1bgcb_4iFMR_xPF_il2JSa-rtFQyVgIboDd,What size football should I choose? - Netsportique,fresh,2025-10-29,0.9,,2025-10-29,,,,200,,true
what size football for 9 year old,8,46,false,staffordshirefa.com,https://www.staffordshirefa.com/news/2025/may/07/football-size-guidelines,Football Size Guidelines - Staffordshire FA,fresh,2025-07-05,1.2,2025-05-07,2025-05-07,,2025-07-05,,200,,true
what size football for 9 year old,8,47,false,wilson.com,https://www.wilson.com/en-us/size-charts/football,Football Sizes,unknown,,,,,,,,403,,true
what size football for 9 year old,8,48,false,d3d4football.com,https://d3d4football.com/football-sizes-by-age-complete-size-chart-age-guide/,Complete Size Chart & Age Guide - D3d4football,fresh,2026-07-06,0.2,2026-07-06,2026-07-06,,,,200,,true
what size football for 9 year old,8,49,false,sports.stackexchange.com,https://sports.stackexchange.com/questions/18430/how-do-i-pick-the-right-football-size-for-my-children,How do I pick the right football size for my children?,stale,2018-05-21,8.3,,,,2018-05-21,,403,,true
what size football for 9 year old,8,50,false,select-sport.com,https://www.select-sport.com/pages/what-is-the-normal-football-size,What is the normal football size,unknown,,,,,,,,200,,true
what size football for 9 year old,8,51,false,instagram.com,https://www.instagram.com/reel/DRXi3MejZFk/?hl=en,The size of the football your child uses is not a small detail. ...,fresh,2025-11-23,0.8,,,,2025-11-23,,200,,false
what size football for 9 year old,8,52,false,forza.com,https://www.forza.com/uk/football/footballs/kids-footballs?srsltid=AU7gw4W-yp8wy2YLDYyEFnLFW_ALatIfXMMHW9DPr38asYw2VIJdo-6t,Kids Footballs | Size 1-5 Children's Footballs,unknown,,,,,,,2026-09-23,200,,true
what size football for 9 year old,8,53,false,footballadvantage.com,https://footballadvantage.com/youth-football-sizes/,The Correct Youth Football Sizes for Every Age Group (Chart),stale,2020-11-16,5.9,2020-11-16,2020-04-15,,,,200,,true
what size football for 9 year old,8,54,false,manchesterfa.com,https://www.manchesterfa.com/news/2025/may/23/forza-blog---football-size-guidelines,FORZA Blog - Football Size Guidelines,fresh,2025-05-23,1.3,2025-05-23,2025-05-23,,,,200,,true
what size football for 9 year old,8,55,false,sportsgear24x7.com,https://www.sportsgear24x7.com/blogs/how-to-choose-the-right-football-size-for-kids-teens-and-adults-dhttlf?srsltid=AU7gw4U-E7uaPSFJ0HG4F5DhgTqfdUTR4epOAbU9NF_OYbeH4DrGFjWS,"How to Choose the Right Football Size for Kids, Teens & ...",fresh,2026-01-31,0.6,2026-01-31,2026-01-15,2026-01-31,2026-01-15,,200,,true
what size football for 9 year old,8,57,false,tiktok.com,https://www.tiktok.com/@gioperezchavoya/video/7560144599218523406,Video for all Youth football  coaches & players. Be sure to use ...,fresh,2025-10-23,0.9,,,,2025-10-23,,200,,false
what size football for 9 year old,8,58,false,support.nextlevelsports.com,https://support.nextlevelsports.com/en/articles/2472001,What size footballs do you use?,fresh,2024-10-08,2,,,,2024-10-08,2026-07-30,200,,true
what size football for 9 year old,8,59,false,opengoaaal.com,https://www.opengoaaal.com/blogs/news/football-size-by-age-what-size-football-to-buy?srsltid=AU7gw4UDjnm7uzimH7IBd9x74hP7gx5Xh3OtKsCgrn9ztPh96LbFnS6Y,Football Size by Age: What Size Football to Buy?,fresh,2026-02-24,0.6,2026-02-24,2024-01-09,,2024-01-09,,200,,true
what size football for 9 year old,8,60,false,pendlesportswear.co.uk,https://www.pendlesportswear.co.uk/blog/footballs-size-guide/?srsltid=AU7gw4VQxGwNx1Gd6H-BK_H6ZXk1bIJYEp4DDE-IkAmpE-sCKfgU9YXM,Which Size of Footballs do I Need?,fresh,2026-05-29,0.3,2026-05-29,2019-05-10,2026-05-28,2019-05-10,,200,,true
what size football for 9 year old,8,61,false,facebook.com,https://www.facebook.com/100087746540059/videos/footballers-have-you-ever-wondered-what-size-footballs-you-actually-need-%EF%B8%8Flet-th/4054477808125093/,Footballers have you ever wondered what size ...,fresh,2025-09-23,1,,,,2025-09-23,,200,,false
what size football for 9 year old,8,62,false,predikt.club,https://www.predikt.club/news/soccer-ball-sizes-by-age-complete-football-size-guide,"Soccer Ball Sizes by Age: Size 3, 4 & 5 Guide",fresh,2026-09-22,0,2026-09-22,2026-08-19,,2026-08-19,,200,,true
what size football for 9 year old,8,63,false,childrensfootball.com,https://childrensfootball.com/blogs/news/future-fit-right-size-football-england,Future Fit Update: Get The Right Size Football For Your ...,fresh,2026-03-27,0.5,2026-03-27,2026-03-27,,2026-03-27,,200,,true
what size football for 9 year old,8,64,false,hub.lifeplan.co.uk,https://hub.lifeplan.co.uk/lifeplan-news/youth-football-ball-size-guide-find-the-right-fit-1764807971,[Youth Football Ball Size Guide: Find The Right Fit!],fresh,2025-12-04,0.8,,2025-12-04,,2025-12-04,2025-12-04,200,,true
what size football for 9 year old,8,65,false,facebook.com,https://www.facebook.com/McrFootballAssociation/posts/not-sure-what-size-football-you-should-be-using-%EF%B8%8F-with-the-help-of-net-world-spo/1320895556505669/,Not sure what size football you should be using? ⚽️ With ...,unknown,,,,,,,,400,,false
what size football for 9 year old,8,66,false,soccerhandbook.com,https://soccerhandbook.com/soccer-gear/soccer-balls/what-size-soccer-ball-is-best-by-age/,What Size Soccer Ball is Best by Age? With Chart,stale,2024-04-26,2.4,2024-04-26,2020-06-18,,,2026-09-24,200,,true
what size football for 9 year old,8,68,false,blog.decathlon.in,https://blog.decathlon.in/articles/football-ball-sizes-with-chart,https://blog.decathlon.in/articles/football-ball-s...,unknown,,,,,,,,,fetch failed,true
what size football for 9 year old,8,69,false,ukbocw.uk.gov.in,https://ukbocw.uk.gov.in/guides/soccer-ball-size-for-kid/,https://ukbocw.uk.gov.in/guides/soccer-ball-size-f...,unknown,,,,,,,,,fetch failed,true
what size football for 9 year old,8,70,false,instagram.com,https://www.instagram.com/reel/DMp1M0ntMTx/?hl=en,Ages 14+  The different sizes in football is key for a players ...,fresh,2025-09-23,1,,,,2025-09-23,,200,,false
what size football for 9 year old,8,71,false,soccer.com,https://www.soccer.com/guide/soccer-ball-sizes,Soccer Ball Size Guide: Which Size Should You or Your ...,fresh,2026-05-13,0.4,,,,2026-05-13,,403,,true
what size football for 9 year old,8,72,false,brauss.mp.gov.in,https://brauss.mp.gov.in/guides/soccer-ball-size-by-age-group-chart-for-kids-and-teens/,Soccer Ball Size By Age Group Chart for Kids and Teens,unknown,,,,,,,,,fetch failed,true
what size football for 9 year old,8,73,false,youtube.com,https://www.youtube.com/watch?v=rFf3Z88hdNQ&xstg=CAMSBhUD_LL2Hw%3D%3D,Football Sizes (Explained with Ages & Product Links),stale,2019-06-24,7.3,,2019-06-24,,2019-06-24,,200,,false
what size football for 9 year old,8,74,false,demo.gae.org,https://demo.gae.org/gae-news/youth-football-size-guide-find-the-right-ball-1764807972,"Youth Football Size Guide: Find The Right Ball, in Detail",fresh,2025-12-04,0.8,,2025-12-04,,2025-12-03,2026-06-23,200,,true
what size football for 9 year old,8,75,false,pblabour.gov.in,https://pblabour.gov.in/online/soccer-size-chart-by-age-find-the-right-ball-size-for-kids/,https://pblabour.gov.in/online/soccer-size-chart-b...,unknown,,,,,,,,,fetch failed,true
what size football for 9 year old,8,76,false,txfootball.com.au,https://txfootball.com.au/blogs/news/a-fifa-level-guide-to-choose-the-right-football-size?srsltid=AU7gw4XNpmz73tOdb4vF7JTa30xHNhEZhLoZpOJc_gVLc7VyQJFW8d0K,A FIFA Level Guide to Choose the Right Football Size,fresh,2025-12-31,0.7,2025-12-31,2025-04-10,,2025-12-31,,200,,true
what size football for 9 year old,8,77,false,youtube.com,https://www.youtube.com/watch?v=xH8TzeYyGxI&xstg=CAMSBhUD_LL2Hw%3D%3D,Types of Footballs: Sizing and Materials,stale,2018-02-25,8.6,,2018-02-25,,2018-02-25,,200,,false
what size football for 9 year old,8,79,false,tiktok.com,https://www.tiktok.com/@jamescuttingfff/video/7051918316339727621,What Size Soccer Ball is Best for Your Team?,stale,2022-09-23,4,,,,2022-09-23,,200,,false
what size football for 9 year old,8,80,false,thesoccerstore.co.uk,https://www.thesoccerstore.co.uk/blog/latest-news/football-goal-pitch-and-ball-sizes-for-youth-games/,"Football goal, pitch and ball sizes for youth games",fresh,2025-05-16,1.4,2025-05-16,,,2013-05-02,2026-09-22,200,,true
what size football for 9 year old,8,81,false,opengoaaal.com,https://www.opengoaaal.com/blogs/news/everything-you-need-to-know-about-football-sizes?srsltid=AU7gw4XS85fNm4auqfei0jMwy-1G1Li8VrmjSrSPoXKAXV-u8HJfuJDO,Everything You Need to Know About Football Sizes,fresh,2026-02-24,0.6,2026-02-24,2024-01-09,,2024-01-09,,200,,true
what size football for 9 year old,8,82,false,oursportinglife.co.uk,https://oursportinglife.co.uk/children-football-size-age/,What Size of Football Should Your Child Use Based on Age?,stale,2022-09-15,4,,,,2022-09-15,,200,,true
what size football for 9 year old,8,83,false,facebook.com,https://www.facebook.com/groups/1888488331429720/posts/4221628528115677/,Choosing the right size football can make a real difference ...,unknown,,,,,,,,400,,false
what size football for 9 year old,8,84,false,youtube.com,https://www.youtube.com/watch?v=YPItIHSuvS8&xstg=CAMSBhUD_LL2Hw%3D%3D,What are the American Football Sizes? Helpful Illustrated ...,stale,2019-06-19,7.3,,2019-06-19,,2019-06-19,,200,,false
what size football for 9 year old,8,85,false,nike.com,https://www.nike.com/help/a/soccer-ball-sizes,What Size Soccer Ball Do I Need? | Nike Help,unknown,,,,,,,,200,,false
what size football for 9 year old,8,86,false,tiktok.com,https://www.tiktok.com/@jamescuttingfff/video/7401835356116569376,WHAT SIZE BALL do you prefer playing with? #Size4Football ...,stale,2024-09-23,2,,,,2024-09-23,,200,,false
what size football for 9 year old,8,87,false,facebook.com,https://www.facebook.com/musasoccerky/videos/did-you-know-that-there-are-different-size-soccer-balls-for-different-age-groups/2118054018682323/,Did you know that there are different size soccer balls ...,fresh,2025-09-23,1,,,,2025-09-23,,200,,false
what size football for 9 year old,8,88,false,soccer.com,https://www.soccer.com/guide/soccer-ball-size-by-age,How to Choose the Best Soccer Ball Size by Age (With Chart),unknown,,,,,,,,403,,true
what size football for 9 year old,8,90,false,uaefootball.org,https://uaefootball.org/football-ball-sizes/,Football Ball Sizes【Simple Guide】How to choose the right❓,fresh,2026-03-08,0.5,2026-03-08,2024-05-13,,2024-05-13,,200,,true
what size football for 9 year old,8,91,false,youtube.com,https://www.youtube.com/watch?v=PWZNqwn9dD0&xstg=CAMSBhUD_LL2Hw%3D%3D,Find the Right Football Size: Quick and Easy Guide,stale,2022-12-20,3.8,,2022-12-20,,2022-12-20,,200,,false
what size football for 9 year old,8,92,false,tiktok.com,https://www.tiktok.com/@musasoccerky/video/7525148852291161375?lang=en,Did you know that there are different size soccer balls for ...,fresh,2025-09-23,1,,,,2025-09-23,,200,,false
what size football for 9 year old,8,93,false,youtube.com,https://www.youtube.com/watch?v=mH-TKx2WFSQ&xstg=CAMSBhUD_LL2Hw%3D%3D,Football Sizes Explained by Age Group,stale,2020-05-12,6.4,,2020-05-12,,2020-05-12,,200,,false
what size football for 9 year old,8,94,false,kitqueen.com,https://www.kitqueen.com/football-size-by-age/,Best Football Size By Age - The Super Simple Guide.,fresh,2025-08-04,1.1,2025-08-04,2023-04-20,,2025-08-04,2026-09-24,200,,true
what size football for 9 year old,8,95,false,facebook.com,https://www.facebook.com/fb-answers/size-football-for-11-year-old/?locale=uk_UA,Size Football for 11 Year Old,unknown,,,,,,,,400,,false
what size football for 9 year old,8,96,false,youtube.com,https://www.youtube.com/watch?v=KolyPBYAYlU&xstg=CAMSBhUD_LL2Hw%3D%3D,How To Pick the Right Size Of Football,stale,2023-09-09,3,,2023-09-09,,2023-09-09,,200,,false
what size football for 9 year old,8,97,false,youtube.com,https://www.youtube.com/watch?v=N91F6VnnafA&xstg=CAMSBhUD_LL2Hw%3D%3D,Soccer Balls for Kids size 2 and 3,stale,2023-09-05,3.1,,2023-09-05,,2023-09-05,,200,,false
what size football for 9 year old,8,98,false,facebook.com,https://www.facebook.com/fb-answers/football-size-by-age-group/,Football Size by Age Group,unknown,,,,,,,,400,,false
what size football for 9 year old,8,99,false,youtube.com,https://www.youtube.com/watch?v=E4jneukcNyc&xstg=CAMSBhUD_LL2Hw%3D%3D,What's the correct Futsal Ball to buy? Learn the 4 ball sizes and ...,stale,2022-08-04,4.1,,2022-08-04,,2022-08-04,,200,,false
what size football for 9 year old,8,101,false,facebook.com,https://www.facebook.com/fb-answers/kids-football-sizes/,Kids Football Sizes: Age Guide and What Parents ...,unknown,,,,,,,,400,,false
what size football for 9 year old,8,102,false,youtube.com,https://www.youtube.com/watch?v=4H9I6Q5XySs&xstg=CAMSBhUD_LL2Hw%3D%3D,10 Best Junior Footballs 2020,stale,2020-07-13,6.2,,2020-07-13,,2020-07-13,,200,,false
what size football for 9 year old,8,103,false,youtube.com,https://www.youtube.com/watch?v=y_CzO4Rzpoc&xstg=CAMSBhUD_LL2Hw%3D%3D,The Right Soccer Ball Size for Youth Players - Teamsportbedarf ...,stale,2023-10-11,3,,2023-10-10,,2023-10-11,,200,,false
what size football for 9 year old,8,104,false,facebook.com,https://www.facebook.com/fb-answers/choosing-the-right-football-size/,Choosing the Right Football Size,unknown,,,,,,,,400,,false
what size football for 9 year old,8,105,false,youtube.com,https://www.youtube.com/shorts/ooQOv231vls?xstg=CAMSBhUD_LL2Hw%3D%3D,Soccer ball sizes from 1 to 5,fresh,2026-05-17,0.4,,2026-05-17,,2026-05-17,,200,,false
what size football for 9 year old,8,106,false,youtube.com,https://www.youtube.com/shorts/eMLkUCqOtfI?xstg=CAMSBhUD_LL2Hw%3D%3D,"Soccer ball sizes, appropriate sizes for elementary school ...",fresh,2026-01-16,0.7,,2026-01-16,,2026-01-16,,200,,false
what size football for 9 year old,8,107,false,youtube.com,https://www.youtube.com/watch?v=iYfQ8KS98SM&xstg=CAMSBhUD_LL2Hw%3D%3D,Ball Size According to the Age of Football Player Growth,stale,2021-01-22,5.7,,2021-01-22,,2021-01-22,,200,,false
what size football for 9 year old,8,108,false,facebook.com,https://www.facebook.com/fb-answers/youth-football-ball-sizes/,Youth Football Ball Sizes by Age and League,unknown,,,,,,,,400,,false
what size football for 9 year old,8,109,false,facebook.com,https://www.facebook.com/fb-answers/football-size-by-age/,Football Size by Age: Youth Ball Sizes and Age Guidelines,unknown,,,,,,,,400,,false
what size football for 9 year old,8,110,false,facebook.com,https://www.facebook.com/fb-answers/football-size-for-various-age-groups/,Football Size for Various Age Groups,unknown,,,,,,,,400,,false
veo camera alternatives,6,1,true,reddit.com,https://www.reddit.com/r/SoccerCoachResources/comments/1oytgbt/cheap_alternatives_to_veo_and_xbotgo/,Cheap alternatives to VEO and Xbotgo,unknown,,,,,,,,200,,false
veo camera alternatives,6,3,true,facebook.com,https://www.facebook.com/groups/grassrootsfootballhub/posts/1369101654193826/,"Morning all, been looking into Veo camera for the team but ...",unknown,,,,,,,,400,,false
veo camera alternatives,6,4,true,xbotgo.com,https://xbotgo.com/blogs/buying-guide/veo-camera-alternatives,Veo Camera Alternatives: 5 Subscription-Free Options,fresh,2026-08-07,0.1,2026-08-07,2026-07-20,,2026-07-20,,200,,true
veo camera alternatives,6,6,false,footballparent.co.uk,https://www.footballparent.co.uk/football-gear/veo-camera-alternatives,Veo Camera Alternatives: Cost & Comparisons - Football Parent,fresh,2026-07-18,0.2,,,,2026-07-18,,,"own page, not fetched",false
veo camera alternatives,6,7,false,traceup.com,https://traceup.com/academy/trace-vs-veo-for-recording-soccer-games?srsltid=AU7gw4XpqJV2lT3RMwL5SvJopOrBDjg8Snvhh8QaFFuI4CZp9O2F3s7G,Trace PlayerFocus vs. Veo For Recording Soccer Games,unknown,,,,,,,2026-09-23,200,,true
veo camera alternatives,6,8,false,veo.com,https://www.veo.com/article/sports-video-camera-systems-compared,Sports Video Camera Systems Compared: Which Is Right ...,fresh,2026-05-08,0.4,2026-05-07,2026-05-08,,2026-05-05,2026-09-24,200,,true
veo camera alternatives,6,9,false,cuty.ai,https://www.cuty.ai/blog/top-10-alternatives-to-veo-3-fast-i-tested-and-recommend,Top 10 Alternatives To Veo 3 Fast I Tested And Recommend,unknown,,,,,,,,200,,true
veo camera alternatives,6,10,false,soccerwares.com,https://soccerwares.com/blogs/our-blogs/veo-camera-alternative-for-football?srsltid=AU7gw4UuY2hu0pDecXf8kpTRydbWJQ-YBrt83CVKb-h6zyAOxr2nCoYs,Finding the Best Veo Camera Alternative for Football,fresh,2025-09-28,1,,2025-09-28,,2025-09-28,,200,,true
veo camera alternatives,6,12,false,wdsportz.com,https://wdsportz.com/the-best-veo-alternatives-budget-friendly-cameras/,The Best Veo Alternatives: Budget-Friendly Cameras,fresh,2026-03-13,0.5,2026-03-13,2026-03-13,,2026-03-13,,200,,true
veo camera alternatives,6,14,false,wdsportz.com,https://wdsportz.com/the-best-veo-alternatives-budget-friendly-cameras/,The Best Veo Alternatives: Budget-Friendly Cameras,fresh,2026-03-13,0.5,2026-03-13,2026-03-13,,2026-03-13,,200,,true
veo camera alternatives,6,15,false,xbotgo.com,https://xbotgo.com/blogs/buying-guide/trace-vs-veo,Veo vs Trace vs XbotGo: Which Sports Camera Wins in ...,fresh,2026-08-07,0.1,2026-08-07,2026-07-21,,2026-07-21,,200,,true
veo camera alternatives,6,16,false,motionsports.com.au,https://motionsports.com.au/a-long-awaited-alternative-to-veo-in-australia/?srsltid=AU7gw4UMaHsPLPPCZRlX5RUmpkmDZ5QVJQRM9YShIuJW8NvgfSfoCRRm,A Long-Awaited Alternative to Veo in Australia,fresh,2026-06-13,0.3,2026-06-13,2024-09-03,,2024-09-03,,200,,true
veo camera alternatives,6,17,false,aliexpress.com,https://www.aliexpress.com/item/1005011836617061.html,Alternative to VEO Sports Camera with 4K Face Tracking ...,unknown,,,,,,,,200,,true
veo camera alternatives,6,18,false,domoai.app,https://www.domoai.app/blog/veo-3,15 Best Veo 3 Alternatives for AI Video Generation,unknown,,,,,,,,200,,true
veo camera alternatives,6,19,false,dcurbanmom.com,https://www.dcurbanmom.com/jforum/posts/list/1211286.page,Alternative to VEO,stale,2024-06-16,2.3,,,,2024-06-16,,200,,true
veo camera alternatives,6,20,false,soccerstripes.com,https://soccerstripes.com/5-soccer-cameras-without-subscriptions/,5 Soccer Cameras Without Subscriptions,fresh,2024-12-06,1.8,,2024-12-06,,2024-12-06,2026-09-24,200,,true
veo camera alternatives,6,21,false,accio.com,https://www.accio.com/plp/veo-camera-alternative,Veo Camera Alternative: $5.97-1560 Prices Compared,fresh,2026-09-16,0,,2026-09-16,,,,200,,true
veo camera alternatives,6,22,false,slashdot.org,https://slashdot.org/software/p/Veo/alternatives,Top Veo Alternatives in 2026,unknown,,,,,,,,403,,true
veo camera alternatives,6,24,false,vidio.ai,https://www.vidio.ai/blog/article/ai-sports-camera-alternatives-highlights-comparison,Software Alternatives to Veo for Sports Highlight Videos,fresh,2025-04-27,1.4,,2025-04-27,,2025-04-27,,200,,true
veo camera alternatives,6,27,false,tiktok.com,https://www.tiktok.com/discover/veo-camera-alternatives,Veo Camera Alternatives,fresh,2026-09-14,0,,,,2026-09-14,,200,,false
veo camera alternatives,6,28,false,ballercam.com,https://ballercam.com/pages/ballercam-vs-veo-camera?srsltid=AU7gw4VOaMokg4ZaoZ9kpa6GeKBSKs1DsTrQo8Hs6Lw-aKrRgh1PXHdy,BallerCam vs Veo Comparison: What To Know,fresh,2026-09-24,0,,2026-09-24,,,,200,,true
veo camera alternatives,6,29,false,deevid.ai,https://deevid.ai/blog/veo-3-alternatives-easy-and-cheaper-for-ai-video-generation-with-audio,Best 10 Veo 3 Alternatives in 2025: Easy and Cheaper for ...,unknown,,,,,,,,200,,true
veo camera alternatives,6,30,false,veo.com,https://www.veo.com/article/soccer-camera-systems-compared,Football Camera Systems Compared: Which Is Right for ...,fresh,2026-06-08,0.3,2026-06-08,2026-06-08,,2026-05-05,2026-09-24,200,,true
veo camera alternatives,6,31,false,xbotgo.com,https://xbotgo.com/blogs/how-tos/xbotgo-vs-veo,XbotGo Falcon vs Veo: Which Wins for Your Team? (2026),fresh,2026-08-31,0.1,2026-08-31,2026-07-18,,2026-07-18,,200,,true
veo camera alternatives,6,32,false,cbinsights.com,https://www.cbinsights.com/company/sportcaster-aps/alternatives-competitors,"Top Veo Alternatives, Competitors",unknown,,,,,,,,200,,true
veo camera alternatives,6,33,false,zone14.ai,https://zone14.ai/en/blog/football-cameras/veo-vs-pixellot-vs-zone14-video-analysis-in-football-compared/,Veo vs. Pixellot vs. zone14: The big video analysis ...,fresh,2026-03-29,0.5,2026-03-29,2025-05-02,,2025-05-02,2026-09-23,200,,true
veo camera alternatives,6,34,false,facebook.com,https://www.facebook.com/fb-answers/veo-camera-competitors/,Veo Camera Competitors and Alternatives,unknown,,,,,,,,400,,false
veo camera alternatives,6,35,false,veo.com,https://www.veo.com/,"Veo Sports Cameras | Record, Stream and Analyse",unknown,,,,,,,2026-09-24,200,,true
veo camera alternatives,6,41,false,motionsports.com.au,https://motionsports.com.au/ultimate-veo-alternative-in-australia/?srsltid=AU7gw4XKAUBX9Knm6iomShhGRYzbT-Rk6nRkd67MgaHU6SAElWNpJybr,Introducing the Reeplayer Soccer Game Recording Camera,fresh,2026-06-13,0.3,2026-06-13,2024-08-07,,2024-08-07,,200,,true
veo camera alternatives,6,42,false,jaiportal.com,https://www.jaiportal.com/alternatives/google-veo-3-alternatives,10 Best Google Veo 3 Alternatives 2026 – Cheaper & Free,unknown,,,,,,,,200,,true
veo camera alternatives,6,43,false,medium.com,https://medium.com/miggle/switching-from-pixellot-to-veo-e19be34df9de,Switching From Pixellot to Veo,stale,2024-02-21,2.6,2024-02-21,2024-02-08,,,,200,,true
veo camera alternatives,6,44,false,facebook.com,https://www.facebook.com/fb-answers/veo-camera-alternative/,Best Veo Camera Alternatives for Sports Recording,unknown,,,,,,,,400,,false
veo camera alternatives,6,45,false,accio.com,https://www.accio.com/business/veo-camera-alternative,Best Veo Camera Alternative in 2026?,fresh,2026-09-16,0,,2026-09-16,,2026-09-05,,200,,true
veo camera alternatives,6,46,false,juniorgrassrootshub.com,https://www.juniorgrassrootshub.com/news/xbotgo-chameleon-vs-veo-cam-grassroots-football,XbotGo Chameleon vs Veo Cam for Grassroots Football,fresh,2026-07-27,0.2,2026-07-27,2025-03-17,,2025-03-17,,200,,true
veo camera alternatives,6,47,false,youtube.com,https://www.youtube.com/watch?v=4qzoq-SWMqo,Record Soccer Games - Pix4Team vs Trace vs Pixellot vs Veo ...,stale,2022-10-19,3.9,,2022-10-19,,2022-10-19,,200,,false
veo camera alternatives,6,48,false,pitchside.ai,https://pitchside.ai/blog/veo-camera-alternative,7 Veo Camera Alternatives: Costs and Features Compared ...,fresh,2026-08-02,0.1,2026-08-02,2026-07-19,2026-08-01,2026-07-19,,200,,true
veo camera alternatives,6,49,false,youtube.com,https://www.youtube.com/watch?v=zXk8H9Rx41k,XbotGo Chameleon vs Veo3 - Side by Side Comparison,fresh,2025-09-23,1,,2024-11-10,,2025-09-23,,200,,false
veo camera alternatives,6,50,false,xbotgocham.co.uk,https://xbotgocham.co.uk/blog/veo-alternatives-uk-hidden-costs-subscription-cameras/,Veo Alternatives in the UK: Hidden Costs of Subscription ...,fresh,2026-07-30,0.2,2026-07-28,2026-07-30,,2026-07-30,2026-07-29,200,,true
veo camera alternatives,6,54,false,youtube.com,https://www.youtube.com/watch?v=uudLOkPjg7E,XbotGO Chameleon or VEO - Choose Now!,fresh,2024-11-17,1.9,,2024-11-16,,2024-11-17,,200,,false
veo camera alternatives,6,55,false,youtube.com,https://www.youtube.com/watch?v=e0ZejSZMm_U,Veo vs Trace vs Pixellot vs Pix4Team vs Reeplayer,stale,2022-09-18,4,,2022-09-18,,2022-09-18,,200,,false
veo camera alternatives,6,56,false,youtube.com,https://www.youtube.com/watch?v=tu_7Trz7Pi8,Trace vs Pixellot vs Veo Camera Game Clips,stale,2022-11-25,3.8,,2022-11-24,,2022-11-25,,200,,false
grassroots football uk,13,1,true,grassrootsfootballuk.com,https://www.grassrootsfootballuk.com/,Grassroots Football UK: Home,unknown,,,,,,,,403,,true
grassroots football uk,13,2,true,facebook.com,https://www.facebook.com/Teamgrassroots/?locale=en_GB,Grassroots Football UK | South Shields,unknown,,,,,,,,400,,false
grassroots football uk,13,3,true,teamgrassroots.co.uk,https://www.teamgrassroots.co.uk/,Team Grassroots | The Voice of Grassroots Football,unknown,,,,,,,2026-09-24,200,,true
grassroots football uk,13,4,true,thefa.com,https://www.thefa.com/competitions/grassroots,Grassroots,unknown,,,,,,,,200,,false
grassroots football uk,13,6,true,englandfootball.com,https://www.englandfootball.com/participate/behaviour/the-grassroots-code,The Grassroots Code,unknown,,,,,,,,200,,false
grassroots football uk,13,7,true,thecoacheslink.com,https://www.thecoacheslink.com/grassrootsfootball-uk/,Grassroots Football UK,stale,2022-08-11,4.1,2022-08-11,2022-08-11,,,2026-09-24,200,,true
grassroots football uk,13,8,true,gis.sport,https://gis.sport/news/grassroots-football-participation-impact-and-employability-benefits/,"Grassroots Football: Participation, Impact, and ...",fresh,2025-10-21,0.9,,,,2025-10-21,,200,,true
grassroots football uk,13,10,true,footballfoundation.org.uk,https://footballfoundation.org.uk/,Football Foundation,unknown,,,,,,,2026-09-24,200,,true
grassroots football uk,13,11,true,diamondfootball.com,https://diamondfootball.com/news/3765/what-is-grassroots-football?srsltid=AU7gw4X7CTIjl791myJTy4ZVw8sl0-xTrSSYI8WorQj4SCTdbbFvQNcb,What is grassroots football?,unknown,,,,,,,,200,,true
grassroots football uk,13,12,true,thefa.com,https://www.thefa.com/about-football-association/what-we-do/fa-grasroots-strategy-2024-2028,FA Grassroots Strategy 2024-2028,unknown,,,,,,,,200,,false
grassroots football uk,13,13,false,footballparent.co.uk,https://www.footballparent.co.uk/parent-guides/what-is-grassroots-football,What Is Grassroots Football?,fresh,2026-07-05,0.2,,,,2026-07-05,,,"own page, not fetched",false
grassroots football uk,13,14,false,youtube.com,https://www.youtube.com/@grassrootsfootballuk,Grassroots Football UK - Football Training,unknown,,,,,,,,200,,false
grassroots football uk,13,15,false,mcdonalds.com,https://www.mcdonalds.com/gb/en-gb/football.html,Grassroots Football UK,unknown,,,,,,,2026-09-23,200,,true
grassroots football uk,13,16,false,englandfootball.com,https://www.englandfootball.com/participate/leagues-and-clubs/helpful-apps-and-websites,Digitising the grassroots game,unknown,,,,,,,,200,,false
grassroots football uk,13,17,false,merseyjuniorsfc.co.uk,https://merseyjuniorsfc.co.uk/the-importance-of-grassroots-football-in-the-uk/,The Importance of Grassroots Football in the UK | MJFC,unknown,,,,,,,,,fetch failed,true
grassroots football uk,13,18,false,instagram.com,https://www.instagram.com/grassroots_footballuk/,Grassroots Football UK - FDS (@grassroots_footballuk),unknown,,,,,,,,200,,false
grassroots football uk,13,19,false,facebook.com,https://www.facebook.com/groups/grassrootsfootballhub/?locale=en_GB,Junior Grassroots Hub ⚽️,unknown,,,,,,,,400,,false
grassroots football uk,13,21,false,sports-tours.co.uk,https://www.sports-tours.co.uk/blog/why-is-grassroots-football-important/,Why is grassroots football important?,fresh,2025-07-23,1.2,2025-07-23,2025-05-12,,,2026-09-15,200,,true
grassroots football uk,13,22,false,ballrz.co.uk,https://www.ballrz.co.uk/grassroots-football,What is grassroots football? UK guide - Ballrz,fresh,2026-07-17,0.2,2026-07-17,2026-07-17,,,,200,,true
grassroots football uk,13,23,false,teamgrassroots.co.uk,https://www.teamgrassroots.co.uk/setup-your-own-club/,Set up your own Club,unknown,,,,,,,2026-09-24,200,,true
grassroots football uk,13,24,false,grassrootsfootballforgood.com,https://www.grassrootsfootballforgood.com/,Grassroots for Good,unknown,,,,,,,,200,,true
grassroots football uk,13,25,false,juniorgrassrootshub.com,https://www.juniorgrassrootshub.com/,Junior Grassroots Hub: The Hub for Junior Grassroots Football ...,unknown,,,,,,,,200,,true
grassroots football uk,13,26,false,facebook.com,https://www.facebook.com/FootballFoundation1/videos/25-years-of-game-changing-places-to-play/1712687782741247/,'s Football Foundation has been transforming grassroots ...,fresh,2025-11-23,0.8,,,,2025-11-23,,200,,false
grassroots football uk,13,27,false,ucfb.ac.uk,https://www.ucfb.ac.uk/news/the-importance-of-grassroots-football-and-its-continued-growth/,The importance of grassroots football and its continued ...,fresh,2024-12-04,1.8,,,,2024-12-04,,200,,true
grassroots football uk,13,28,false,grfc.grassrootsfc.co.uk,https://grfc.grassrootsfc.co.uk/,Grassroots FC | Official Website - Free Football Club Website ...,unknown,,,,,,,2026-09-24,200,,true
grassroots football uk,13,29,false,striver.football,https://striver.football/the-pathway/parents-guide-grassroots-football-uk,A Parent's Guide to Grassroots Football in the UK,fresh,2026-05-15,0.4,2026-05-15,2026-05-15,,2026-05-15,,200,,true
grassroots football uk,13,30,false,x.com,https://x.com/GRFootball_UK,Grassroots Football Uk (@GRFootball_UK) / X,unknown,,,,,,,,200,,false
grassroots football uk,13,32,false,learn.englandfootball.com,https://learn.englandfootball.com/get-started,Get Started,stale,2022-09-21,4,,,,2022-09-21,,200,,false
grassroots football uk,13,33,false,grassrootsfootballstore.com,https://grassrootsfootballstore.com/,"Grassroots Football Store - Football Equipment, Football ...",unknown,,,,,,,,200,,true
grassroots football uk,13,34,false,youtube.com,https://www.youtube.com/watch?v=f1us24tdIIk,How to Coach Grassroots Football - Coaching Mixed Ability ...,fresh,2025-07-16,1.2,,2025-07-15,,2025-07-16,,200,,false
grassroots football uk,13,35,false,facebook.com,https://www.facebook.com/groups/3347494538815914/?locale=en_GB,Grassroots Football UK - FDS,unknown,,,,,,,,400,,false
grassroots football uk,13,36,false,ee.co.uk,https://ee.co.uk/ee-sponsorships/home-nations/grassroots-football,Grassroots football | EE Sponsorships,unknown,,,,,,,2026-09-24,200,,true
grassroots football uk,13,37,false,thrive4grassroots.com,https://thrive4grassroots.com/blog/,Blog - Thrive4Grassroots,fresh,2026-07-21,0.2,,,,2026-07-21,,200,,true
grassroots football uk,13,38,false,teamstats.net,https://www.teamstats.net/directory,Grassroots Football Directory,unknown,,,,,,,2026-09-23,200,,true
grassroots football uk,13,39,false,teamgrassroots.co.uk,https://www.teamgrassroots.co.uk/the-challenges-facing-grassroots-football-in-england/,The Challenges Facing Grassroots Football in England,unknown,,,,,,,2026-09-24,200,,true
grassroots football uk,13,40,false,thefa.com,https://www.thefa.com/-/media/cfa/suffolkfa/files/the-fa-guide-to-managing-in-grassroots-football.ashx,A GUIDE TO MANAGING IN GRASSROOTS FOOTBALL,unknown,,,,,,,2021-07-19,200,non-html (application/pdf),false
grassroots football uk,13,41,false,footballfoundation.org.uk,https://footballfoundation.org.uk/looking-for-funding,What we fund,unknown,,,,,,,2026-09-24,200,,true
grassroots football uk,13,43,false,footstepz.org,https://footstepz.org/,Footstepz Football Academy - Grassroots Football Development,fresh,2025-05-22,1.3,2025-05-22,2021-09-12,,,2026-09-24,200,,true
grassroots football uk,13,44,false,kentgrassrootsfootball.co.uk,https://kentgrassrootsfootball.co.uk/,"Kent Grassroots Football | Find Clubs, Teams and Sponsors in ...",unknown,,,,,,,,200,,true
grassroots football uk,13,45,false,youtube.com,https://www.youtube.com/watch?v=sfxtJMw-1tA,Grassroots Football: What Parents Need to Know,fresh,2024-12-06,1.8,,2024-12-06,,2024-12-06,,200,,false
grassroots football uk,13,46,false,elitegrassroots.co.uk,https://www.elitegrassroots.co.uk/,Football Coaching Derby | Coaching Sessions For Kids & Adults,unknown,,,,,,,,200,,true
grassroots football uk,13,47,false,englandfootball.com,https://www.englandfootball.com/play/youth-football/Youth-Club-Football,Youth Club Football,unknown,,,,,,,,200,,false
grassroots football uk,13,48,false,thetitansfa.com,https://thetitansfa.com/grassroots-football-development-uk-complete-guide-for-parents/,Grassroots Football Development UK: Complete Guide for ...,fresh,2026-09-15,0,2026-09-15,2026-09-15,,2026-09-15,,200,,true
grassroots football uk,13,49,false,juniorgrassrootshub.com,https://www.juniorgrassrootshub.com/news/grassroots-youth-football-uk-overview,Grassroots & Youth Football in the UK: Complete Guide,fresh,2026-07-25,0.2,2026-07-25,2025-08-04,,2025-08-04,,200,,true
grassroots football uk,13,50,false,facebook.com,https://www.facebook.com/Teamgrassroots/videos/if-you-know-you-know-/675610928659319/,"If you know, you know  | Grassroots Football UK",fresh,2025-09-23,1,,,,2025-09-23,,200,,false
grassroots football uk,13,51,false,ballrz.co.uk,https://www.ballrz.co.uk/changing-room/how-to-join-a-grassroots-football-club,How to Join a Grassroots Football Club - Ballrz,fresh,2026-06-30,0.2,2026-06-30,2026-06-15,2026-06-29,,,200,,true
grassroots football uk,13,52,false,fcbusiness.co.uk,https://fcbusiness.co.uk/news/from-grassroots-to-glory-the-pathway-to-professional-football-in-the-uk/,From Grassroots To Glory: The Pathway To Professional ...,stale,2024-05-15,2.4,2024-05-15,2024-05-15,,,,200,,true
grassroots football uk,13,54,false,grfe.co.uk,https://grfe.co.uk/?srsltid=AU7gw4WyVqdXC8bDcS_AYqpOvKgaKVA5SsoJr65s98xd5UR_NA99ppr1,Grassroots Football Equipment,unknown,,,,,,,,402,,true
grassroots football uk,13,55,false,grassrooting.co.uk,https://grassrooting.co.uk/,Grassrooting | The UK's Home for Grassroots Football,unknown,,,,,,,,200,,true
grassroots football uk,13,56,false,facebook.com,https://www.facebook.com/groups/229939483860081/,UK Grassroot Football,unknown,,,,,,,,400,,false
grassroots football uk,13,57,false,footballingfun.co.uk,https://www.footballingfun.co.uk/,Footballing Fun - Grassroots Resources,unknown,,,,,,,,200,,true
grassroots football uk,13,58,false,instagram.com,https://www.instagram.com/grassrootsfootball.co.uk/,Grassroots Football (@grassrootsfootball.co.uk),unknown,,,,,,,,200,,false
grassroots football uk,13,59,false,bu1sport.com,https://bu1sport.com/blogs/magazine/grassroots-football-what-is-it-and-what-are-its-principles,Grassroots football: What is it and what are its principles - BU1,stale,2024-05-15,2.4,,2024-05-15,2024-05-14,2024-05-15,,200,,true
grassroots football uk,13,60,false,grassroots-fc.co.uk,https://www.grassroots-fc.co.uk/,Grassroots FC: Your Community Football Club,unknown,,,,,,,,200,,true
grassroots football uk,13,61,false,facebook.com,https://www.facebook.com/englandfootball/videos/grassroots-football-is-about-more-than-just-the-game-its-about-creating-opportun/1484794676527960/,Grassroots football is about more than just the game,fresh,2026-04-23,0.4,,,,2026-04-23,,200,,false
grassroots football uk,13,62,false,theleisuresociety.co.uk,https://www.theleisuresociety.co.uk/grassroots-football-explained/,Grassroots Football Explained | The Leisure Society,stale,2023-12-01,2.8,2023-12-01,2023-12-01,2023-12-01,2023-09-25,,200,,true
grassroots football uk,13,63,false,x.com,https://x.com/GRFootball,Grassroots Football #grassrootsfootball (@GRFootball) / ...,unknown,,,,,,,,200,,false
grassroots football uk,13,65,false,grassroute.co.uk,https://www.grassroute.co.uk/resources,Resources - Grassroute,unknown,,,,,,,,402,,true
grassroots football uk,13,66,false,teamgrassroots.co.uk,https://www.teamgrassroots.co.uk/updates-to-grassroots-youth-football-in-england/,New steps to improve grassroots youth football in England ...,fresh,2025-02-22,1.6,,,,2025-02-22,2026-09-24,200,,true
grassroots football uk,13,67,false,bloomsburyfootball.com,https://bloomsburyfootball.com/,Bloomsbury Football: Home,unknown,,,,,,,,200,,true
grassroots football uk,13,68,false,facebook.com,https://www.facebook.com/GRFUKFDS/videos/-grassroots-coaches-the-uks-best-selling-youth-training-plans-are-right-here-you/1027489996385185/,Grassroots Coaches — The UK's Best-Selling Youth Training ...,fresh,2026-06-23,0.3,,,,2026-06-23,,200,,false
grassroots football uk,13,69,false,englandfootball.com,https://www.englandfootball.com/play/youth-football,Youth football - Play & Participate,unknown,,,,,,,,200,,false
grassroots football uk,13,70,false,juniorgrassrootshub.com,https://www.juniorgrassrootshub.com/clubs,Find a Club - Junior Grassroots Hub,unknown,,,,,,,,200,,true
grassroots football uk,13,71,false,youtube.com,https://www.youtube.com/shorts/TqjKy7FhYF4,The Truth About Grassroots Football: It's NOT What You Think!,fresh,2026-08-13,0.1,,2026-08-13,,2026-08-13,,200,,false
grassroots football uk,13,72,false,facebook.com,https://www.facebook.com/groups/grassrootsfootball.co.uk/,The Grassroots Football Group,unknown,,,,,,,,400,,false
grassroots football uk,13,73,false,teamgrassroots.ctrlstaging.co.uk,https://teamgrassroots.ctrlstaging.co.uk/category/latest-news/,Latest News - Team Grassroots,unknown,,,,,,,,500,,true
grassroots football uk,13,74,false,play.google.com,https://play.google.com/store/apps/details?id=com.grassrootsfootball.app&hl=en_AU,The Grassroots Football App,fresh,2026-06-24,0.3,,,2026-06-23,2026-06-24,,200,,true
grassroots football uk,13,76,false,mirror.co.uk,https://www.mirror.co.uk/incoming/video/fa-launch-new-landmark-grassroots-34030110,The FA launch new landmark grassroots football strategy,unknown,,,,,,,,200,,true
grassroots football uk,13,77,false,instagram.com,https://www.instagram.com/grassrootsfootballuk/,Grassroots Football (@grassrootsfootballuk),unknown,,,,,,,,200,,false
grassroots football uk,13,78,false,thefa.com,https://www.thefa.com/yourgame,"Get involved in English football: Play, Coach, Referee ...",unknown,,,,,,,,200,,false
grassroots football uk,13,79,false,teamgrassroots.co.uk,https://www.teamgrassroots.co.uk/the-expectations-vs-the-reality-of-grassroots-football/,The Expectations Vs The Reality of Grassroots Football,unknown,,,,,,,2026-09-24,200,,true
grassroots football uk,13,80,false,englandfootball.com,https://www.englandfootball.com/News/Grassroots,Grassroots Football News,unknown,,,,,,,,200,,false
grassroots football uk,13,81,false,grassroots-fc.co.uk,https://www.grassroots-fc.co.uk/about-us/,About Grassroots FC: Championing Football Community,unknown,,,,,,,,200,,true
grassroots football uk,13,82,false,grassroots-football-hub.co.uk,https://grassroots-football-hub.co.uk/,https://grassroots-football-hub.co.uk/,unknown,,,,,,,,200,,true
grassroots football uk,13,83,false,facebook.com,https://www.facebook.com/grassrootsfootball.co.uk/,GrassrootsFootball.co.uk,unknown,,,,,,,,400,,false
grassroots football uk,13,84,false,juniorgrassrootshub.com,https://www.juniorgrassrootshub.com/greater-london-football,650 Grassroots Football Clubs in Greater London,unknown,,,,,,,,200,,true
grassroots football uk,13,85,false,instagram.com,https://www.instagram.com/reel/DdbtZVPsR7o/,Olaitan's tenacity  #UEL,fresh,2026-09-18,0,,,,2026-09-18,,200,,false
grassroots football uk,13,87,false,tiktok.com,https://www.tiktok.com/@premierleague/video/7687536659528781089,There's no escaping @Brighton & Hove Albion FC 's press,fresh,2026-09-20,0,,,,2026-09-20,,200,,false
grassroots football uk,13,88,false,x.com,https://x.com/GrassrootsFA_UK,Grassroots Football (@GrassrootsFA_UK) / ...,unknown,,,,,,,,200,,false
grassroots football uk,13,89,false,englandfootball.com,https://www.englandfootball.com/articles/2025/Feb/21/Future-Fit-grassroots-youth-football-england-update-20252102,FutureFit - updates to grassroots youth football in England,fresh,2025-02-21,1.6,,,,2025-02-21,,200,,false
grassroots football uk,13,90,false,facebook.com,https://www.facebook.com/GRFUKFDS/,Grassroots Football UK - FDS,unknown,,,,,,,,400,,false
grassroots football uk,13,91,false,teamgrassroots.co.uk,https://www.teamgrassroots.co.uk/coaching/,Coaching,unknown,,,,,,,2026-09-24,200,,true
grassroots football uk,13,92,false,community.thefa.com,https://community.thefa.com/help/f/help-group-discussions/4523/joining-a-football-team-at-grassroots,Joining A football team at grassroots. - Community guide,stale,2023-05-22,3.3,,,,2023-05-22,,200,,false
grassroots football uk,13,93,false,tiktok.com,https://www.tiktok.com/@elitetakes/video/7686281253305322766,Who you got ⁉ #nfl #football #TikTokCampaign,fresh,2026-09-17,0,,,,2026-09-17,,200,,false
grassroots football uk,13,95,false,instagram.com,https://www.instagram.com/reel/DdmCVoGjfsB/,@erling  @sunderlandafc fans,fresh,2026-09-22,0,,,,2026-09-22,,200,,false
grassroots football uk,13,96,false,tiktok.com,https://www.tiktok.com/@talksport/video/7688381354664267030,Fabian Hürzeler responds to claims that Brighton are a ...,fresh,2026-09-22,0,,,,2026-09-22,,200,,false
grassroots football uk,13,98,false,tiktok.com,https://www.tiktok.com/@talksport/video/7688381354664267030,Fabian Hürzeler responds to claims that Brighton are a ...,fresh,2026-09-22,0,,,,2026-09-22,,200,,false
grassroots football uk,13,99,false,instagram.com,https://www.instagram.com/reel/DdlzxKVsBx5/,Arch_AI | Highbury: 114 years in 70 seconds Video edited with ...,fresh,2026-09-22,0,,,,2026-09-22,,200,,false
grassroots football uk,13,100,false,englandfootball.com,https://www.englandfootball.com/participate/leagues-and-clubs,Leagues & Clubs | England Football,unknown,,,,,,,,200,,false
grassroots football uk,13,101,false,tiktok.com,https://www.tiktok.com/@crazy_kennar/video/7687510058132851989,WHERE DOES GREATNESS BEGIN? This year's Africa ...,fresh,2026-09-20,0,,,,2026-09-20,,200,,false
grassroots football uk,13,102,false,facebook.com,https://www.facebook.com/Teamgrassroots/about/,Grassroots Football UK (@Teamgrassroots) - About,unknown,,,,,,,,400,,false
grassroots football uk,13,103,false,instagram.com,https://www.instagram.com/reel/Ddk0hUCNqZl/,You've probably never heard of this country 🇹🇱 Timor Leste is ...,fresh,2026-09-22,0,,,,2026-09-22,,200,,false
grassroots football uk,13,104,false,englandfootball.com,https://www.englandfootball.com/participate/behaviour/behaviour-improvement-resources,Behaviour Improvement Resources,unknown,,,,,,,,200,,false
grassroots football uk,13,105,false,facebook.com,https://www.facebook.com/fb-answers/grassroots-football-training-videos/,Grassroots Football Training Videos,unknown,,,,,,,,400,,false
grassroots football uk,13,107,false,englandfootball.com,https://www.englandfootball.com/participate/Cost-of-Living-Resource-Hub/Other-Opportunities,Other Opportunities,unknown,,,,,,,,200,,false
football development,20,6,true,thefootballdevelopmentprogramme.co.uk,https://thefootballdevelopmentprogramme.co.uk/football/,"The Football Development Programme – Football, Numeracy ...",unknown,,,,,,,2026-08-06,200,,true
football development,20,7,true,wolves.co.uk,https://www.wolves.co.uk/global-football-development/,Global Football Development | Wolverhampton ...,unknown,,,,,,,,200,,true
football development,20,9,true,developmentschools.co.uk,https://www.developmentschools.co.uk/,Football Development Schools: Home Page,unknown,,,,,,,,200,,true
football development,20,10,true,ruct.co.uk,https://ruct.co.uk/sports-participation/football-development/,Football Development,stale,2024-06-10,2.3,2024-06-10,2023-08-04,,,,200,,true
football development,20,11,true,fulhamfc.com,https://www.fulhamfc.com/foundation/what-we-do/football-development,Football Development,unknown,,,,,,,2026-09-24,200,,true
football development,20,12,true,brentfordfccst.com,https://www.brentfordfccst.com/en/boys-football-development-centre-fdc,Boys Football Development Centre (FDC),unknown,,,,,,,,200,,true
football development,20,13,true,learn.englandfootball.com,https://learn.englandfootball.com/courses,England Football Learning Courses,unknown,,,,,,,,200,,false
football development,20,15,true,tottenhamhotspur.com,https://www.tottenhamhotspur.com/football-development,Football Development,fresh,2026-05-01,0.4,2026-05-01,2026-04-07,,,,200,,true
football development,20,17,true,tottenhamhotspur.com,https://www.tottenhamhotspur.com/football-development,Football Development,fresh,2026-05-01,0.4,2026-05-01,2026-04-07,,,,200,,true
football development,20,18,true,thefa.com,https://www.thefa.com/bootroom/resources/england-dna/the-future-england-player/age-phase-priorities,Age-phase Priorities | The Future England Player,unknown,,,,,,,,200,,false
football development,20,19,true,cardiff.ac.uk,https://www.cardiff.ac.uk/community/sport/junior-activities/junior-development/football,Football Development Centre - Community,unknown,,,,,,,,403,,true
football development,20,20,false,footballparent.co.uk,https://www.footballparent.co.uk/football-development,Football Development for Young Players,unknown,,,,,,,,,"own page, not fetched",false
football development,20,21,false,npvfootdev.co.uk,https://npvfootdev.co.uk/,NPV Football Development: Kids Football Academy in ...,fresh,2026-07-27,0.2,2026-07-27,2024-02-17,,,,200,,true
football development,20,22,false,millwallcommunity.org.uk,https://www.millwallcommunity.org.uk/football-development,Football Development,unknown,,,,,,,,200,,true
football development,20,23,false,elitefootballdevelopment.co.uk,https://www.elitefootballdevelopment.co.uk/members,Members | EliteFootballDevAcad,unknown,,,,,,,,200,,true
football development,20,24,false,trustpilot.com,https://www.trustpilot.com/review/footballdevelopmenteast.co.uk,Football Development East Reviews,unknown,,,,,,,,403,,true
football development,20,25,false,fusionfootball.co.uk,https://www.fusionfootball.co.uk/football-training-program,Football Training Program | Elite Football Coaching,unknown,,,,,,,,200,,true
football development,20,26,false,facebook.com,https://www.facebook.com/fb-answers/youth-football-development-england/,Youth Football Development England,unknown,,,,,,,,400,,false
football development,20,28,false,facebook.com,https://www.facebook.com/fb-answers/youth-football-development-england/,Youth Football Development England,unknown,,,,,,,,400,,false
football development,20,29,false,premierleague.com,https://www.premierleague.com/en/footballandcommunity/youth-development/parent-hub/the-academy-experience,Youth Development - Parent Hub - The Academy Experience,unknown,,,,,,,,200,,false
football development,20,30,false,smartfootballdevelopment.com,https://smartfootballdevelopment.com/,Smart Football Development,unknown,,,,,,,,200,,true
football development,20,31,false,footballparent.co.uk,https://www.footballparent.co.uk/academy-pathway/uk-football-development-centres-explained,UK football development centres explained,fresh,2026-05-30,0.3,,,,2026-05-30,,,"own page, not fetched",false
football development,20,32,false,youtube.com,https://www.youtube.com/@thefootballdevelopment,The Football Development,unknown,,,,,,,,200,,false
football development,20,33,false,profootballacademy.com,https://profootballacademy.com/uk/,Junior & Youth Football Coaching | Pro Football Academy UK,unknown,,,,,,,,403,,true
football development,20,34,false,elitedevelopmentcoaching.co.uk,https://www.elitedevelopmentcoaching.co.uk/careers,Careers,unknown,,,,,,,,200,,true
football development,20,35,false,protouchfootball.com,https://protouchfootball.com/,Pro Touch Football | Youth Football Development Academy ...,fresh,2026-06-12,0.3,2026-06-12,2025-06-05,,,,200,,true
football development,20,36,false,momentousfootballacademy.co.uk,https://www.momentousfootballacademy.co.uk/programmes/football-development-syllabus,Football Development Syllabus | Momentous Programme,unknown,,,,,,,,200,,true
football development,20,37,false,footballdomination.com,https://www.footballdomination.com/development-centers,DEVELOPMENT CENTERS,unknown,,,,,,,,200,,true
football development,20,39,false,instagram.com,https://www.instagram.com/pro_football_development/,PRO FOOTBALL DEVELOPMENT ...,unknown,,,,,,,,200,,false
football development,20,40,false,gameonsportscoaching.co.uk,https://gameonsportscoaching.co.uk/development-centre/,Game On Development Centre - Game On Sports Coaching,fresh,2026-04-02,0.5,2026-04-02,2017-09-01,,2026-04-02,,200,,true
football development,20,41,false,jcfd.co.uk,https://www.jcfd.co.uk/,JC Football Development,unknown,,,,,,,,200,,true
football development,20,42,false,manchesterplayerdevelopment.co.uk,https://www.manchesterplayerdevelopment.co.uk/,Manchester Player Development,unknown,,,,,,,,200,,true
football development,20,43,false,nextlevelfootballacademy.co.uk,https://www.nextlevelfootballacademy.co.uk/,Next Level Football Academy,unknown,,,,,,,,200,,true
football development,20,44,false,footballdna.co.uk,https://footballdna.co.uk/,"Football Coaching Sessions, Drills & Tools | FootballDNA",unknown,,,,,,,,403,,true
football development,20,45,false,footballcoachinguk.com,https://footballcoachinguk.com/,Football Coaching UK,unknown,,,,,,,,200,,true
football development,20,46,false,football4football.com,https://www.football4football.com/football-training/uk-football-academy-system-intro,A quick intro to the UK's football academy system,fresh,2026-09-24,0,2026-09-24,2026-08-17,,,,200,,true
football development,20,47,false,londonfa.com,https://www.londonfa.com/coaches/development-and-cpd,Development & Courses - London FA,unknown,,,,,,,,200,,true
football development,20,48,false,kingswoodsports.co.uk,https://www.kingswoodsports.co.uk/football-development-sessions,Football Development Sessions,unknown,,,,,,,,200,,true
football development,20,50,false,wemakefootballers.com,https://wemakefootballers.com/uk,We Make Footballers: Kids Football Training for Ages 4-12,unknown,,,,,,,,200,,true
football development,20,51,false,youtube.com,https://www.youtube.com/watch?v=estkG7TuRlw,How To Develop Coaching Craft | National League System ...,stale,2024-07-30,2.2,,2024-07-30,,2024-07-30,,200,,false
football development,20,52,false,thefa.com,https://www.thefa.com/bootroom/resources/coaching/the-youth-development-phase-core-principles,The Youth Development Phase core principles,stale,2022-08-30,4.1,,2022-08-30,,2020-05-04,,200,,false
football development,20,53,false,ps-sports.co.uk,https://www.ps-sports.co.uk/,PS Sports UK: HOME,unknown,,,,,,,,200,,true
football development,20,54,false,ukfootballacademyfinder.com,https://ukfootballacademyfinder.com/football_pathway_advice/what-is-a-development-centre/,What is a development centre?,stale,2024-09-23,2,2024-09-23,2024-03-18,,2024-03-18,,200,,true
football development,20,55,false,learn.englandfootball.com,https://learn.englandfootball.com/get-started,Get Started,stale,2022-09-21,4,,,,2022-09-21,,200,,false
football development,20,56,false,thetitansfa.com,https://thetitansfa.com/grassroots-football-development-uk-complete-guide-for-parents/,Grassroots Football Development UK: Complete Guide for ...,fresh,2026-09-15,0,2026-09-15,2026-09-15,,2026-09-15,,200,,true
football development,20,57,false,footballdevelopmenteast.co.uk,https://www.footballdevelopmenteast.co.uk/fa-and-uefa-coaching,Coaching - FDE©,unknown,,,,,,,,200,,true
football development,20,58,false,facebook.com,https://www.facebook.com/fit4footballuk/videos/%EF%B8%8Fare-football-development-centres-worth-it%EF%B8%8F-footballdrills-footballacademy-footb/2077521009816159/,ARE FOOTBALL DEVELOPMENT CENTRES WORTH IT,fresh,2026-06-23,0.3,,,,2026-06-23,,200,,false
football development,20,61,false,facebook.com,https://www.facebook.com/fit4footballuk/videos/%EF%B8%8Fare-football-development-centres-worth-it%EF%B8%8F-footballdrills-footballacademy-footb/2077521009816159/,ARE FOOTBALL DEVELOPMENT CENTRES WORTH IT,fresh,2026-06-23,0.3,,,,2026-06-23,,200,,false
football development,20,62,false,football-futures.com,https://football-futures.com/academy-centres/development-centre/,Development Centre,fresh,2026-06-19,0.3,2026-06-19,2019-07-16,,,,200,,true
football development,20,63,false,elitefootballdevelopment.co.uk,https://www.elitefootballdevelopment.co.uk/,Elite Football Development Academy | Football Coaching Derry,unknown,,,,,,,,200,,true
football development,20,64,false,elitefootballcoaching.org,https://www.elitefootballcoaching.org/development-membership,Football Development Memberships | Elite Coaching Plans,unknown,,,,,,,,404,,true
football development,20,65,false,learn.englandfootball.com,https://learn.englandfootball.com/courses/football,Football Coaching Courses,unknown,,,,,,,,200,,false
football development,20,66,false,uksportscoaching.co.uk,https://www.uksportscoaching.co.uk/soccer-schools,Football Development,unknown,,,,,,,,200,,true
football development,20,67,false,uk-footballacademy.co.uk,https://uk-footballacademy.co.uk/academy/,UK Football Academy,unknown,,,,,,,,200,,true
football development,20,68,false,ttfootballdevelopment.co.uk,https://www.ttfootballdevelopment.co.uk/,https://www.ttfootballdevelopment.co.uk/,unknown,,,,,,,,404,,true
football development,20,69,false,360tft.co.uk,https://360tft.co.uk/football-coaching-academy-landing-uk,Football Coaching Academy UK - 360TFT,unknown,,,,,,,2026-09-24,200,,true
football development,20,70,false,elitedevelopmentcoaching.co.uk,https://www.elitedevelopmentcoaching.co.uk/training,Training Centres | Crawley,unknown,,,,,,,,200,,true
football development,20,72,false,protouchfootball.com,https://protouchfootball.com/youth-football-development/,The Complete Guide to Youth Football Development: Building ...,fresh,2025-09-17,1,2025-09-17,2025-09-17,,2025-09-17,,200,,true
football development,20,73,false,arsenal.com,https://www.arsenal.com/media/video/playlist/88358,Inside Training: All set for Manchester United,fresh,2026-09-20,0,,,,2026-09-20,,200,,true
football development,20,74,false,coachabilitygroup.com,https://coachabilitygroup.com/1-to-1-football-coaching,Private 1 on 1 Football Coaching,unknown,,,,,,,,200,,true
football development,20,75,false,destfootballcoaching.com,https://destfootballcoaching.com/,D.E.S.T Football Coaching: Professional Youth Football ...,unknown,,,,,,,,200,,true
football development,20,76,false,playerscout.co.uk,https://playerscout.co.uk/ps-development/,PS Development,stale,2020-09-29,6,2020-09-29,2019-10-16,,,,200,,true
football development,20,77,false,x.com,https://x.com/ufdfootball,ultimate football development (@UFDfootball) / X,unknown,,,,,,,,200,,false
football development,20,78,false,footydevelopment.com,https://footydevelopment.com/,Football Development Programmes | FootyDevelopment,unknown,,,,,,,,200,,true
football development,20,79,false,thefootballdevelopmentprogramme.co.uk,https://thefootballdevelopmentprogramme.co.uk/football/about-us/,About us – The Football Development Programme,unknown,,,,,,,2026-08-06,200,,true
football development,20,80,false,tottenhamhotspur.com,https://www.tottenhamhotspur.com/football-development/uk-courses,UK Player Development,unknown,,,,,,,,200,,true
football development,20,81,false,impactsportsfc.co.uk,https://www.impactsportsfc.co.uk/development-centre,Player Development Centres | Impact Sports Coaching FC,unknown,,,,,,,,200,,true
football development,20,83,false,x.com,https://x.com/ufdfootball,ultimate football development (@UFDfootball) / X,unknown,,,,,,,,200,,false
football development,20,84,false,impactsportsfc.co.uk,https://www.impactsportsfc.co.uk/development-centre,Player Development Centres | Impact Sports Coaching FC,unknown,,,,,,,,200,,true
football development,20,85,false,developmentschools.co.uk,https://www.developmentschools.co.uk/practice,Football Practice,unknown,,,,,,,,200,,true
football development,20,86,false,profootballacademy.com,https://profootballacademy.com/uk/blog/category/skills-training/,Category: Skills & Training,unknown,,,,,,,,403,,true
football development,20,87,false,arsenal.com,https://www.arsenal.com/media/video/playlist/88399,Highlights | Brighton 3-0 Arsenal | bitesize,fresh,2026-09-19,0,,,,2026-09-19,,200,,true
football development,20,88,false,thrive4grassroots.com,https://thrive4grassroots.com/blog/,Blog - Thrive4Grassroots,fresh,2026-07-21,0.2,,,,2026-07-21,,200,,true
football development,20,90,false,footballparent.co.uk,https://www.footballparent.co.uk/parent-guides/are-football-development-centres-worth-it,Are Football Development Centres Worth It?,fresh,2026-05-29,0.3,,,,2026-05-29,,,"own page, not fetched",false
football development,20,91,false,wemakefootballers.com,https://wemakefootballers.com/uk/regions/london,London Kid's Football Training,unknown,,,,,,,,200,,true
football development,20,92,false,facebook.com,https://www.facebook.com/fb-answers/best-youth-football-development-uk/,Best Youth Football Development UK,unknown,,,,,,,,400,,false
football development,20,94,false,learn.englandfootball.com,https://learn.englandfootball.com/sessions,Sessions,unknown,,,,,,,,200,,false
football development,20,95,false,youtube.com,https://www.youtube.com/watch?v=hE1lqkj8Wco,"Trump calls effort to slow down AI development a ""globalist ...",fresh,2026-09-22,0,,2026-09-22,,2026-09-22,,200,,false
football development,20,96,false,fancode.com,https://www.fancode.com/football/tour/ifa-shield-2026-19890579/video-highlights/ifa-shield-2026-live-on-fancode-223596,IFA Shield 2026: Live on FanCode!,fresh,2026-09-21,0,,,,2026-09-21,,200,,true
football development,20,97,false,reddit.com,https://www.reddit.com/r/coys/comments/1wkxsqv/williamsbarnett_and_olusesi_combining_for_3rd/,Williams-Barnett and Olusesi combining for 3rd goal against ...,fresh,2026-09-19,0,,,,2026-09-19,,200,,false
football development,20,99,false,instagram.com,https://www.instagram.com/reel/DdbtZVPsR7o/,Olaitan's tenacity  #UEL,fresh,2026-09-18,0,,,,2026-09-18,,200,,false
football development,20,100,false,athleticfootball.co.uk,https://www.athleticfootball.co.uk/academy/boys-development,Boys Development - Academy - Athletic Football Group,unknown,,,,,,,,200,,true
football development,20,101,false,elitefootballdevelopment.co.uk,https://www.elitefootballdevelopment.co.uk/our-classes,Coaching & Booking Options | EliteFootballDevAcad,unknown,,,,,,,,200,,true
football development,20,102,false,arsenal.com,https://www.arsenal.com/media/video/playlist/88278,Max's magical night at Portman Road,fresh,2026-09-16,0,,,,2026-09-16,,200,,true
football development,20,103,false,360tft.co.uk,https://360tft.co.uk/football-coaching-academy-landing/,Football Coaching Academy - 1000+ Session Plans & UEFA ...,unknown,,,,,,,2026-09-24,200,,true
football development,20,105,false,thefa.com,https://www.thefa.com/yourgame,"Get involved in English football: Play, Coach, Referee ...",unknown,,,,,,,,200,,false
football development,20,106,false,elitedevelopmentcoaching.co.uk,https://www.elitedevelopmentcoaching.co.uk/,"Elite Development Coaching | Sports Coaching, West Sussex",unknown,,,,,,,,200,,true
football development,20,107,false,youtube.com,https://www.youtube.com/watch?v=hJLfzh1e_xg,National League System Coach Development Webinar,fresh,2026-03-20,0.5,,2026-03-20,,2026-03-20,,200,,false
football development,20,109,false,nytimes.com,https://www.nytimes.com/video/arts/100000011159512/connie-britton-on-her-favorite-tv-shows.html,Connie Britton on Her Favorite TV Shows,fresh,2026-09-21,0,,,,2026-09-21,,403,,true
football development,20,110,false,fancode.com,https://www.fancode.com/football/tour/laliga-202627-19782952/video-highlights/fc-barcelona-72-racing-club-de-santander-round-6-223445,FC Barcelona 7-2 Racing Club de Santander | Round 6,fresh,2026-09-18,0,,,,2026-09-18,,200,,true
football development,20,111,false,youtube.com,https://www.youtube.com/watch?v=O37EwYwzaYA,Building Physical Capability To Support Football Development,stale,2020-06-03,6.3,,2020-06-03,,2020-06-03,,200,,false
football development,20,112,false,uk.squadda.com,https://uk.squadda.com/youth-football-player-development/,Youth Football Player Development - squadda UK,fresh,2026-09-18,0,2026-09-18,2026-09-10,,2026-09-14,,200,,true
football development,20,113,false,fancode.com,https://www.fancode.com/cricket/tour/india-tour-of-afghanistan-2026-19817039/video-highlights/sanju-samsons-50-off-35-3rd-t20i-english-highlights-223472,Sanju Samson's 50 off 35 | 3rd T20I | English highlights,fresh,2026-09-17,0,,,,2026-09-17,,200,,true
football development,20,114,false,arsenal.com,https://www.arsenal.com/media/video/playlist/88418,Extended Highlights: Arsenal Women 1-1 Man United,fresh,2026-09-20,0,,,,2026-09-20,,200,,true
football scholarships,19,2,true,oriamscotland.com,https://oriamscotland.com/oriam/performance-sports/sports-scholarships/football-scholarships/,Football Scholarships - Edinburgh - Scotland,fresh,2026-09-04,0.1,2026-09-04,2024-09-20,,,,200,,true
football scholarships,19,3,true,uksportsscholarships.com,https://www.uksportsscholarships.com/football-scholarships/,UK Football Scholarships,fresh,2025-06-03,1.3,2025-06-03,2018-09-02,,2025-06-03,,200,,true
football scholarships,19,4,true,foundationoflight.co.uk,https://foundationoflight.co.uk/what-we-do/find-a-programme/programmes/football-scholarship/,Football Scholarship - Sunderland,unknown,,,,,,,,200,,true
football scholarships,19,5,true,ssusa.co.uk,https://www.ssusa.co.uk/,UK to USA Sport Scholarships | Football & Soccer ...,unknown,,,,,,,2026-09-22,200,,true
football scholarships,19,7,true,camre.ac.uk,https://www.camre.ac.uk/16-courses/cambridge-united-football-scholarship/,Cambridge United Football Scholarship,fresh,2026-01-08,0.7,2026-01-08,2021-11-08,,,,200,,true
football scholarships,19,8,true,soccerstudentpathway.com,https://www.soccerstudentpathway.com/soccer-scholarships,Football Scholarships,unknown,,,,,,,2026-09-21,200,,true
football scholarships,19,9,true,emc-academy.co.uk,https://www.emc-academy.co.uk/post-16-scholarship-programme,Post 16 Football Scholarships,unknown,,,,,,,,200,,true
football scholarships,19,10,true,thesixthformpartnership.com,https://www.thesixthformpartnership.com/football-scholarship,Football Scholarship — Welcome - The Sixth Form Partnership,unknown,,,,,,,,200,,true
football scholarships,19,11,true,internationalfootball.academy,https://internationalfootball.academy/fcv-football-academy-trials-and-scholarship-camp/,Football Trials & Scholarship Camp - Apply Today,unknown,,,,,,,,,fetch failed,true
football scholarships,19,13,true,fabacademy.co.uk,https://fabacademy.co.uk/womens-scholarships,Football Scholarships | Professional Coaching - FAB Academy,fresh,2025-11-07,0.9,2025-11-07,2023-09-20,,,,200,,true
football scholarships,19,14,true,eastleighfc.com,https://eastleighfc.com/youth/scholarships/,Scholarships (U17-U19),unknown,,,,,,,,200,,true
football scholarships,19,15,true,ussportsscholarships.com,https://www.ussportsscholarships.com/football-scholarships/,Everything You Need to Know About Football Scholarships ...,stale,2019-02-17,7.6,2019-02-17,2019-02-17,,,2026-09-23,200,,true
football scholarships,19,16,true,uel.ac.uk,https://www.uel.ac.uk/study/campus-life/sport/sports-scholarships/performance-sports/football,Football,unknown,,,,,,,2026-09-24,200,,true
football scholarships,19,17,true,looking-for-soccer.com,https://looking-for-soccer.com/en-gb/scholarship-football-usa/,Get a football scholarship and study in the USA,fresh,2025-03-11,1.5,,,,2025-03-11,,403,,true
football scholarships,19,18,true,lvs.ascot.sch.uk,https://www.lvs.ascot.sch.uk/admissions/football-scholarships/,"Football Scholarships - Years 7, 8, 9, 10, 12",unknown,,,,,,,,200,,true
football scholarships,19,19,false,footballparent.co.uk,https://www.footballparent.co.uk/academy-pathway/football-scholarships-uk,Football Scholarships in the UK,fresh,2026-06-13,0.3,,,,2026-06-13,,,"own page, not fetched",false
football scholarships,19,20,false,idasheffield.co.uk,https://www.idasheffield.co.uk/ida-scholarships,Football Scholarships | Inspire Development ...,unknown,,,,,,,,200,,true
football scholarships,19,21,false,stir.ac.uk,https://www.stir.ac.uk/student-life/sport-at-stirling/performance-sport/football-men/,Football (men) | Student life,fresh,2026-08-27,0.1,,2026-08-27,,,,200,,true
football scholarships,19,22,false,studyinternational.com,https://studyinternational.com/news/european-football-scholarships/,The best football scholarships in Europe for aspiring players,fresh,2026-07-03,0.2,2026-07-03,2026-07-01,2026-06-30,2026-07-01,2026-07-03,200,,true
football scholarships,19,24,false,future-pro.co.uk,https://future-pro.co.uk/scholarships-female/,Female Scholarships,unknown,,,,,,,,404,,true
football scholarships,19,25,false,youthfootballscotland.co.uk,https://www.youthfootballscotland.co.uk/usascholarships,American Scholarships with Future Pro USA,unknown,,,,,,,,200,,true
football scholarships,19,26,false,glos.ac.uk,https://www.glos.ac.uk/sport/sport-scholarships/womens-football-scholarship/,Women's football scholarship,unknown,,,,,,,,403,,true
football scholarships,19,27,false,ultimatefca.co.uk,https://www.ultimatefca.co.uk/scholars,Scholarship Programme - ultimate football coaching academy,unknown,,,,,,,,200,,true
football scholarships,19,28,false,ianmcclurg.com,https://www.ianmcclurg.com/post/earn-a-partial-or-full-scholarship-from-a-professional-club-in-the-uk-or-europe,Earn a Partial or Full Scholarship from a Professional Club ...,fresh,2025-05-13,1.4,2025-05-13,2025-05-13,,2025-05-13,,200,,true
football scholarships,19,29,false,futureelitesports.com,https://www.futureelitesports.com/football-scholarships,USA Football Scholarships,stale,2023-07-19,3.2,2023-07-19,2021-06-15,,,2025-07-16,200,,true
football scholarships,19,30,false,isportsgroup.co.uk,https://www.isportsgroup.co.uk/copy-of-men-s-college-scholarship,Men's Football Scholarship & Education Programme,unknown,,,,,,,,200,,true
football scholarships,19,31,false,fabacademy.co.uk,https://fabacademy.co.uk/internationalacademy,International Football Scholarships | Professional Coaching,fresh,2026-01-12,0.7,2026-01-12,2023-05-22,,,,200,,true
football scholarships,19,32,false,myscholarhq.com,https://www.myscholarhq.com/top-23-football-scholarships-for-16-year-olds-in-the-uk/,Top 23 Football Scholarships for 16-Year-Olds in the UK,fresh,2025-03-03,1.6,2025-03-03,2025-03-02,,2025-03-02,,200,,true
football scholarships,19,33,false,alicantefootballacademy.com,https://alicantefootballacademy.com/free-football-academy-in-europe-for-international-students-options/,Free Football Academy In Europe For International ...,fresh,2026-07-07,0.2,2026-07-07,2025-12-01,2026-07-06,2025-12-01,,200,,true
football scholarships,19,35,false,facebook.com,https://www.facebook.com/ukfsofficial/photos/%F0%9D%90%87%F0%9D%90%A8%F0%9D%90%B0-%F0%9D%90%9D%F0%9D%90%A8-%F0%9D%90%AC%F0%9D%90%9C%F0%9D%90%A1%F0%9D%90%A8%F0%9D%90%A5%F0%9D%90%9A%F0%9D%90%AB%F0%9D%90%AC%F0%9D%90%A1%F0%9D%90%A2%F0%9D%90%A9%F0%9D%90%AC-%F0%9D%90%B0%F0%9D%90%A8%F0%9D%90%AB%F0%9D%90%A4-%F0%9D%90%9A%F0%9D%90%AD-%F0%9D%90%94%F0%9D%90%8A-%F0%9D%90%9F%F0%9D%90%A8%F0%9D%90%A8%F0%9D%90%AD%F0%9D%90%9B%F0%9D%90%9A%F0%9D%90%A5%F0%9D%90%A5-%F0%9D%90%9E%F0%9D%90%9D%F0%9D%90%AE%F0%9D%90%9C%F0%9D%90%9A%F0%9D%90%AD%F0%9D%90%A2%F0%9D%90%A8%F0%9D%90%A7-%F0%9D%90%AC%F0%9D%90%9C%F0%9D%90%A1%F0%9D%90%A8%F0%9D%90%A8%F0%9D%90%A5%F0%9D%90%AC-its-a-question-we-get-/1500014298804677/,"""𝐇𝐨𝐰 𝐝𝐨 𝐬𝐜𝐡𝐨𝐥𝐚𝐫𝐬𝐡𝐢𝐩𝐬 𝐰𝐨𝐫𝐤 𝐚𝐭 𝐔𝐊 𝐟𝐨𝐨𝐭𝐛𝐚𝐥𝐥 ...",unknown,,,,,,,,200,,false
football scholarships,19,36,false,chelmsford.ac.uk,https://www.chelmsford.ac.uk/our-college/the-football-academy-usa-scholarships.asp,Scholarships With The Football Academy,unknown,,,,,,,,200,,true
football scholarships,19,37,false,trc.ac.uk,https://www.trc.ac.uk/football-academy/,Football Scholarship Parkgate FC,unknown,,,,,,,,200,,true
football scholarships,19,38,false,keystonesports.uk,https://keystonesports.uk/college-sports/football-scholarships/,Football Scholarships - Keystone Sports,fresh,2026-08-20,0.1,2026-08-20,2023-06-20,,,2026-09-24,200,,true
football scholarships,19,39,false,futureprousa.com,https://www.futureprousa.com/soccer,Soccer Scholarships in America from UK,unknown,,,,,,,,200,,true
football scholarships,19,40,false,breakingthelines.com,https://breakingthelines.com/@btl/best-uk-universities-offering-soccer-scholarships,Best UK Universities Offering Soccer Scholarships,fresh,2026-09-04,0.1,2026-09-04,2025-07-31,,2025-07-31,,200,,true
football scholarships,19,41,false,inmotion-sportsagency.co.uk,https://inmotion-sportsagency.co.uk/scholarships/,Scholarships,stale,2024-05-11,2.4,2024-05-11,2024-05-10,,,,200,,true
football scholarships,19,42,false,elitecoaching-academy.net,https://www.elitecoaching-academy.net/scholarship,16-19 Scholarship,unknown,,,,,,,,200,,true
football scholarships,19,43,false,fcmsm.eu,https://fcmsm.eu/en/your-chance/,"Czech Grant ""Your Chance"" – win a grant for education ...",fresh,2025-04-14,1.4,2025-04-14,,,,,200,,true
football scholarships,19,44,false,justfootball.ac,https://www.justfootball.ac/football-scholarships,Just Football Academy — Football Scholarships to the USA ...,unknown,,,,,,,,200,,true
football scholarships,19,46,false,thisathlete.com,https://thisathlete.com/guide-to-us-sports-scholarships-for-uk-footballers/,Guide to US Sports Scholarships for UK Footballers,fresh,2025-10-14,0.9,2025-10-14,2025-10-14,,2025-10-14,,200,,true
football scholarships,19,47,false,internationalacademyfootball.com,https://internationalacademyfootball.com/apply-now-2025-male/,Apply Now Academy of Football 2026,fresh,2026-03-31,0.5,2026-03-31,2025-03-25,,,2026-09-24,200,,true
football scholarships,19,48,false,footballicon.com,https://www.footballicon.com/scholarships,Football Icon Academy | Scholarships,unknown,,,,,,,,200,,true
football scholarships,19,49,false,russellmartinfoundation.co.uk,https://www.russellmartinfoundation.co.uk/education/football-scholarship-programme,Football Scholarship Programme,unknown,,,,,,,2026-09-23,200,,true
football scholarships,19,50,false,afglobal.football,https://www.afglobal.football/football-scholarship-in-uk-trial-days,Football Scholarship in UK Trial Days | Boys 7-11y,unknown,,,,,,,,200,,true
football scholarships,19,51,false,dailycannon.com,https://dailycannon.com/arsenal-youth/what-are-scholarship-deals-football/,What are scholarship deals at Premier League football ...,stale,2024-02-25,2.6,2024-02-25,2024-02-25,,,2026-09-23,200,,true
football scholarships,19,52,false,ucas.com,https://www.ucas.com/money-and-student-life/money/scholarships-grants-and-bursaries/sports,"Scholarships, grants, and bursaries: Sports",unknown,,,,,,,2026-09-24,200,,true
football scholarships,19,53,false,prestigefootballschools.com,https://prestigefootballschools.com/pages/scholarships-for-independent-football-schools,UK Football Scholarships: How They Work and Who Gets ...,unknown,,,,,,,,200,,true
football scholarships,19,54,false,tass.gov.uk,https://tass.gov.uk/,TASS – Talented Athlete Scholarship Scheme UK,fresh,2026-01-29,0.7,2026-01-29,2022-06-09,,,2026-09-24,200,,false
football scholarships,19,55,false,soccer-assist.co.uk,https://www.soccer-assist.co.uk/,Soccer Assist,unknown,,,,,,,,200,,true
football scholarships,19,57,false,dailycannon.com,https://dailycannon.com/arsenal-youth/what-are-scholarship-deals-football/,What are scholarship deals at Premier League football ...,stale,2024-02-25,2.6,2024-02-25,2024-02-25,,,2026-09-23,200,,true
football scholarships,19,58,false,millhill.org.uk,https://www.millhill.org.uk/sport/sports-scholarships,Sports Scholarships,unknown,,,,,,,,200,,true
football scholarships,19,59,false,bold.org,https://bold.org/scholarships/by-type/athletic/football-scholarships/,Top 15 Football Scholarships in September 2026,fresh,2026-09-20,0,,,,2026-09-20,,429,,true
football scholarships,19,60,false,nottingham.ac.uk,https://www.nottingham.ac.uk/pgstudy/funding/sports-scholarships,Sports scholarships,unknown,,,,,,,,200,,true
football scholarships,19,61,false,facebook.com,https://www.facebook.com/ukfsofficial/posts/%F0%9D%90%87%F0%9D%90%A8%F0%9D%90%B0-%F0%9D%90%9D%F0%9D%90%A8-%F0%9D%90%AC%F0%9D%90%9C%F0%9D%90%A1%F0%9D%90%A8%F0%9D%90%A5%F0%9D%90%9A%F0%9D%90%AB%F0%9D%90%AC%F0%9D%90%A1%F0%9D%90%A2%F0%9D%90%A9%F0%9D%90%AC-%F0%9D%90%B0%F0%9D%90%A8%F0%9D%90%AB%F0%9D%90%A4-ukfootballschools/1514126230726817/,"""𝐇𝐨𝐰 𝐝𝐨 𝐬𝐜𝐡𝐨𝐥𝐚𝐫𝐬𝐡𝐢𝐩𝐬 𝐰𝐨𝐫𝐤?""  #ukfootballschools",fresh,2026-08-23,0.1,,,,2026-08-23,,400,,false
football scholarships,19,62,false,inmotion-scholarships.co.uk,https://www.inmotion-scholarships.co.uk/,InMotion Scholarships | Leading US Football Scholarship ...,unknown,,,,,,,,200,,true
football scholarships,19,63,false,quora.com,https://www.quora.com/How-can-I-get-a-free-football-scholarship-study-and-play-football-in-London-without-paying-out-any-money,How can I get a free football scholarship study and play ...,unknown,,,,,,,,403,,false
football scholarships,19,64,false,techsoccer.co.uk,https://www.techsoccer.co.uk/scholarships,Football & Education Scholarships | Youth Sports ...,unknown,,,,,,,,200,,true
football scholarships,19,65,false,prosoccerglobal.com,https://www.prosoccerglobal.com/global-soccer-scholarships,Global Soccer Scholarships,unknown,,,,,,,,200,,true
football scholarships,19,66,false,idasheffield.co.uk,https://www.idasheffield.co.uk/athletic-scholarships,Football Scholarships,unknown,,,,,,,,200,,true
football scholarships,19,68,false,europeanfootball.academy,https://europeanfootball.academy/football-scholarship-programme/,Scholarships,fresh,2025-03-07,1.6,2025-03-07,2023-02-17,,,2026-09-24,200,,true
football scholarships,19,69,false,emc-academy.co.uk,https://www.emc-academy.co.uk/usa-scholarship-trials,USA Scholarship Trials,unknown,,,,,,,,,fetch failed,true
football scholarships,19,70,false,isportsgroup.co.uk,https://www.isportsgroup.co.uk/womens-football-scholarship,Womens Football Scholarship,unknown,,,,,,,,200,,true
football scholarships,19,71,false,facebook.com,https://www.facebook.com/groups/1888488331429720/posts/3897716583840208/,FOOTBALL SCHOLARSHIPS ‼️ CALLING ALL SCHOOL ...,unknown,,,,,,,,400,,false
football scholarships,19,72,false,uksportsscholarships.com,https://www.uksportsscholarships.com/,U.K Sports Scholarships - University Scholarship Recruitment,fresh,2025-06-03,1.3,,,,2025-06-03,,200,,true
football scholarships,19,73,false,violetfootballacademy.co.uk,https://violetfootballacademy.co.uk/football-scholarship-education-in-england/,Football Scholarship Education in England,unknown,,,,,,,,200,,true
football scholarships,19,74,false,msporti.co.uk,https://msporti.co.uk/clubs-and-courses/scholarships/msporti-sports-scholarship-consultancy,Schools Sports Scholarship Consultancy | mSPORTi,unknown,,,,,,,,200,,true
football scholarships,19,75,false,afglobal.football,https://www.afglobal.football/our-foundation,Our Foundation | AF Global Football Academy UK & Spain,unknown,,,,,,,,200,,true
football scholarships,19,76,false,unitedselect.co.uk,https://www.unitedselect.co.uk/scholarship-builds,CONSULTANCY,unknown,,,,,,,,200,,true
football scholarships,19,77,false,internationalacademyfootball.com,https://internationalacademyfootball.com/enroll-now-2/,west ham united foundation - The Academy of Football,fresh,2025-07-18,1.2,2025-07-18,2021-09-14,,,2026-09-24,200,,true
football scholarships,19,79,false,internationalacademyfootball.com,https://internationalacademyfootball.com/enroll-now-2/,west ham united foundation - The Academy of Football,fresh,2025-07-18,1.2,2025-07-18,2021-09-14,,,2026-09-24,200,,true
football scholarships,19,80,false,hub.lifeplan.co.uk,https://hub.lifeplan.co.uk/lifeplan-news/score-a-football-scholarship-in-the-uk-your-ultimate-guide-1764808298,Score A Football Scholarship In The UK: Your Ultimate Guide,fresh,2025-12-04,0.8,,2025-12-04,,2025-12-03,2025-12-04,200,,true
football scholarships,19,81,false,fanbanter.co.uk,https://fanbanter.co.uk/top-scholarships-to-receive-the-best-education-for-football-players/,Top Scholarships to Receive the Best Education For ...,unknown,,,,,,,,200,,true
football scholarships,19,82,false,vocal.media,https://vocal.media/writers/apply-for-football-academy-scholarships-in-europe,Apply For Football Academy Scholarships in Europe | Writers,unknown,,,,,,,,200,,true
football scholarships,19,83,false,fiso.co.uk,https://www.fiso.co.uk/the-list-of-top-football-scholarships-in-2021/,The list of top football scholarships in 2021 -,stale,2021-06-10,5.3,2021-06-10,2021-06-10,,2021-06-10,,200,,true
football scholarships,19,84,false,westlondonsport.com,https://www.westlondonsport.com/sport/best-football-scholarships-in-the-uk,Best Football Scholarships in the UK,stale,2023-11-06,2.9,2023-11-06,2023-05-10,,2023-05-10,2026-09-24,200,,true
football scholarships,19,85,false,apply.recruitmenttrust.com,https://apply.recruitmenttrust.com/football-scholarships-uk/,Football Scholarships UK: The Ultimate 2026 Guide For ...,fresh,2025-12-04,0.8,2025-12-04,2025-06-30,,,,200,,true
football scholarships,19,86,false,isportsgroup.co.uk,https://www.isportsgroup.co.uk/copy-of-men-s-scholarship,Men's Football Scholarship & University Degree Programme,unknown,,,,,,,,200,,true
football scholarships,19,88,false,instagram.com,https://www.instagram.com/reel/Ddh30lCRumo/,The sweetest surprise from the Stafford family!!!  @ ...,fresh,2026-09-21,0,,,,2026-09-21,,200,,false
football scholarships,19,90,false,facebook.com,https://www.facebook.com/thedailysportuk/posts/4-football-scholarships-in-europe-for-international-students-a-gateway-to-pursui/247172424575124/,4 Football Scholarships in Europe for International Students,unknown,,,,,,,,400,,false
football scholarships,19,91,false,prestigefootballschools.com,https://prestigefootballschools.com/blogs/news/exploring-financial-aid-and-scholarships-for-uk-football-boarding-schools,Exploring Financial Aid and Scholarships for UK Football…,fresh,2026-03-27,0.5,2026-03-27,2026-03-27,,2024-12-05,,200,,true
football scholarships,19,92,false,vitalfootball.co.uk,https://vitalfootball.co.uk/top-10-football-scholarships-in-the-uk-for-students-in-2022/,Top 10 Football Scholarships in the UK for Students in 2022,stale,2022-08-19,4.1,2022-08-19,2022-08-19,,2022-08-19,,200,,true
football scholarships,19,93,false,reddit.com,https://www.reddit.com/r/travisandtaylor/comments/1wmpnz7/bill_simmons_buries_taylor_for_pointing_at_her/,Bill Simmons buries Taylor for pointing at her ring.,fresh,2026-09-21,0,,,,2026-09-21,,200,,false
football scholarships,19,94,false,cristianoronaldotabs.com,https://cristianoronaldotabs.com/4-best-football-scholarships-available-in-europe/,4 Best Football Scholarships Available In Europe For ...,stale,2023-10-16,2.9,2023-10-16,2023-10-16,,2023-10-16,,200,,true
football scholarships,19,95,false,insidethehall.com,https://www.insidethehall.com/2026/09/19/video-quotes-curt-cignetti-reacts-to-iu-footballs-win-against-western-kentucky/,"Video, Quotes: Curt Cignetti reacts to IU football's win against ...",fresh,2026-09-20,0,2026-09-20,2026-09-19,,2026-09-20,,200,,true
football scholarships,19,96,false,instagram.com,https://www.instagram.com/reel/DdkjwSfAqiR/,A blue UCLA flag waves over a packed football stadium ...,fresh,2026-09-22,0,,,,2026-09-22,,200,,false
football scholarships,19,98,false,prestigefootballschools.ru,https://www.prestigefootballschools.ru/en/blogs/news/the-role-of-uk-football-schools-in-earning-scholarships-at-top-universities?srsltid=AU7gw4XCYtItUVrBywmYa-pzPUTBg9uFKm0KFJh5D3ykHH6rZ6ovGq4M,The Role of UK Football Schools in Earning Scholarships at ...,unknown,,,,,,,,404,,true
football scholarships,19,99,false,isportsgroup.co.uk,https://www.isportsgroup.co.uk/scholarship-application,Football Scholarship Application,unknown,,,,,,,,200,,true
football scholarships,19,101,false,wbay.com,https://www.wbay.com/2026/09/20/36th-annual-burgerfest-held-seymour/,36th annual BurgerFest held in Seymour,fresh,2026-09-20,0,2026-09-20,2026-09-20,,2026-09-20,2026-09-24,200,,true
football scholarships,19,102,false,facebook.com,https://www.facebook.com/SportsCenter/videos/hotty-toddy-on-the-money-pat-mcafee-cfb/1112621308374147/,HOTTY TODDY ON THE MONEY  Pat McAfee #cfb,fresh,2026-09-19,0,,,,2026-09-19,,200,,false
football scholarships,19,103,false,tiktok.com,https://www.tiktok.com/@crazy_kennar/video/7687510058132851989,WHERE DOES GREATNESS BEGIN? This year's Africa ...,fresh,2026-09-20,0,,,,2026-09-20,,200,,false
football scholarships,19,105,false,coachesinsider.com,https://coachesinsider.com/baseball/indoor-practice-drills-for-infielders-with-adam-rosen-rose-hulman-institute-of-technology/,Indoor Practice Drills for Infielders with Adam Rosen,fresh,2026-09-22,0,,2026-09-22,,2026-09-22,2026-09-24,200,,true
football scholarships,19,106,false,instagram.com,https://www.instagram.com/p/DdgLKj6m6x4/,Pure cinema Lane Kiffin fell to his knees when Sam Leavitt's ...,fresh,2026-09-20,0,,,,2026-09-20,,200,,false
football scholarships,19,107,false,facebook.com,https://www.facebook.com/bloombergbusiness/videos/sometimes-unhappiness-may-be-a-precondition-for-achievementat-a-special-edition-/1069362605981887/,George Yeo: Why Singapore Is Rich Yet On Unhappiest ...,fresh,2026-09-22,0,,,,2026-09-22,,200,,false
football scholarships,19,108,false,tiktok.com,https://www.tiktok.com/@tineocollegeprep/video/7688360578418609438,2027 Official US News College Rankings . . . . #highschool ...,fresh,2026-09-22,0,,,,2026-09-22,,200,,false
football scholarships,19,109,false,npflupdates.com,https://npflupdates.com/4-easy-and-best-ways-to-get-sports-scholarship-in-uk-universities/,4 Easy And Best Ways To Get Sports Scholarship In UK ...,stale,2024-02-05,2.6,2024-02-05,2024-02-05,,2024-02-05,,200,,true
football scholarships,19,110,false,facebook.com,https://www.facebook.com/groups/1078888533103508/posts/1545777349747955/,Scholarship and football opportunities for young footballers,unknown,,,,,,,,400,,false
how to run a football academy,14,2,true,kixx.org.uk,https://kixx.org.uk/keepy-up-to-date/how-to-run-a-successful-football-academy-for-kids/,How To Run A Successful Football Academy For Kids,stale,2023-11-10,2.9,2023-11-10,2023-10-12,,2023-10-12,2026-09-24,200,,true
how to run a football academy,14,4,true,goalstation.com,https://goalstation.com/blogs/magazine/how-to-start-a-football-academy,How to Start a Football Academy: The 10 Decisions,fresh,2026-03-26,0.5,,,,2026-03-26,,200,,true
how to run a football academy,14,5,true,classforkids.com,https://www.classforkids.com/blog/how-to-start-a-football-coaching-business/,How to Start a Football Coaching Business: 2026 Guide,fresh,2026-05-20,0.3,2026-05-20,2025-10-21,2026-05-20,2025-10-21,,200,,true
how to run a football academy,14,6,true,premierleague.com,https://www.premierleague.com/en/footballandcommunity/youth-development/parent-hub/the-academy-experience,Youth Development - Parent Hub - The Academy Experience,unknown,,,,,,,,200,,false
how to run a football academy,14,8,true,thefa.com,https://www.thefa.com/-/media/cfa/surreyfa/files/clubs/setting-up-a-club.ashx?la=en,A Guide To: Setting up a Club,unknown,,,,,,,2024-09-23,200,non-html (application/pdf),false
how to run a football academy,14,9,true,football4football.com,https://www.football4football.com/football-training/uk-football-academy-system-intro,A quick intro to the UK's football academy system,fresh,2026-09-24,0,2026-09-24,2026-08-17,,,,200,,true
how to run a football academy,14,10,true,coach-os.com,https://www.coach-os.com/en/wiki/fussballakademie-aufbauen,Building a Football Academy: Structure and Setup,fresh,2026-09-01,0.1,2026-09-01,2026-06-23,,,,200,,true
how to run a football academy,14,11,true,global-uploads.webflow.com,https://global-uploads.webflow.com/6101756e22c7fa0383ed5ed4/64e366aca4d925d6c5e2d7ea_How%20to%20Start%20a%20Football%20Academy.pdf,How to Start a Football Academy On a Budget,unknown,,,,,,,2023-08-21,200,non-html (application/pdf),true
how to run a football academy,14,13,true,chrisplatts.co.uk,https://www.chrisplatts.co.uk/football-academies-are-a-business-and-your-child-is-the-product-2/,Football academies are a business and your child is the ...,fresh,2025-07-14,1.2,2025-07-14,2025-05-19,,2025-05-19,,200,,true
how to run a football academy,14,14,false,footballparent.co.uk,https://www.footballparent.co.uk/academy-pathway/how-academy-football-works,How Academy Football Works,unknown,,,,,,,,,"own page, not fetched",false
how to run a football academy,14,15,false,classforkids.com,https://www.classforkids.com/blog/6-ways-to-grow-your-football-academy/,Increase Your Football Academy Income - ClassForKids,fresh,2026-08-07,0.1,2026-08-07,2022-08-16,,,,200,,true
how to run a football academy,14,16,false,tactictalks.org,https://tactictalks.org/2023/09/12/establishing-a-youth-football-academy-key-considerations/,Establishing a Youth Football Academy: Key Considerations,stale,2023-09-12,3,,,,2023-09-12,,410,,true
how to run a football academy,14,17,false,youtube.com,https://www.youtube.com/watch?v=HBtSJZNRbGU,How To Sign For An ACADEMY In 2026 (Follow This Plan),fresh,2026-01-03,0.7,,2026-01-03,,2026-01-03,,200,,false
how to run a football academy,14,18,false,footballbenchmark.com,https://footballbenchmark.com/w/the-business-of-football-academies-how-clubs-create-value-from-youth-development-,How Clubs Create Value from Youth Development?,fresh,2024-11-14,1.9,,,,2024-11-14,,200,,true
how to run a football academy,14,19,false,lovesfootball.com,https://lovesfootball.com/2025/12/11/10-steps-to-get-your-child-into-an-academy/,10 Steps To Get Your Child Into An Academy,fresh,2026-07-01,0.2,2026-07-01,2025-12-11,,2025-12-11,2026-09-24,200,,true
how to run a football academy,14,20,false,activitymessenger.com,https://activitymessenger.com/blog/how-to-start-a-soccer-academy/,How to Start a Soccer Academy: Step-by-Step Guide,stale,2024-06-16,2.3,,,,2024-06-16,2026-09-23,200,,true
how to run a football academy,14,21,false,soccerstarsacademy.co.uk,https://soccerstarsacademy.co.uk/franchise-opportunities/,Kids Football Coaching Franchise Opportunities - UK,fresh,2025-02-27,1.6,2025-02-27,2021-01-08,,,,200,,true
how to run a football academy,14,22,false,pbsfootball.com,https://www.pbsfootball.com/faq-academy-football,Academy Football,unknown,,,,,,,,200,,true
how to run a football academy,14,24,false,youtube.com,https://www.youtube.com/watch?v=HBtSJZNRbGU,How To Sign For An ACADEMY In 2026 (Follow This Plan),fresh,2026-01-03,0.7,,2026-01-03,,2026-01-03,,200,,false
how to run a football academy,14,25,false,alicantefootballacademy.com,https://alicantefootballacademy.com/how-does-a-football-soccer-academy-work/,"How Does A Football Academy Work? Training, Education ...",fresh,2026-08-03,0.1,2026-08-03,2026-07-05,2026-08-02,2026-08-03,,200,,true
how to run a football academy,14,26,false,mashroo3k.com,https://mashroo3k.com/en/post/7-steps-to-establish-a-successful-football-academy-project-in-2025/,7 Steps to Establish a Successful Football Academy Project ...,fresh,2025-10-16,0.9,2025-10-16,2025-09-29,,2025-09-29,,200,,true
how to run a football academy,14,27,false,facebook.com,https://www.facebook.com/fb-answers/how-do-football-academies-work/,How Do Football Academies Work,unknown,,,,,,,,400,,false
how to run a football academy,14,28,false,internationalfootball.academy,https://internationalfootball.academy/how-to-get-into-a-football-academy/,How To Get Into A Football Academy,unknown,,,,,,,,,fetch failed,true
how to run a football academy,14,29,false,classforkids.com,https://www.classforkids.com/blog/6-ways-to-grow-your-football-academy/,Increase Your Football Academy Income - ClassForKids,fresh,2026-08-07,0.1,2026-08-07,2022-08-16,,,,200,,true
how to run a football academy,14,30,false,noblescouting.co.uk,https://www.noblescouting.co.uk/blog/understanding-the-premier-league-fa-academy-system,Understanding the Premier League & FA Academy System,fresh,2025-10-08,1,2025-10-08,2025-10-06,,2025-10-06,,200,,true
how to run a football academy,14,31,false,instagram.com,https://www.instagram.com/popular/how-to-run-a-football-academy/,How To Run A Football Academy,fresh,2026-03-19,0.5,,,,2026-03-19,,200,,false
how to run a football academy,14,32,false,spond.com,https://www.spond.com/news-and-blog/7-top-tips-on-how-to-run-a-successful-grassroots-football-club/,7 Top Tips on How to Run a Successful Grassroots ...,stale,2024-08-12,2.1,2024-08-12,2024-08-12,2024-07-21,2024-08-12,,200,,true
how to run a football academy,14,33,false,en.wikipedia.org,https://en.wikipedia.org/wiki/Youth_system,Youth system,fresh,2026-05-24,0.3,2026-05-24,2005-12-10,,,2026-09-23,200,,false
how to run a football academy,14,35,false,classcardapp.com,https://www.classcardapp.com/blog/manage-a-sports-academy,9 Key Strategies for Running a Thriving Sports Academy,fresh,2026-08-16,0.1,2026-08-16,2024-03-13,,,2026-09-24,200,,true
how to run a football academy,14,36,false,looking-for-soccer.com,https://looking-for-soccer.com/en-gb/football-academies-how-do-they-work/,Football academies : how do they work and what to expect,fresh,2024-10-09,2,,,,2024-10-09,,403,,true
how to run a football academy,14,37,false,lynk.coach,https://lynk.coach/blog/post/how-to-start-a-football-academy-a-2026-playbook,How to Start a Football Academy: A 2026 Playbook - LYNK,fresh,2026-07-30,0.2,2026-07-30,2026-05-05,,2026-05-05,2026-07-31,200,,true
how to run a football academy,14,38,false,amateur-fa.com,https://www.amateur-fa.com/clubs-and-leagues/setting-up-a-club,Setting up a club,unknown,,,,,,,,200,,true
how to run a football academy,14,39,false,helpbnk.com,https://helpbnk.com/questions/starting-a-football-coaching-academy,Starting a football coaching academy.,unknown,,,,,,,,404,,true
how to run a football academy,14,40,false,youtube.com,https://www.youtube.com/watch?v=WB1Ayn0WsXA&vl=en,How to Start a Football Club (From Real Founders),fresh,2025-04-12,1.5,,2025-04-12,,2025-04-12,,200,,false
how to run a football academy,14,41,false,goalcoaching.co.uk,https://goalcoaching.co.uk/should-i-join-an-academy-and-how-do-they-work/,Should I join an academy and how do they work?,stale,2022-10-08,4,,,,2022-10-08,,200,,true
how to run a football academy,14,42,false,afglobal.football,https://www.afglobal.football/afglobal-blogs/how-to-join-a-football-academy-in-the-uk,How To Join A Football Academy in The UK,fresh,2025-12-15,0.8,2025-12-15,2025-12-11,,2025-12-11,,200,,true
how to run a football academy,14,43,false,blog.footballteamgame.com,https://blog.footballteamgame.com/road-to-pro-level-how-football-academies-work/,Road to Pro Level: How Football Academies Work,fresh,2025-12-01,0.8,2025-12-01,2025-12-01,,2025-12-01,2026-09-24,200,,true
how to run a football academy,14,44,false,teamgrassroots.co.uk,https://www.teamgrassroots.co.uk/setup-your-own-club/,Set up your own Club,unknown,,,,,,,2026-09-24,200,,true
how to run a football academy,14,46,false,sportingfctoronto.com,https://sportingfctoronto.com/wp-content/uploads/2017/06/SportingFC_Development_Resource_Guide_2017HR2.pdf,Guidelines and Templates for Clubs and Academies,stale,2017-03-27,9.5,,,,2017-03-27,2021-06-17,200,non-html (application/pdf),true
how to run a football academy,14,47,false,playerscout.co.uk,https://playerscout.co.uk/about-football-academies/,The Truth About Football Academies 2019,stale,2020-09-22,6,2020-09-22,2019-01-01,,,,200,,true
how to run a football academy,14,48,false,franchisewmf.com,https://www.franchisewmf.com/en-gb/news/advice-on-starting-a-childrens-football-coaching-franchise-from-our-franchise-owners,Advice on starting a children's football coaching franchise from ...,unknown,,,,,,,2026-09-24,200,,true
how to run a football academy,14,49,false,beyourbest.com,https://www.beyourbest.com/insight/how-to-get-into-a-football-academy,How To Get Into A Football Academy,stale,2023-12-08,2.8,,,,2023-12-08,,,fetch failed,true
how to run a football academy,14,50,false,learn.englandfootball.com,https://learn.englandfootball.com/get-started,Get Started,stale,2022-09-21,4,,,,2022-09-21,,200,,false
how to run a football academy,14,51,false,scribd.com,https://www.scribd.com/document/907787434/football-academy,Legal Guide to Starting a Football Academy | PDF,unknown,,,,,,,,200,,true
how to run a football academy,14,52,false,soccercoachingbusiness.com,https://www.soccercoachingbusiness.com/blog/starting-soccer-training-academy?srsltid=AU7gw4W855nhZYpQDCd43P7UTVCd-yDSL6pq8bUTv83VLin1uZ2rFXIY,︎ How to Start a Soccer Training Academy (Step-by- ...,fresh,2026-09-24,0,2026-09-24,2026-04-28,,2026-04-28,,200,,true
how to run a football academy,14,53,false,medium.com,https://medium.com/@bitcademyfb/football-academy-how-to-make-it-brilliant-66c6fe67dcd1,Football Academy — How to make it brilliant?,stale,2018-08-25,8.1,2018-08-25,2018-08-21,,,,200,,true
how to run a football academy,14,54,false,thesoccerstore.co.uk,https://www.thesoccerstore.co.uk/blog/football-coaching/starting-your-own-football-club/,Guide to Starting a Football Team: Making Your Own Football ...,stale,2021-11-30,4.8,2021-11-30,,,2021-11-30,2026-09-22,200,,true
how to run a football academy,14,56,false,medium.com,https://medium.com/@bitcademyfb/football-academy-how-to-make-it-brilliant-66c6fe67dcd1,Football Academy — How to make it brilliant?,stale,2018-08-25,8.1,2018-08-25,2018-08-21,,,,200,,true
how to run a football academy,14,57,false,soccercoachingbusiness.com,https://www.soccercoachingbusiness.com/blog/starting-soccer-training-academy?srsltid=AU7gw4Wrv4KhJ4NH9PEYnyd1v38kBHgL8luIPC1vHoyD0mAWiBXDPOkp,︎ How to Start a Soccer Training Academy (Step-by- ...,fresh,2026-09-24,0,2026-09-24,2026-04-28,,2026-04-28,,200,,true
how to run a football academy,14,58,false,thesoccerstore.co.uk,https://www.thesoccerstore.co.uk/blog/football-coaching/starting-your-own-football-club/,Guide to Starting a Football Team: Making Your Own Football ...,stale,2021-11-30,4.8,2021-11-30,,,2021-11-30,2026-09-22,200,,true
how to run a football academy,14,59,false,teamstats.net,https://www.teamstats.net/blog/how-to-build-a-youth-academy-within-your-club,Start Youth Football Academy Grassroots,fresh,2026-06-27,0.2,,2026-06-27,2026-06-26,2026-06-27,,200,,true
how to run a football academy,14,60,false,franchisewmf.com,https://www.franchisewmf.com/en-gb/news/advice-on-starting-a-childrens-football-coaching-franchise-from-our-franchise-owners,Advice on starting a children's football coaching franchise from ...,unknown,,,,,,,2026-09-24,200,,true
how to run a football academy,14,61,false,coachabilitygroup.com,https://coachabilitygroup.com/post/how-to-start-your-own-football-coaching-business,How to Start Your Own Football Coaching Business,fresh,2025-10-07,1,,,,2025-10-07,,200,,true
how to run a football academy,14,62,false,ripeinsurance.co.uk,https://www.ripeinsurance.co.uk/club-leisure-insurance/blog/how-to-start-a-football-club/,How to start a football club: your step-by-step guide,fresh,2026-05-06,0.4,,2026-05-06,,2026-05-06,,200,,true
how to run a football academy,14,63,false,facebook.com,https://www.facebook.com/groups/431971493481164/posts/28235598446025095/,Starting a football academy requires careful consideration,unknown,,,,,,,,400,,false
how to run a football academy,14,64,false,easycoach.club,https://www.easycoach.club/winning-training-plan-academy/,How to Build a Winning Training Plan for Your Academy,fresh,2026-09-14,0,2026-09-14,2026-03-05,,2026-03-05,,200,,true
how to run a football academy,14,66,false,thetitansfa.com,https://thetitansfa.com/how-can-i-join-a-football-club-academy-insider-secrets/,How Can I Join a Football Club Academy: Insider Secrets,fresh,2024-12-02,1.8,2024-12-02,2024-12-02,,2024-12-02,,200,,true
how to run a football academy,14,67,false,playerscout.co.uk,https://playerscout.co.uk/football-academies/,Youth Football Academies - The Ultimate Guide (Updated),stale,2020-09-29,6,2020-09-29,2016-08-25,,,,200,,true
how to run a football academy,14,68,false,classforkids.com,https://www.classforkids.com/blog/how-to-start-a-football-academy/,How To Start a Football Academy | ClassForKids,fresh,2026-08-03,0.1,2026-08-03,2023-03-20,,2023-03-20,,200,,true
how to run a football academy,14,69,false,alicantefootballacademy.com,https://alicantefootballacademy.com/how-to-join-football-club-academy/,How To Join A Football Club Academy in 2026,fresh,2026-04-24,0.4,2026-04-24,2025-12-11,,,,200,,true
how to run a football academy,14,70,false,getomnify.com,https://www.getomnify.com/blog/how-to-start-a-youth-soccer-academy-a-complete-business-guide,Starting a Soccer Training Academy: Full Business Guide,fresh,2026-09-24,0,2026-09-23,2026-09-24,,2025-08-13,2026-09-24,200,,true
how to run a football academy,14,71,false,youtube.com,https://www.youtube.com/watch?v=pat0Jd2onTo,How To Get Started Creating Your Soccer Academy,stale,2016-02-23,10.6,,2016-02-23,,2016-02-23,,200,,false
how to run a football academy,14,72,false,instagram.com,https://www.instagram.com/reel/DdjQP_yibLx/,Body feint explained,fresh,2026-09-21,0,,,,2026-09-21,,200,,false
how to run a football academy,14,73,false,hltv.org,https://www.hltv.org/matches/2398557/pain-academy-vs-sementes-do-mal-cct-2026-south-america-series-6,paiN Academy vs. Sementes do Mal at CCT 2026 South ...,fresh,2026-09-23,0,,,,2026-09-23,,403,,true
how to run a football academy,14,74,false,facebook.com,https://www.facebook.com/groups/841289323059248/posts/1622354898286016/,How to start a sports academy,unknown,,,,,,,,400,,false
how to run a football academy,14,75,false,therams.com,https://www.therams.com/video/nate-landman-terrance-ferguson-kyren-williams-steve-avila-recap-rams-28-6-week-2-win-giants-sofi-stadium,"Nate Landman, Terrance Ferguson, Kyren Williams & Steve ...",fresh,2026-09-22,0,2026-09-22,2026-09-22,,2026-09-22,,200,,true
how to run a football academy,14,77,false,youtube.com,https://www.youtube.com/watch?v=PJcRpmLrK7w,How to successfully run a youths grassroots football club,stale,2021-04-29,5.4,,2021-04-29,,2021-04-29,,200,,false
how to run a football academy,14,78,false,buildmysportsbiz.com,https://www.buildmysportsbiz.com/blog/starting-a-football-academy,How To Get Started Creating Your Soccer Academy Business,stale,2023-08-22,3.1,,,,2023-08-22,,200,,true
how to run a football academy,14,79,false,thrive4activities.com,https://thrive4activities.com/blog/11-ways-to-increase-your-football-academy-revenue/,11 ways to increase your football academy revenue,fresh,2026-08-07,0.1,2026-08-07,2026-03-05,,,,200,,true
how to run a football academy,14,80,false,reddit.com,https://www.reddit.com/r/ManchesterUnited/comments/1wnucy6/andr%C3%A9_onana_30yearold_cameroonian_goalkeeper_just/,"André Onana, 30-year-old Cameroonian Goalkeeper Just ...",fresh,2026-09-23,0,,,,2026-09-23,,200,,false
how to run a football academy,14,81,false,tiktok.com,https://www.tiktok.com/@gcfctraining/video/7687653467262930189,Turning this Vapor 17 ACADEMY to ELITE  Today I try and ...,fresh,2026-09-20,0,,,,2026-09-20,,200,,false
how to run a football academy,14,82,false,instagram.com,https://www.instagram.com/reel/DdjVAKPIOxz/,4⃣ Ways to tackle like Virgil van Dijk  Proper defending ...,fresh,2026-09-21,0,,,,2026-09-21,,200,,false
how to run a football academy,14,83,false,fremantlefc.com.au,https://www.fremantlefc.com.au/video/2132815/last-two-minutes-preliminary-final-v-sydney?videoId=2132815&modal=true&type=video&publishFrom=1789734900001,Last Two Minutes: Preliminary Final v Sydney,fresh,2026-09-18,0,,,,2026-09-18,,200,,true
how to run a football academy,14,84,false,hltv.org,https://www.hltv.org/matches/2398647/basement-boys-vs-gbc-leonbet-masters-season-1,BASEMENT BOYS vs. GBC at LeonBet Masters Season 1,fresh,2026-09-23,0,,,,2026-09-23,,403,,true
how to run a football academy,14,85,false,abc7ny.com,https://abc7ny.com/watch/live/,Eyewitness News Live Streaming Video,fresh,2026-09-23,0,,2021-09-30,,2026-09-23,2026-09-24,200,,true
how to run a football academy,14,86,false,thetitansfa.com,https://thetitansfa.com/insiders-guide-how-to-get-into-academy-football/,Insider's Guide: How to Get into Academy Football,fresh,2024-10-14,1.9,2024-10-14,2024-10-14,,2024-10-14,,200,,true
how to run a football academy,14,88,false,thetitansfa.com,https://thetitansfa.com/insiders-guide-how-to-get-into-academy-football/,Insider's Guide: How to Get into Academy Football,fresh,2024-10-14,1.9,2024-10-14,2024-10-14,,2024-10-14,,200,,true
how to run a football academy,14,89,false,ukfootballacademyfinder.com,https://ukfootballacademyfinder.com/football_pathway_advice/private-football-academies-how-to-become-professional-football-player-pro-club-acadamies/,Private Football Academies: A Great Pathway to ...,stale,2024-09-23,2,2024-09-23,2023-06-14,,2023-06-14,,200,,true
how to run a football academy,14,90,false,youtube.com,https://www.youtube.com/watch?v=T8-DmKbcOak,How To Build The Perfect Football Academy From Scratch,fresh,2024-10-30,1.9,,2024-10-30,,2024-10-30,,200,,false
how to run a football academy,14,91,false,reddit.com,https://www.reddit.com/r/ManchesterUnited/comments/1win5ge/10_years_legacy_knuckle_ball_1v1/,10+ year's legacy. Knuckle ball 1v1 : r/ManchesterUnited,fresh,2026-09-17,0,,,,2026-09-17,,200,,false
how to run a football academy,14,92,false,therams.com,https://www.therams.com/video/rams-giants-pregame-show-sofi-stadium-players-to-watch-game-predictions,New York Giants Pregame Show from SoFi Stadium | Players to ...,fresh,2026-09-22,0,2026-09-21,2026-09-21,,2026-09-22,,200,,true
how to run a football academy,14,93,false,tiktok.com,https://www.tiktok.com/@manchesternews/video/7687650348307057942,This is the moment Ex-England footballer Andros Townsend ...,fresh,2026-09-20,0,,,,2026-09-20,,200,,false
how to run a football academy,14,94,false,facebook.com,https://www.facebook.com/FOXFootball/videos/crazy-scenes-in-the-thai-league-former-premier-league-star-andros-townsend-was-k/1941991430112128/,Crazy scenes in the Thai League!  Former Premier ...,fresh,2026-09-20,0,,,,2026-09-20,,200,,false
how to run a football academy,14,95,false,reddit.com,https://www.reddit.com/r/Aleague/comments/1wlsqo5/garang_kuol_scores_90th_min_equaliser_on_debut/,Garang Kuol scores 90th min equaliser on debut : r/Aleague,fresh,2026-09-20,0,,,,2026-09-20,,200,,false
how to run a football academy,14,96,false,instagram.com,https://www.instagram.com/reel/DdoTIcRNMZw/,Will Wright's stunner for #LFCU21s against Rochdale,fresh,2026-09-23,0,,,,2026-09-23,,200,,false
how to run a football academy,14,97,false,thrive4grassroots.com,https://thrive4grassroots.com/blog/,Blog - Thrive4Grassroots,fresh,2026-07-21,0.2,,,,2026-07-21,,200,,true
how to run a football academy,14,99,false,fremantlefc.com.au,https://www.fremantlefc.com.au/video/2132947/match-highlights-preliminary-final-v-sydney?videoId=2132947&modal=true&type=video&publishFrom=1789736700001,Match Highlights | Preliminary Final v Sydney,fresh,2026-09-18,0,,,,2026-09-18,,200,,true
how to run a football academy,14,100,false,alicantefootballacademy.com,https://alicantefootballacademy.com/how-to-join-premier-league-academy/,How To Join Premier League Academy? (Scouting & Trials),fresh,2026-07-14,0.2,2026-07-14,2026-01-16,2026-07-13,2026-01-16,,200,,true
how to run a football academy,14,101,false,cricbuzz.com,https://www.cricbuzz.com/live-cricket-scores/152496/wi-vs-pak-1st-test-pakistan-tour-of-west-indies-2026,"WI vs PAK, 1st Test, Pakistan tour of West Indies, 2026",fresh,2026-09-23,0,,2026-09-21,,2026-09-23,,200,,true
how to run a football academy,14,102,false,youtube.com,https://www.youtube.com/watch?v=YQHENBtrcI8,EP 20: The Art of Building a Football Academy that Stands Out,stale,2023-09-29,3,,2023-09-29,,2023-09-29,,200,,false
how to run a football academy,14,103,false,tiktok.com,https://www.tiktok.com/@javibridgee3/video/7687636978631773462,Esto que es? #tiktokfotballacademy #fotballtiktok # ...,fresh,2026-09-20,0,,,,2026-09-20,,200,,false
how to run a football academy,14,104,false,profitableventure.com,https://www.profitableventure.com/start-football-academy-business/,How to Start a Football Academy Business That Makes ...,fresh,2025-04-21,1.4,2025-04-21,2021-03-02,,,2026-09-24,200,,true
how to run a football academy,14,105,false,reddit.com,https://www.reddit.com/r/MCFC/comments/1wmjy3x/bbc_motd_joe_hart_likening_cherki_to_david_silva/,BBC MOTD - Joe Hart likening Cherki to David Silva : r/MCFC,fresh,2026-09-21,0,,,,2026-09-21,,200,,false
how to run a football academy,14,106,false,instagram.com,https://www.instagram.com/reel/DdmllLIB2gA/,Morocco Keeps Producing Ballers 🇲🇦 Yassir Zabiri has 6 goals ...,fresh,2026-09-22,0,,,,2026-09-22,,200,,false
how to run a football academy,14,107,false,facebook.com,https://www.facebook.com/UnitedStandMUFC/videos/everyone-knew-this-was-coming-wayne-rooney-on-jj-gabriel-wanting-to-leave-man-un/1824542242314367/,“Everyone knew this was coming.”  Wayne Rooney on JJ ...,fresh,2026-09-22,0,,,,2026-09-22,,200,,false
how to run a football academy,14,108,false,tiktok.com,https://www.tiktok.com/@pechefootball/video/7688456200182107414,Morocco Keeps Producing Ballers 🇲🇦 Yassir Zabiri has 6 goals ...,fresh,2026-09-22,0,,,,2026-09-22,,200,,false
how to become a professional footballer,11,2,true,reddit.com,https://www.reddit.com/r/AskUK/comments/jsr8cw/just_how_hard_is_it_to_actually_become_a/,Just How hard is it to actually become a professional ...,unknown,,,,,,,,200,,false
how to become a professional footballer,11,4,true,afglobal.football,https://www.afglobal.football/afglobal-blogs/how-to-become-a-professional-footballer-turn-your-passion-into-a-career,How To Become A Professional Footballer?,fresh,2025-12-03,0.8,2025-12-03,2025-10-27,,2025-10-27,,200,,true
how to become a professional footballer,11,5,true,thepfsa.co.uk,https://thepfsa.co.uk/how-to-become-a-professional-footballer/,How to Become a Professional Footballer: 10 Vital Tips,fresh,2026-09-14,0,2026-09-14,2020-09-02,,,,200,,true
how to become a professional footballer,11,7,true,internationalfootball.academy,https://internationalfootball.academy/how-to-become-a-professional-football-soccer-player/,How To Become a Professional Football Soccer Player,unknown,,,,,,,,200,,true
how to become a professional footballer,11,8,true,alicantefootballacademy.com,https://alicantefootballacademy.com/what-qualifications-do-you-need-to-be-a-footballer-professional-sport-athlete/,What Qualifications Do You Need To Be A Footballer ...,fresh,2026-07-07,0.2,2026-07-07,2025-12-18,2026-07-06,2025-12-18,,200,,true
how to become a professional footballer,11,9,true,careers-in-sport.co.uk,https://careers-in-sport.co.uk/careers/how-to-become-a-professional-footballer/,How to become a professional footballer - Alan Tonge,stale,2020-11-15,5.9,2020-11-15,2020-05-14,,,,200,,true
how to become a professional footballer,11,10,true,getafeinternational.com,https://www.getafeinternational.com/become-professional-footballer/,How to become a professional football player - Getafe IMFA,fresh,2026-05-20,0.3,2026-05-20,2026-03-24,,2026-03-24,,200,,true
how to become a professional footballer,11,11,false,footballparent.co.uk,https://www.footballparent.co.uk/football-development/how-to-become-a-professional-footballer,How to Become a Professional Footballer,unknown,,,,,,,,,"own page, not fetched",false
how to become a professional footballer,11,13,false,youtube.com,https://www.youtube.com/watch?v=jwXDJz09fQE,How To Become A Pro Footballer Starting From ZERO,stale,2024-08-18,2.1,,2024-08-18,,2024-08-18,,200,,false
how to become a professional footballer,11,14,false,fcbayernyouth.com,https://www.fcbayernyouth.com/how-to-become-a-professional-soccer-player/,How to become a professional soccer player: all the secrets,fresh,2025-03-25,1.5,2025-03-25,2025-02-13,,,2026-09-24,200,,true
how to become a professional footballer,11,15,false,skysports.com,https://www.skysports.com/football/news/11095/11078410/how-to-become-a-professional-footballer,How to become a professional footballer,stale,2017-11-27,8.8,2017-11-27,2017-11-16,,2017-11-27,,200,,true
how to become a professional footballer,11,16,false,tonyknows.co.uk,https://www.tonyknows.co.uk/careers/professional-footballer/,"Professional Footballer Career Guide UK - Salary, Skills &",unknown,,,,,,,,200,,true
how to become a professional footballer,11,17,false,ertheo.com,https://www.ertheo.com/blog/en/becoming-professional-footballer,how to become a soccer player? – Calculate your chances ...,fresh,2026-09-14,0,2026-09-14,2016-04-07,,2016-04-07,,200,,true
how to become a professional footballer,11,18,false,hidalgo-football-academy.fr,https://hidalgo-football-academy.fr/how-to-become-a-professional-footlball-player/,How to Become a Professional Footlball Player,fresh,2026-06-01,0.3,2026-06-01,2026-01-13,,2026-01-13,2026-09-24,200,,true
how to become a professional footballer,11,19,false,soccerinteraction.com,https://soccerinteraction.com/what-are-the-requirements-to-become-a-footballer,WHAT ARE THE REQUIREMENTS TO BECOME A ...,unknown,,,,,,,,,fetch failed,true
how to become a professional footballer,11,20,false,onlywayfootball.fr,https://onlywayfootball.fr/en/how-to-become-a-professional-footballer/,How to become a professional footballer in 2026,fresh,2026-01-28,0.7,2026-01-28,2025-10-15,,2025-10-15,2026-09-24,200,,true
how to become a professional footballer,11,21,false,youtube.com,https://www.youtube.com/watch?v=rUwOj8SjlPI,How To Become A Footballer for BEGINNERS (2026),fresh,2024-11-03,1.9,,2024-11-03,,2024-11-03,,200,,false
how to become a professional footballer,11,22,false,footballgpt.co,https://footballgpt.co/player/become-professional-footballer,How to Become a Professional Footballer,unknown,,,,,,,,200,,true
how to become a professional footballer,11,24,false,goal.com,https://www.goal.com/en-gb/news/how-to-become-a-professional-footballer/2sf6u506ezcv1kad6ruztkdbl,How to become a professional footballer,stale,2023-09-19,3,2023-09-19,2019-09-20,,2019-09-20,2026-09-24,200,,true
how to become a professional footballer,11,25,false,quora.com,https://www.quora.com/How-do-I-train-to-be-a-professional-football-player,How do I train to be a professional football player?,unknown,,,,,,,,403,,false
how to become a professional footballer,11,26,false,medium.com,https://medium.com/@nelsontetteh50/how-to-become-a-professional-footballer-your-path-to-success-9f1d3acb8ad7,How to Become a Professional Footballer: Your Path to ...,stale,2023-08-08,3.1,2023-08-08,2023-08-08,,,,200,,true
how to become a professional footballer,11,27,false,avecsport.com,https://avecsport.com/blog/how-to-start-a-career-in-football,How To Start A Career In Football,unknown,,,,,,,,200,,true
how to become a professional footballer,11,28,false,inputyouth.co.uk,https://www.inputyouth.co.uk/jobguides/job-footballer.html,Job Guide - Footballer,unknown,,,,,,,2026-09-24,200,,true
how to become a professional footballer,11,29,false,footballflick.com,https://footballflick.com/blogs/news/how-to-become-a-professional-footballer?srsltid=AU7gw4Uovie7rziYPNaQLv614DeIa6VKRuFmRAoeOEhaVi0pWGMndnmD,How to Become a Professional Footballer,stale,2024-01-23,2.7,2024-01-23,2022-02-17,,2022-02-17,,200,,true
how to become a professional footballer,11,30,false,youtube.com,https://www.youtube.com/watch?v=S56FpWVoWW4&vl=en,What It ACTUALLY Takes To Become A Pro Footballer,fresh,2026-01-21,0.7,,2026-01-21,,2026-01-21,,200,,false
how to become a professional footballer,11,31,false,playermaker.com,https://www.playermaker.com/blogs/news/how-to-go-pro-in-soccer?srsltid=AU7gw4U7bINc8LmH0GGEb45GFKM2Eo-Q9HczUSN8lfcWx6blHgQ4t4Mf,How to Go Pro in Soccer 2024,fresh,2026-01-27,0.7,2024-09-11,2026-01-27,,,,200,,true
how to become a professional footballer,11,32,false,wikihow.com,https://www.wikihow.com/Become-a-Professional-Soccer-Player,How to Become a Professional Soccer Player (with Pictures),stale,2024-05-27,2.3,2024-05-27,2006-08-24,2024-05-26,,2026-09-23,200,,true
how to become a professional footballer,11,33,false,blog.pitchero.com,https://blog.pitchero.com/how-to-become-a-professional-football-player,How To Become a Professional Football Player in 12 steps,stale,2022-01-21,4.7,,,2022-01-21,2016-10-27,2026-09-12,200,,true
how to become a professional footballer,11,35,false,soccerinteraction.com,https://soccerinteraction.com/how-can-i-become-a-professional-football-player,HOW CAN I BECOME A PROFESSIONAL FOOTBALL ...,stale,2022-07-11,4.2,2022-07-11,2020-01-19,,,2026-09-24,200,,true
how to become a professional footballer,11,36,false,facebook.com,https://www.facebook.com/fb-answers/how-do-i-become-a-professional-footballer/,How to Become a Professional Footballer,unknown,,,,,,,,400,,false
how to become a professional footballer,11,37,false,footballizer.com,https://www.footballizer.com/academy/how-to-become-a-footballer/,How to Become a Footballer,unknown,,,,,,,,200,,true
how to become a professional footballer,11,38,false,footballtalentstube.com,"https://footballtalentstube.com/aktualnosci/how-to-become-a-professional-football-soccer-player-10-steps-part-1,64",How to Become a Professional Football (Soccer) Player,unknown,,,,,,,,200,,true
how to become a professional footballer,11,39,false,careervillage.org,https://www.careervillage.org/questions/1008971/how-do-i-become-proffessional-footballer,how do i become proffessional footballer?,fresh,2024-12-14,1.8,,,,2024-12-14,,403,,true
how to become a professional footballer,11,40,false,youtube.com,https://www.youtube.com/watch?v=PyFyEa10hMc,How To Become a Professional Footballer!,stale,2022-10-27,3.9,,2022-10-27,,2022-10-27,,200,,false
how to become a professional footballer,11,41,false,alicantefootballacademy.com,https://alicantefootballacademy.com/how-to-become-professional-footballer-soccer-player/,How to Become a Pro Footballer in 3 Steps || [ANSWERED],fresh,2026-04-24,0.4,2026-04-24,2025-12-10,,,,200,,true
how to become a professional footballer,11,42,false,netsportique.uk,https://netsportique.uk/blogs/football/how-does-one-become-a-professional-footballer?srsltid=AU7gw4X4MH10var9bfQ9Y09N8xz4s0DilPig5a5ZOHlKyVCkfTH8uNTL,How does one become a professional footballer? | Netsportique,fresh,2026-03-30,0.5,,2026-03-30,,,,200,,true
how to become a professional footballer,11,43,false,playerdata.com,https://www.playerdata.com/en-gb/blog/how-to-become-a-professional-soccer-player,How to Become a Professional Soccer Player,fresh,2025-03-25,1.5,2024-09-05,2025-03-25,,2024-09-06,2026-09-24,200,,true
how to become a professional footballer,11,44,false,pushsports.in,https://pushsports.in/blog/how-to-become-a-footballer-a-step-by-step-guide-for-beginners/,How To Become a Footballer: A Step-by-Step Guide ...,fresh,2026-09-14,0,2026-09-14,2024-10-30,,,2026-09-24,200,,true
how to become a professional footballer,11,46,false,instagram.com,https://www.instagram.com/reel/DdlBhjZxy2n/,"In India, many young footballers dream of becoming ...",fresh,2026-09-22,0,,,,2026-09-22,,200,,false
how to become a professional footballer,11,47,false,teamstats.net,https://www.teamstats.net/blog/how-to-become-a-pro-footballer,From Grassroots to Premier League: How to become a ...,fresh,2026-06-03,0.3,,2026-06-03,2026-06-02,2026-06-03,,200,,true
how to become a professional footballer,11,48,false,casvisportacademy.com,https://casvisportacademy.com/8-tips-to-follow-if-you-want-to-become-a-professional-footballer/,8 tips to follow if you want to become a professional footballer,fresh,2025-12-03,0.8,2025-12-03,2023-03-27,,2023-03-27,,200,,true
how to become a professional footballer,11,49,false,wearebrighton.com,https://www.wearebrighton.com/newsopinion/tips-on-how-to-become-a-professional-footballer/,Tips on how to become a professional footballer,stale,2022-07-07,4.2,2022-07-07,2022-07-06,,2022-07-06,,200,,true
how to become a professional footballer,11,50,false,quora.com,https://www.quora.com/How-can-I-become-a-professional-footballer?no_redirect=1,How can I become a professional footballer?,unknown,,,,,,,,403,,false
how to become a professional footballer,11,51,false,youtube.com,https://www.youtube.com/watch?v=hq0LsTHLe1k,How to Become a Professional Footballer: What It Really Takes,fresh,2026-09-04,0.1,,2026-09-04,,2026-09-04,,200,,false
how to become a professional footballer,11,52,false,internationalfootball.academy,https://internationalfootball.academy/how-to-become-a-better-footballer/,How to Become a Better Footballer | 6 Key Steps,unknown,,,,,,,,200,,true
how to become a professional footballer,11,53,false,generationelite.co.uk,https://generationelite.co.uk/how-to-become-a-professional-footballer/,Becoming a Pro Footballer: Steps & Tips,stale,2024-09-04,2.1,2024-09-04,2024-09-04,,,2026-09-24,200,,true
how to become a professional footballer,11,54,false,careers-in-sport.co.uk,https://careers-in-sport.co.uk/news-articles/what-is-required-to-become-a-professional-footballer/,What is required to become a professional footballer?,stale,2020-07-15,6.2,2020-07-15,2020-05-17,,2020-05-17,,200,,true
how to become a professional footballer,11,55,false,fourfourtwo.com,https://www.fourfourtwo.com/performance/training/how-become-a-professional-footballer,How to become a professional footballer,stale,2015-08-27,11.1,2015-08-27,2015-08-27,,2015-08-27,2026-09-22,200,,true
how to become a professional footballer,11,57,false,wikihow.fitness,https://www.wikihow.fitness/Train-to-Be-a-Professional-Football-Player,How to Train to Be a Professional Football Player,fresh,2025-06-05,1.3,2025-06-05,2012-04-12,2025-06-04,,2026-09-23,200,,true
how to become a professional footballer,11,58,false,footballreach.com,https://footballreach.com/articles/how-to-become-a-professional-footballer,How to Become a Professional Footballer (UK Pathway 2026),fresh,2026-07-23,0.2,2026-07-23,2026-06-02,2026-07-22,2026-06-02,,200,,true
how to become a professional footballer,11,59,false,onscout.net,https://onscout.net/en/how-to-be-a-professional-soccer-player/,How To Be A Professional Soccer Player,stale,2023-09-15,3,2023-09-15,2023-09-13,,,2026-09-24,200,,true
how to become a professional footballer,11,60,false,footballfirst.com.au,https://footballfirst.com.au/how-to-become-a-professional-footballer/,How To Become a Professional Footballer,stale,2024-04-08,2.5,2024-04-08,2021-02-03,,2021-02-03,,200,,true
how to become a professional footballer,11,61,false,proformancefootball.com,https://proformancefootball.com/how-to-become-a-professional-soccer-player/,How to Become a Professional Soccer Player: The Ultimate ...,fresh,2025-09-02,1.1,2025-09-02,2025-08-20,,2025-08-20,,200,,true
how to become a professional footballer,11,62,false,sportingnews.com,https://www.sportingnews.com/ca/soccer/news/how-to-become-a-professional-footballer/1eekhgq4romm11ix92uvwtn4z4,How to become a professional footballer | Sporting News,stale,2021-09-18,5,2021-09-18,2019-09-20,,2019-09-20,2026-09-24,200,,true
how to become a professional footballer,11,63,false,soccerinteraction.com,https://soccerinteraction.com/how-to-become-a-professional-footballer,HOW TO BECOME A PROFESSIONAL FOOTBALLER,fresh,2024-10-21,1.9,2024-10-21,2022-08-31,,,2026-09-24,200,,true
how to become a professional footballer,11,64,false,youtube.com,https://www.youtube.com/watch?v=FyW8vfZtA_0,5 Ways to Become a Professional Footballer,fresh,2026-06-30,0.2,,2026-06-30,,2026-06-30,,200,,false
how to become a professional footballer,11,65,false,nfacademy.com,https://www.nfacademy.com/how-to-become-a-pro-football-player/,How to become a pro football player? - nf academy,stale,2020-02-29,6.6,,,,2020-02-29,,,fetch failed,true
how to become a professional footballer,11,67,false,soccer.com,https://www.soccer.com/guide/how-to-go-pro-in-soccer,How to Go Pro in Soccer,stale,2023-03-10,3.5,,,,2023-03-10,,403,,true
how to become a professional footballer,11,68,false,quora.com,https://www.quora.com/How-do-I-become-a-professional-footballer?no_redirect=1,How do I become a professional footballer?,unknown,,,,,,,,403,,false
how to become a professional footballer,11,69,false,youtube.com,https://www.youtube.com/watch?v=ZH1c12z0HAI,FREE Masterclass- How to Become a Professional Footballer,stale,2023-08-23,3.1,,2023-08-23,,2023-08-23,,200,,false
how to become a professional footballer,11,70,false,facebook.com,https://www.facebook.com/TheEuroLeague/videos/you-must-watch-this-one-until-the-end-mike-james-ranks-summer-signings-%EF%B8%8F/1407132370908808/,You must watch this one until the end  Mike James ranks ...,fresh,2026-09-22,0,,,,2026-09-22,,200,,false
how to become a professional footballer,11,71,false,casvisportacademy.com,https://casvisportacademy.com/how-to-become-a-professional-football-player/,How to become a professional football player,fresh,2025-12-03,0.8,2025-12-03,2021-02-10,,2021-02-10,,200,,true
how to become a professional footballer,11,72,false,youtube.com,https://www.youtube.com/watch?v=NOkqhFfKbXs,How to Become a Professional Soccer Player | A Pro's Step by ...,stale,2017-03-08,9.5,,2017-03-08,,2017-03-08,,200,,false
how to become a professional footballer,11,73,false,afterschoolafrica.com,https://www.afterschoolafrica.com/49283/how-to-become-a-professional-footballer/,How to Become a Professional Footballer,stale,2020-07-21,6.2,2020-07-21,2020-07-21,,2020-07-21,,200,,true
how to become a professional footballer,11,74,false,football-talk.co.uk,https://football-talk.co.uk/148586/4-steps-to-become-a-professional-footballer/,4 steps to become a professional footballer,stale,2024-04-23,2.4,2024-04-23,2019-04-07,,2019-04-07,2026-09-24,200,,true
how to become a professional footballer,11,75,false,soccerinteraction.com,https://soccerinteraction.com/how-to-be-a-professional-football-player,How to be a professional football player,stale,2022-11-28,3.8,2022-11-28,2022-11-28,,,2026-09-24,200,,true
how to become a professional footballer,11,76,false,proformancefootball.com,https://proformancefootball.com/becoming-a-professional-soccer-player/,Becoming a Professional Soccer Player: A Guide for Young ...,fresh,2025-09-02,1.1,2025-09-02,2025-01-30,,,,200,,true
how to become a professional footballer,11,78,false,proformancefootball.com,https://proformancefootball.com/becoming-a-professional-soccer-player/,Becoming a Professional Soccer Player: A Guide for Young ...,fresh,2025-09-02,1.1,2025-09-02,2025-01-30,,,,200,,true
how to become a professional footballer,11,79,false,youtube.com,https://www.youtube.com/watch?v=Orap1rtHVLQ,How to Become a Professional Football Player,fresh,2024-11-12,1.9,,2024-11-12,,2024-11-12,,200,,false
how to become a professional footballer,11,80,false,calcioinglese.org,https://calcioinglese.org/news/how-to-become-a-professional-footballer/,How to Become a Professional Footballer: A Realistic Guide,fresh,2026-09-14,0,2026-09-14,2026-09-08,2026-09-13,2026-09-08,,200,,true
how to become a professional footballer,11,81,false,tiktok.com,https://www.tiktok.com/@johnterry26/video/7687962831743978774,We need to be more solid at the back and ...,fresh,2026-09-21,0,,,,2026-09-21,,200,,false
how to become a professional footballer,11,82,false,skysports.com,https://www.skysports.com/football/video/13590848/peterborough-vs-colchester-ronnie-harvey-scores-from-50-yards,Peterborough vs Colchester - Ronnie Harvey scores from 50 ...,fresh,2026-09-23,0,2026-09-23,2026-09-22,,2026-09-22,,200,,true
how to become a professional footballer,11,83,false,instagram.com,https://www.instagram.com/p/DdoeP0xAhLk/,Squad trip to 🇩🇿 𝐏𝐫𝐨𝐟𝐞𝐬𝐬𝐢𝐨𝐧𝐚𝐥 𝐝𝐞𝐛𝐮𝐭 at 1⃣7⃣ and ...,fresh,2026-09-23,0,,,,2026-09-23,,200,,false
how to become a professional footballer,11,84,false,tiktok.com,https://www.tiktok.com/@fcbayern/video/7688323072184585504,The best 9 minutes in football history?  Robert Lewandowski ...,fresh,2026-09-22,0,,,,2026-09-22,,200,,false
how to become a professional footballer,11,85,false,youtube.com,https://www.youtube.com/watch?v=zQYfm_wGD3g,How To Become A Professional Footballer Before You Turn 18,stale,2024-05-11,2.4,,2024-05-11,,2024-05-11,,200,,false
how to become a professional footballer,11,86,false,billsbaby.com,https://billsbaby.com/how-to-become-a-professional-footballer/,How to become a professional footballer? - Bills Baby,unknown,,,,,,,,,fetch failed,true
how to become a professional footballer,11,87,false,footballcollective.org.uk,https://footballcollective.org.uk/general/how-to-become-a-professional-footballer/,How to Become a Professional Footballer,stale,2022-12-22,3.8,2022-12-22,2022-12-22,,,,200,,true
how to become a professional footballer,11,89,false,bwfc24.co.uk,https://www.bwfc24.co.uk/how-to-become-a-professional-football-player/,How to Become a Professional Football Player? - Bwfc24.co.uk,stale,2021-05-28,5.3,,2021-05-28,,2021-05-28,,200,,true
how to become a professional footballer,11,90,false,tiktok.com,https://www.tiktok.com/@manchesternews/video/7687650348307057942,This is the moment Ex-England footballer Andros Townsend ...,fresh,2026-09-20,0,,,,2026-09-20,,200,,false
how to become a professional footballer,11,91,false,ohmyfootball.com,https://ohmyfootball.com/news/1242/become-pro-footballer,8 Tips How To Become a Professional Football Player,fresh,2025-11-08,0.9,2025-11-08,2024-02-11,2025-11-08,2024-02-11,,200,,true
how to become a professional footballer,11,92,false,tvline.com,https://www.tvline.com/2260838/ted-lasso-season-4-episode-7-recap-yes-and-baby/,"Ted Lasso Season 4, Episode 7 Recap: Yes & Baby",fresh,2026-09-17,0,2026-09-16,2026-09-16,,2026-09-17,2026-09-16,200,,true
how to become a professional footballer,11,93,false,youtube.com,https://www.youtube.com/watch?v=wicI8fVH4Qo,How To Become a Professional Footballer (Step-by-Step Guide),stale,2015-11-27,10.8,,2015-11-27,,2015-11-27,,200,,false
how to become a professional footballer,11,94,false,instagram.com,https://www.instagram.com/reel/DdZKRV8xn5n/,Commnt “FASCIA” and we'll send you THE PRO FORMULA ...,fresh,2026-09-17,0,,,,2026-09-17,,200,,false
how to become a professional footballer,11,95,false,talksport.com,https://talksport.com/football/4599433/man-utd-wayne-rooney-jj-gabriel-transfer-no-shock/,Wayne Rooney: JJ Gabriel wanting to leave Man United is ...,fresh,2026-09-23,0,2026-09-23,2026-09-22,,2026-09-22,,200,,true
how to become a professional footballer,11,96,false,facebook.com,https://www.facebook.com/UnitedStandMUFC/videos/everyone-knew-this-was-coming-wayne-rooney-on-jj-gabriel-wanting-to-leave-man-un/1824542242314367/,“Everyone knew this was coming.”  Wayne Rooney on JJ ...,fresh,2026-09-22,0,,,,2026-09-22,,200,,false
how to become a professional footballer,11,97,false,quora.com,https://www.quora.com/How-do-I-become-a-pro-in-football-How-much-do-I-train,How to become a pro in football? How much do I train,unknown,,,,,,,,403,,false
how to become a professional footballer,11,98,false,bbc.co.uk,https://www.bbc.co.uk/sport/football/videos/ck4gleg3wxy6o,Spurs' incredible anniversary comeback at Villa in 2007,fresh,2026-09-24,0,,2026-09-24,,2026-09-18,,200,,false
how to become a professional footballer,11,100,false,youtube.com,https://www.youtube.com/watch?v=SGiEThP39yo&vl=en,How to go from AMATEUR to PRO footballer (I've actually done ...,fresh,2025-06-22,1.3,,2025-06-22,,2025-06-22,,200,,false
how to become a professional footballer,11,101,false,wbay.com,https://www.wbay.com/2026/09/19/operation-football-week-5-appleton-north-pitches-shutout-game-week/,Appleton North pitches shutout in Game of the Week,fresh,2026-09-19,0,2026-09-19,2026-09-19,,2026-09-19,2026-09-24,200,,true
how to become a professional footballer,11,102,false,tiktok.com,https://www.tiktok.com/@cnn/video/7688388766339271949,Soccer superstar Kylian Mbappé says there's no “frustration” ...,fresh,2026-09-22,0,,,,2026-09-22,,200,,false
how to become a professional footballer,11,103,false,instagram.com,https://www.instagram.com/p/DdfKucyCQ3v/,ANDROS TOWNSEND ESCAPES SERIOUS INJURY AFTER ...,fresh,2026-09-20,0,,,,2026-09-20,,200,,false
how to become a professional footballer,11,104,false,facebook.com,https://www.facebook.com/theEFL/videos/-a-dockers-derby-day-to-remember-efl-westham-millwall/1752179526085519/,A Dockers Derby day to remember! #EFL #WestHam #Millwall,fresh,2026-09-19,0,,,,2026-09-19,,200,,false
how to become a professional footballer,11,105,false,x.com,https://x.com/Footballera0/status/2101343915039224035,The Football Era,fresh,2026-09-19,0,,2026-09-19,,2026-09-19,,200,,false
how to become a professional footballer,11,106,false,youtube.com,https://www.youtube.com/watch?v=_2b5OdP-r3Y,How to Become a Professional Football Player (Advice from ...,stale,2024-05-12,2.4,,2024-05-12,,2024-05-12,,200,,false
how to become a professional footballer,11,107,false,skysports.com,https://www.skysports.com/golf/video/13590195/bmw-pga-championship-day-four-highlights,BMW PGA Championship | Day four highlights | Golf News,fresh,2026-09-20,0,2026-09-20,2026-09-20,,2026-09-20,,200,,true
how to become a professional footballer,11,108,false,tiktok.com,https://www.tiktok.com/@premierleague/video/7687620227944697110,Q&A sessions: Josh King edition  @Fulham FC,fresh,2026-09-20,0,,,,2026-09-20,,200,,false
how to become a professional footballer,11,109,false,instagram.com,https://www.instagram.com/reel/DdXLwhzM1A1/,IT'S OVER  #football,fresh,2026-09-16,0,,,,2026-09-16,,200,,false
academy categories,6,2,true,jobsinfootball.com,https://jobsinfootball.com/blog/what-are-cat-1-academies-full-list/,What Are Cat 1 Academies? (+ Full List),fresh,2025-08-03,1.1,,,,2025-08-03,,,timeout,true
academy categories,6,3,true,juniorgrassrootshub.com,https://www.juniorgrassrootshub.com/academies/category-1,EPPP Category 1 Academies | UK Youth Football,unknown,,,,,,,,200,,true
academy categories,6,6,false,footballparent.co.uk,https://www.footballparent.co.uk/academy-pathway/academy-categories-explained,"Category 1, 2, 3 & 4 Football Academies",unknown,,,,,,,,,"own page, not fetched",false
academy categories,6,7,false,thepfsa.co.uk,https://thepfsa.co.uk/understanding-the-english-football-academy-category-system-under-the-elite-player-performance-plan-eppp/,Understanding the English Academy Category System,fresh,2026-09-21,0,2026-09-21,2025-06-09,,,,200,,true
academy categories,6,8,false,efl.com,https://efl.com/youth-development,Youth Development - The English Football League,unknown,,,,,,,2026-09-24,200,,false
academy categories,6,9,false,playerscout.co.uk,https://playerscout.co.uk/football-academy-categories/,Football Academy Categories - The Ultimate Guide ...,stale,2020-09-22,6,2020-09-22,2019-01-01,,,,200,,true
academy categories,6,10,false,facebook.com,https://www.facebook.com/groups/1888488331429720/posts/4108948946050303/,Here are the official Professional Academies in England 🏴󠁧󠁢󠁥󠁮󠁧󠁿 ...,unknown,,,,,,,,400,,false
academy categories,6,11,false,premierleague.com,https://www.premierleague.com/en/footballandcommunity/youth-development/parent-hub/the-academy-experience,Youth Development - Parent Hub - The Academy Experience,unknown,,,,,,,,200,,false
academy categories,6,13,false,brentfordfc.com,https://www.brentfordfc.com/en/news/article/academy-brentford-awarded-category-one-status-premier-league-,Brentford Academy awarded Category One status,fresh,2026-04-20,0.4,,,,2026-04-20,,404,,true
academy categories,6,14,false,thefootballparent.co.uk,https://www.thefootballparent.co.uk/category-1-football-clubs,Category 1 Football Clubs,unknown,,,,,,,,200,,true
academy categories,6,15,false,gov.uk,https://www.gov.uk/types-of-school,Types of school: Overview,stale,2016-01-05,10.7,2016-01-05,2011-12-21,,,,200,,false
academy categories,6,16,false,rochdaleafc.co.uk,https://rochdaleafc.co.uk/change-of-academy-categorisation/,Change of Academy Categorisation,stale,2024-05-29,2.3,2024-05-29,2024-05-14,,2024-05-14,,200,,true
academy categories,6,17,false,en.wikipedia.org,https://en.wikipedia.org/wiki/Professional_Development_League,Professional Development League,fresh,2026-08-19,0.1,2026-08-19,2012-07-31,,,2026-09-15,200,,false
academy categories,6,18,false,noblescouting.co.uk,https://www.noblescouting.co.uk/blog/understanding-the-premier-league-fa-academy-system,Understanding the Premier League & FA Academy System,fresh,2025-10-08,1,2025-10-08,2025-10-06,,2025-10-06,,200,,true
academy categories,6,19,false,pbsfootball.com,https://www.pbsfootball.com/faq-academy-football,Academy Football,unknown,,,,,,,,200,,true
academy categories,6,20,false,footballreach.com,https://footballreach.com/articles/eppp-academy-system-explained,EPPP Explained: Academy Categories 1-4 (Simple Guide),fresh,2026-07-23,0.2,2026-07-23,2026-06-23,2026-07-22,2026-06-23,,200,,true
academy categories,6,21,false,totalfootballanalysis.com,https://totalfootballanalysis.com/player-analysis/efl-category-three-academies-202425-scouting-report,Scouting EFL Category Three Academies 2024/2025,fresh,2025-09-02,1.1,2025-09-02,2024-09-30,,2025-09-02,2026-09-24,200,,true
academy categories,6,22,false,instagram.com,https://www.instagram.com/p/DR5DQYkkeJd/,"Strong regional academies. Great coaching, ...",unknown,,,,,,,,200,,false
academy categories,6,24,false,ertheo.com,https://www.ertheo.com/blog/en/english-football-categories-meets-categories-age-divisions,English Soccer Levels: Get to know the different levels and ...,fresh,2026-09-14,0,2026-09-14,2024-01-02,,2024-01-02,,200,,true
academy categories,6,25,false,chrisplatts.co.uk,https://www.chrisplatts.co.uk/football-academies-are-a-business-and-your-child-is-the-product-2/,Football academies are a business and your child is the ...,fresh,2025-07-14,1.2,2025-07-14,2025-05-19,,2025-05-19,,200,,true
academy categories,6,26,false,coach-os.com,https://www.coach-os.com/en/wiki/jugendfussball-ligasystem-england,Youth Football in England: The League System Explained,fresh,2026-09-03,0.1,2026-09-03,2026-06-23,,,,200,,true
academy categories,6,27,false,images.gc.eflservices.co.uk,https://images.gc.eflservices.co.uk/b6978c10-76a2-11f0-bc93-25ed3b48405b.pdf,YOUTH DEVELOPMENT RULES OF THE EFL SEASON 2025 ...,unknown,,,,,,,2025-08-11,200,non-html (application/pdf),true
academy categories,6,28,false,fulltime.thefa.com,https://fulltime.thefa.com/index.html?league=838595926,Youth Development League - Full-Time - The FA,unknown,,,,,,,,,fetch failed,false
academy categories,6,29,false,trainingground.guru,https://trainingground.guru/academy-rankings-2023-24-full-table/,Academy Rankings 2023/24: Full table,fresh,2024-12-20,1.8,2024-12-20,2024-09-08,,2024-09-08,,200,,true
academy categories,6,30,false,footballparent.co.uk,https://www.footballparent.co.uk/academy-pathway/how-academy-football-works,How Academy Football Works,unknown,,,,,,,,,"own page, not fetched",false
academy categories,6,32,false,faw.cymru,https://faw.cymru/news/licensed-academies-categorisation-for-2023-2024/,Licensed Academies - Categorisation for 2023/2024,stale,2023-06-13,3.3,2023-06-13,2023-05-05,,2023-05-05,,200,,true
academy categories,6,33,false,barnetfc.com,https://barnetfc.com/c-of-e-to-become-a-category-2-academy,C OF E TO BECOME A 'CATEGORY 2' ACADEMY,stale,2012-07-05,14.2,,,,2012-07-05,,200,,true
academy categories,6,35,false,football4football.com,https://www.football4football.com/football-training/uk-football-academy-system-intro,A quick intro to the UK's football academy system,fresh,2026-09-24,0,2026-09-24,2026-08-17,,,,200,,true
academy categories,6,36,false,juniorgrassrootshub.com,https://www.juniorgrassrootshub.com/academies/category-4,EPPP Category 4 Academies - Junior Grassroots Hub,unknown,,,,,,,,200,,true
academy categories,6,37,false,gov.uk,https://www.gov.uk/types-of-school/academies,Types of school: Academies,stale,2016-01-05,10.7,2016-01-05,2011-12-21,,,,200,,false
academy categories,6,38,false,facebook.com,https://www.facebook.com/Explainframe/videos/category-1-vs-category-4-whats-the-real-difference-not-all-youth-academies-are-b/2279342409585773/,What's the REAL Difference?  Not all youth academies are ...,fresh,2026-08-23,0.1,,,,2026-08-23,,200,,false
academy categories,6,39,false,en.wikipedia.org,https://en.wikipedia.org/wiki/Category:Football_academies_in_England,Category:Football academies in England,unknown,,,,,,,2026-09-10,200,,false
academy categories,6,40,false,heartof.football,https://heartof.football/2020/04/27/an-introduction-to-uk-academy-football/,An Introduction to UK Academy Football,stale,2023-01-25,3.7,2023-01-25,2020-04-27,,2020-04-27,,200,,true
academy categories,6,41,false,linkcoachingart.com,https://linkcoachingart.com/blogs/news/%E2%9A%BD-what-actually-is-a-football-academy,What Actually Is a Football Academy? – Link Coaching,fresh,2025-10-24,0.9,2025-10-24,2025-10-24,,2025-10-24,,200,,true
academy categories,6,42,false,youtube.com,https://www.youtube.com/watch?v=DANcPKDOaX0,"Different Academy Levels CAT 1,2,3 & 4 # ...",fresh,2024-11-15,1.9,,2024-11-15,,2024-11-15,,200,,false
academy categories,6,44,false,facebook.com,https://www.facebook.com/groups/1888488331429720/posts/4026200184325180/,Can someone please define 'Academy Football' The term ...,unknown,,,,,,,,400,,false
academy categories,6,46,false,childlawadvice.org.uk,https://childlawadvice.org.uk/information-pages/types-of-school/,Types of school,fresh,2025-04-14,1.4,2025-04-14,2015-05-29,,,,200,,true
academy categories,6,48,false,football.fandom.com,https://football.fandom.com/wiki/Category:Football_academies,Category:Football academies,unknown,,,,,,,,403,,true
academy categories,6,49,false,yorkcityfootballclub.co.uk,https://www.yorkcityfootballclub.co.uk/news/2026/may/26/york-city-fc-academy-transition,York City FC Academy | Transition,unknown,,,,,,,2026-09-24,200,,true
academy categories,6,50,false,tiktok.com,https://www.tiktok.com/@winser_pt/video/7321367164609432865,Replying to @User what category is your club? ...,stale,2024-09-23,2,,,,2024-09-23,,200,,false
academy categories,6,51,false,library.croneri.co.uk,https://library.croneri.co.uk/cch_uk/naacad-01/1-3,Types of academy,unknown,,,,,,,,403,,true
academy categories,6,52,false,juniorgrassrootshub.com,https://www.juniorgrassrootshub.com/academies/category-3,EPPP Category 3 Academies | UK Youth Football,unknown,,,,,,,,200,,true
academy categories,6,53,false,trainingground.guru,https://trainingground.guru/category-one-two-teams-set-to-come-together-in-new-play-offs/,Category One & Two teams set to come together in new ...,fresh,2025-05-09,1.4,2025-05-09,2025-05-09,,2025-05-09,,200,,true
academy categories,6,54,false,bbc.co.uk,https://www.bbc.co.uk/sport/football/articles/ce8gzpjj257o,QPR to apply for Category 1 academy status,fresh,2026-01-14,0.7,2026-01-14,2026-01-14,,2026-01-14,,200,,false
academy categories,6,55,false,thefootballparent.co.uk,https://www.thefootballparent.co.uk/post/category-1-2-3-and-4-football-academies-explained-a-parent-s-guide,Category 1 2 3 4 Football Academies Explained: A Parent's ...,fresh,2026-09-08,0,2026-09-08,2026-08-15,,2026-08-15,,200,,true
academy categories,6,57,false,scribd.com,https://www.scribd.com/document/880340667/UK-Football-Academies-List-Fancy,UK Football Academies Contact List 2024 | PDF,unknown,,,,,,,,200,,true
academy categories,6,58,false,premierfootballuk.com,https://premierfootballuk.com/what-is-category-1-academy-standards-in-football-trial/,What is Category 1 Academy Standards in football trial,fresh,2026-08-13,0.1,2026-08-13,2026-08-12,,2026-08-12,,200,,true
academy categories,6,59,false,lexisnexis.com,https://www.lexisnexis.com/en-gb/legal/guidance/categories-of-schools,Legal classification of schools in England and Wales ...,fresh,2026-09-17,0,,,2026-09-17,2026-05-21,,200,,true
academy categories,6,60,false,watfordobserver.co.uk,https://www.watfordobserver.co.uk/sport/9877884.what-is-the-difference-between-a-category-1-and-3-academy-as-part-of-eppp-changes/,What is the difference between a Category 1 and 3 ...,stale,2013-06-25,13.3,2013-06-25,2012-08-16,,2012-08-16,2026-09-24,200,,true
academy categories,6,61,false,youtube.com,https://www.youtube.com/watch?v=MRcVfUQatrw,What makes a Category One Aacdemy? | Scouted Football ...,stale,2021-07-01,5.2,,2021-07-01,,2021-07-01,,200,,false
academy categories,6,62,false,thefa.com,https://www.thefa.com/~/media/C2FB1444624F4367AA477A72D94B50BF.ashx,CONTENTS,stale,2012-02-02,14.6,,,,2012-02-02,2015-02-05,200,non-html (application/pdf),false
academy categories,6,63,false,en.wikipedia.org,https://en.wikipedia.org/wiki/Elite_Player_Performance_Plan,Elite Player Performance Plan,fresh,2026-05-05,0.4,2026-05-05,2011-11-08,,,2026-09-23,200,,false
academy categories,6,64,false,thefootballscholar.com,https://thefootballscholar.com/academy-classification/,Academy classification - Be a Football Player,fresh,2026-09-09,0,2026-09-09,2026-09-03,,,,200,,true
academy categories,6,65,false,thefootballparent.co.uk,https://www.thefootballparent.co.uk/post/what-is-category-1-football-a-parent-s-complete-guide,What Is Category 1 Football? A Parent's Complete Guide,fresh,2026-07-25,0.2,2026-07-25,2026-07-18,,2026-07-18,,200,,true
academy categories,6,66,false,educationhub.blog.gov.uk,https://educationhub.blog.gov.uk/2023/05/what-are-academy-schools-and-what-is-forced-academisation/,What are academy schools and what is 'forced academisation?',stale,2023-05-02,3.4,,2023-05-02,,2023-05-02,,200,,false
academy categories,6,68,false,ukfootballacademyfinder.com,https://ukfootballacademyfinder.com/football_pathway_advice/what-is-a-football-academy-and-age-groups/,What is a football academy and age groups?,stale,2024-09-23,2,2024-09-23,2024-03-06,,2024-03-06,,200,,true
academy categories,6,69,false,httacademy.co.uk,https://httacademy.co.uk/types-of-football-academies/,4 Types of Football Academies: discover the best one for you,fresh,2024-11-01,1.9,,2024-11-01,,2024-11-01,,200,,true
academy categories,6,70,false,juniorgrassrootshub.com,https://www.juniorgrassrootshub.com/academies,UK Football Youth Academies - Junior Grassroots Hub,unknown,,,,,,,,200,,true
academy categories,6,71,false,playerscout.co.uk,https://playerscout.co.uk/football-academies/,Youth Football Academies - The Ultimate Guide (Updated),stale,2020-09-29,6,2020-09-29,2016-08-25,,,,200,,true
academy categories,6,72,false,nationalcareers.service.gov.uk,"https://nationalcareers.service.gov.uk/find-a-course/details?courseId=d3aaf0fe-7b45-4f2c-9ffc-7a6b9b8a1c76&runId=adfee658-0793-440f-809d-ccc2940d37b9&searchTerm=&town=Little%20London%20(Walsall,%20West%20Midlands)&learningMethod=&courseType=&sectors=&courseHours=&courseStudyTime=&startDate=&distance=&filtera=False&page=107&orderByValue=Distance&coordinates=-2.057924%7C52.590478&campaignCode=&qualificationLevels=&D=1",https://nationalcareers.service.gov.uk/find-a-cour...,unknown,,,,,,,,200,,false
academy categories,6,73,false,seagum.com,https://seagum.com/en/blog/football-academies-for-kids-uk,Football Academies Worldwide: How to Choose & Save Money,fresh,2026-09-15,0,2026-09-15,2026-09-15,,2026-09-15,,200,,true
academy categories,6,74,false,instagram.com,https://www.instagram.com/p/DM2Okv1Nq6c/,“An academy's category shapes a young player's path... ...,unknown,,,,,,,,200,,false
academy categories,6,75,false,facebook.com,https://www.facebook.com/footballbenchmark/posts/brentford-fc-have-achieved-category-one-academy-status-the-highest-level-under-t/1407295024772416/,Brentford FC have achieved 'Category One' academy ...,unknown,,,,,,,,400,,false
academy categories,6,76,false,football.fandom.com,https://football.fandom.com/wiki/Category:Football_academies_in_England,Category:Football academies in England,unknown,,,,,,,,403,,true
academy categories,6,77,false,youtube.com,https://www.youtube.com/watch?v=NAElplES4Uo,Ranking EVERY Premier League Academy From Worst to Best,stale,2022-10-02,4,,2022-10-02,,2022-10-02,,200,,false
academy categories,6,79,false,nationalcareers.service.gov.uk,"https://nationalcareers.service.gov.uk/find-a-course/details?courseId=d3aaf0fe-7b45-4f2c-9ffc-7a6b9b8a1c76&runId=adfee658-0793-440f-809d-ccc2940d37b9&searchTerm=&town=Little%20London%20(Walsall,%20West%20Midlands)&learningMethod=&courseType=&sectors=&courseHours=&courseStudyTime=&startDate=&distance=&filtera=False&page=107&orderByValue=Distance&coordinates=-2.057924%7C52.590478&campaignCode=&qualificationLevels=&D=1",https://nationalcareers.service.gov.uk/find-a-cour...,unknown,,,,,,,,200,,false
academy categories,6,80,false,httacademy.co.uk,https://httacademy.co.uk/types-of-football-academies/,4 Types of Football Academies: discover the best one for you,fresh,2024-11-01,1.9,,2024-11-01,,2024-11-01,,200,,true
academy categories,6,81,false,seagum.com,https://seagum.com/en/blog/football-academies-for-kids-uk,Football Academies Worldwide: How to Choose & Save Money,fresh,2026-09-15,0,2026-09-15,2026-09-15,,2026-09-15,,200,,true
academy categories,6,82,false,givemesport.com,https://www.givemesport.com/english-football-clubs-best-academies-soccer-premier-league/,25 English Football Clubs With Best Academies Ranked ...,fresh,2025-09-10,1,2025-09-10,2025-09-10,,2025-09-10,,200,,true
academy categories,6,83,false,fourfourtwo.com,https://www.fourfourtwo.com/features/clubs-with-prolific-youth-academies,Clubs with prolific youth academies,stale,2024-04-24,2.4,2024-04-24,2024-04-24,,2024-04-23,2026-09-22,200,,true
academy categories,6,84,false,thepfsa.co.uk,https://thepfsa.co.uk/fr/understanding-the-english-football-academy-category-system-under-the-elite-player-performance-plan-eppp/,Comprendre le système de catégories de l'English Academy,fresh,2026-09-21,0,2026-09-21,2025-06-09,,,,200,,true
academy categories,6,85,false,lexisnexis.co.uk,https://www.lexisnexis.co.uk/legal/commentary/efp/education-vol-13-2/98-types-of-academy,98 Types of academy - EDUCATION vol 13(2),fresh,2026-06-12,0.3,2026-06-12,2024-10-20,,,,200,,true
academy categories,6,86,false,acadfly.com,https://www.acadfly.com/blogs/uk-grading-system,https://www.acadfly.com/blogs/uk-grading-system,unknown,,,,,,,,200,,true
academy categories,6,87,false,thefootballscholar.com,https://thefootballscholar.com/academies-category/category-one-academies/,Category One Academies Archives - Be a Football Player,unknown,,,,,,,,200,,true
academy categories,6,88,false,youtube.com,https://www.youtube.com/watch?v=U1jnvUXUrMI,EACH CHAMPIONSHIP CLUBS YOUTH ACADEMY RANKED ...,stale,2022-02-23,4.6,,2022-02-23,,2022-02-23,,200,,false
academy categories,6,90,false,ukfootballacademyfinder.com,https://ukfootballacademyfinder.com/football_pathway_advice/how-does-the-academy-system-actually-work/,How does the academy system actually work?,stale,2024-09-23,2,2024-09-23,2024-03-13,,2024-03-13,,200,,true
academy categories,6,91,false,youtube.com,https://www.youtube.com/watch?v=xcC_yLHimIE,20 Elite Football Academies in UK Every Young Player Should ...,fresh,2025-07-09,1.2,,2025-07-09,,2025-07-09,,200,,false
academy categories,6,92,false,facebook.com,https://www.facebook.com/groups/1614517962130197/posts/4039995299582439/,There are 2 levels of Boys football in England,unknown,,,,,,,,400,,false
academy categories,6,93,false,trainingground.guru,https://trainingground.guru/academy-rankings-2024-25-full-table/,Academy Rankings 2024/25: Full table,fresh,2025-09-11,1,2025-09-11,2025-09-09,,2025-09-09,,200,,true
academy categories,6,94,false,bbc.co.uk,https://www.bbc.co.uk/sport/football/articles/cddqjp97403o,Brentford get top academy status,fresh,2026-04-20,0.4,2026-04-20,2026-04-20,,2026-04-20,,200,,false
academy categories,6,95,false,gov.uk,https://www.gov.uk/government/publications/open-academies-and-academy-projects-in-development,"Open academies, free schools, studio schools and UTCs",fresh,2026-09-18,0,2026-09-18,2014-03-20,2026-09-17,,,200,,false
academy categories,6,96,false,youtube.com,https://www.youtube.com/watch?v=koZks7LOYPM,Understanding Football Pathways: Academy vs. Agency vs. ...,fresh,2026-04-20,0.4,,2026-04-19,,2026-04-20,,200,,false
academy categories,6,97,false,en.wikipedia.org,https://en.wikipedia.org/wiki/Category:Association_football_academies,Category:Association football academies,unknown,,,,,,,2026-09-10,200,,false
academy categories,6,98,false,juniorgrassrootshub.com,https://www.juniorgrassrootshub.com/academies/category-2,EPPP Category 2 Academies - Junior Grassroots Hub,unknown,,,,,,,,200,,true
academy categories,6,99,false,thefootballparent.co.uk,https://www.thefootballparent.co.uk/how-football-academies-work,how youth football academies work – a parent's guide,unknown,,,,,,,,200,,true
academy categories,6,101,false,thefootballscholar.com,https://thefootballscholar.com/academies-category/category-three-academies/,Category Three Academies Archives - Be a Football Player,unknown,,,,,,,,200,,true
academy categories,6,102,false,youtube.com,https://www.youtube.com/watch?v=aOc1dDjJFgg,Ex-Pro EXPLAINS How To Navigate Football Academies,fresh,2026-05-04,0.4,,2026-05-04,,2026-05-04,,200,,false
academy categories,6,103,false,thepfsa.co.uk,https://thepfsa.co.uk/ca/understanding-the-english-football-academy-category-system-under-the-elite-player-performance-plan-eppp/,Comprensió del sistema de categories de l'Acadèmia d' ...,fresh,2026-09-21,0,2026-09-21,2025-06-09,,,,200,,true
academy categories,6,104,false,facebook.com,https://www.facebook.com/fb-answers/category-1-academies-england/,Category 1 Academies England,unknown,,,,,,,,400,,false
academy categories,6,105,false,ukfootballacademyfinder.com,https://ukfootballacademyfinder.com/football_pathway_advice/the-three-main-phases-of-a-pro-club-academy/,The three main phases of a pro club academy,stale,2024-09-23,2,2024-09-23,2024-03-15,,2024-03-15,,200,,true
academy categories,6,106,false,en.wikipedia.org,https://en.wikipedia.org/wiki/Youth_system,Youth system,fresh,2026-05-24,0.3,2026-05-24,2005-12-10,,,2026-09-23,200,,false
academy categories,6,107,false,footballacademies.co.uk,https://footballacademies.co.uk/,UK Football Academies,unknown,,,,,,,,404,,true
academy categories,6,108,false,youtube.com,https://www.youtube.com/watch?v=fkT3Kfe4-0Y,EACH CHAMPIONSHIP ACADEMY RANKED FROM WORST ...,stale,2020-04-14,6.4,,2020-04-14,,2020-04-14,,200,,false
academy categories,6,109,false,thefootballscholar.com,https://thefootballscholar.com/academies-category/category-two-academies/,Category Two Academies Archives - Be a Football Player,unknown,,,,,,,,200,,true
academy categories,6,110,false,facebook.com,https://www.facebook.com/fb-answers/how-many-football-academies-are-there-in-england/,How Many Football Academies Are There in England?,unknown,,,,,,,,400,,false
football development centres,13,1,true,brentfordfccst.com,https://www.brentfordfccst.com/en/boys-football-development-centre-fdc,Boys Football Development Centre (FDC),unknown,,,,,,,,200,,true
football development centres,13,2,true,fdcacademy.co.uk,https://fdcacademy.co.uk/,FDC Academy – Youth Football Training in Birmingham ...,stale,2021-11-19,4.8,,,,2021-11-19,,200,,true
football development centres,13,8,true,itfcfoundation.co.uk,https://www.itfcfoundation.co.uk/boys-football-development/,BOYS FOOTBALL DEVELOPMENT,fresh,2026-07-17,0.2,2026-07-17,2024-09-16,,,,200,,true
football development centres,13,9,true,ignitesportuk.com,https://www.ignitesportuk.com/course/ocfc-development-centre,Football Development Centre,unknown,,,,,,,,200,,true
football development centres,13,10,true,facebook.com,https://www.facebook.com/MidlandsDevCentre/,Midlands Football Development Centre,unknown,,,,,,,,400,,false
football development centres,13,11,true,wiltshiresportsacademy.co.uk,https://www.wiltshiresportsacademy.co.uk/football-coaching-academy/development-centres,Development Centres,fresh,2026-08-20,0.1,2026-08-20,2023-06-23,,,,200,,true
football development centres,13,12,true,coaching.wolves.co.uk,https://coaching.wolves.co.uk/,Wolverhampton Wanderers: Book football coaching sessions ...,unknown,,,,,,,2026-02-12,200,,true
football development centres,13,13,false,footballparent.co.uk,https://www.footballparent.co.uk/academy-pathway/uk-football-development-centres-explained,UK football development centres explained,fresh,2026-05-30,0.3,,,,2026-05-30,,,"own page, not fetched",false
football development centres,13,14,false,fulhamfc.com,https://www.fulhamfc.com/foundation/what-we-do/football-development,Football Development,unknown,,,,,,,2026-09-24,200,,true
football development centres,13,15,false,htafcfoundation.com,https://www.htafcfoundation.com/age-5-11/football-development,FOOTBALL DEVELOPMENT CENTRES,fresh,2026-07-17,0.2,2026-07-17,2026-07-17,,,,200,,true
football development centres,13,17,false,pathwaydevelopmentcentre.com,https://www.pathwaydevelopmentcentre.com/,Pathway Development Centre,unknown,,,,,,,,,fetch failed,true
football development centres,13,18,false,cardiff.ac.uk,https://www.cardiff.ac.uk/community/sport/junior-activities/junior-development/football,Football Development Centre - Community,unknown,,,,,,,,403,,true
football development centres,13,19,false,communitysportsfoundation.org.uk,https://www.communitysportsfoundation.org.uk/programmes/boys-football/,Boys' Football Development Programme,fresh,2026-08-25,0.1,2026-08-25,2017-06-29,,,2026-09-24,200,,true
football development centres,13,20,false,developmentschools.co.uk,https://www.developmentschools.co.uk/,Football Development Schools: Home Page,unknown,,,,,,,,200,,true
football development centres,13,21,false,tottenhamhotspur.com,https://www.tottenhamhotspur.com/football-development,Football Development,fresh,2026-05-01,0.4,2026-05-01,2026-04-07,,,,200,,true
football development centres,13,22,false,watfordfccsetrust.com,https://www.watfordfccsetrust.com/project/player-development-programmes/,Player Development Programmes,unknown,,,,,,,,200,,true
football development centres,13,23,false,hereforddevelopmentcentre.co.uk,https://hereforddevelopmentcentre.co.uk/,Hereford Development Centre,unknown,,,,,,,,200,,true
football development centres,13,24,false,burnleyfccommunity.org,https://burnleyfccommunity.org/football/player-development-centre-boys/,Player Development Centre (Boys),stale,2024-04-16,2.4,2024-04-16,2022-08-22,,,,200,,true
football development centres,13,25,false,gameonsportscoaching.co.uk,https://gameonsportscoaching.co.uk/development-centre/,Game On Development Centre - Game On Sports Coaching,fresh,2026-04-02,0.5,2026-04-02,2017-09-01,,2026-04-02,,200,,true
football development centres,13,26,false,officialsoccerschools.co.uk,https://officialsoccerschools.co.uk/birminghamcity/birmingham-city-foundation-4.html,Book Football development centre from Birmingham City,unknown,,,,,,,,403,,true
football development centres,13,28,false,primefdc.co.uk,https://primefdc.co.uk/,Prime Elite Football Development Centre,unknown,,,,,,,,200,,true
football development centres,13,29,false,ouitc.org,https://www.ouitc.org/programme/development-centre/,Development Centre | Programmes,fresh,2024-12-18,1.8,2024-12-18,2022-07-01,,,2026-09-24,200,,true
football development centres,13,30,false,community.chesterfc.com,https://community.chesterfc.com/programmes/coaching/player-development-centres/,Player Development Centre – Chester FC Community Trust,unknown,,,,,,,,200,,true
football development centres,13,31,false,npvfootdev.co.uk,https://npvfootdev.co.uk/,NPV Football Development: Kids Football Academy in ...,fresh,2026-07-27,0.2,2026-07-27,2024-02-17,,,,200,,true
football development centres,13,32,false,avfc.co.uk,https://www.avfc.co.uk/foundation/engagement-sport-wellbeing/football-development,Football Development with the Aston Villa Foundation,unknown,,,,,,,2026-09-24,200,,true
football development centres,13,33,false,pjssdevelopment.co.uk,https://pjssdevelopment.co.uk/development-centre,Development Centre,unknown,,,,,,,,200,,true
football development centres,13,34,false,ruct.co.uk,https://ruct.co.uk/sports-participation/football-development/,Football Development,stale,2024-06-10,2.3,2024-06-10,2023-08-04,,,,200,,true
football development centres,13,35,false,facebook.com,https://www.facebook.com/fit4footballuk/posts/%EF%B8%8Fare-football-development-centres-worth-it%EF%B8%8F-footballdrills-footballacademy-footb/1065624026034011/,ARE FOOTBALL DEVELOPMENT CENTRES WORTH IT ...,fresh,2026-06-23,0.3,,,,2026-06-23,,400,,false
football development centres,13,36,false,profootballacademy.com,https://profootballacademy.com/uk/locations/,Locations | Pro Football Academy UK,unknown,,,,,,,,403,,true
football development centres,13,37,false,millwallcommunity.org.uk,https://www.millwallcommunity.org.uk/football-development,Football Development,unknown,,,,,,,,200,,true
football development centres,13,39,false,bwitc.org.uk,https://www.bwitc.org.uk/football-provisions/,Wanderers Soccer School,stale,2024-07-26,2.2,2024-07-26,2021-10-13,,,,200,,true
football development centres,13,40,false,footballparent.co.uk,https://www.footballparent.co.uk/academy-pathway/brentford-development-centre-guide,Brentford FC Development Centre Guide - Football Parent,fresh,2026-08-22,0.1,,,,2026-08-22,,,"own page, not fetched",false
football development centres,13,41,false,mancity.com,https://www.mancity.com/football-programs/uk/manchester/programs/football-school/,Football School in Manchester,unknown,,,,,,,,403,,true
football development centres,13,42,false,risingstarssportsacademy.co.uk,https://risingstarssportsacademy.co.uk/,Building Confidence On & Off the Pitch,unknown,,,,,,,,200,,true
football development centres,13,43,false,fpfacademy.com,https://fpfacademy.com/category/development-centres/,Development Centres,unknown,,,,,,,,200,,true
football development centres,13,44,false,chelseasoccerschools.co.uk,https://chelseasoccerschools.co.uk/,Chelsea FC | Soccer Schools,unknown,,,,,,,,200,,true
football development centres,13,45,false,developuyp.com,https://www.developuyp.com/,Football coaching | Develop | Swindon,unknown,,,,,,,,200,,true
football development centres,13,46,false,kinetickidsacademy.co.uk,https://kinetickidsacademy.co.uk/football-development-centre-mottingham/,Football Development Centre Mottingham,unknown,,,,,,,,200,,true
football development centres,13,47,false,dcfc.co.uk,https://www.dcfc.co.uk/page/academy,Derby County Academy,unknown,,,,,,,,200,,true
football development centres,13,48,false,itfcfoundation.co.uk,https://www.itfcfoundation.co.uk/player-development-centres-2/,PLAYER DEVELOPMENT CENTRES,fresh,2026-07-17,0.2,2026-07-17,2024-09-16,,,,200,,true
football development centres,13,50,false,nufoundation.org.uk,https://www.nufoundation.org.uk/what-we-do/football-development,Football Development,unknown,,,,,,,,200,,true
football development centres,13,51,false,nextlevelfootballacademy.co.uk,https://www.nextlevelfootballacademy.co.uk/,Next Level Football Academy,unknown,,,,,,,,200,,true
football development centres,13,52,false,thetitansfa.com,https://thetitansfa.com/why-join-a-development-centre/,Why Join A Development Centre?,stale,2023-10-05,3,2023-10-05,2023-09-18,,,,200,,true
football development centres,13,53,false,sufc.co.uk,https://www.sufc.co.uk/academy/,Academy,unknown,,,,,,,2026-06-05,200,,true
football development centres,13,54,false,fitc.co.uk,https://fitc.co.uk/,FITC Academy in Essex. We coach talented young footballers.,stale,2024-03-19,2.5,2024-03-19,2018-01-15,,2024-03-19,,200,,true
football development centres,13,55,false,fsdacademy.com,https://www.fsdacademy.com/,FSD Academy | Professional Football Academy and Elite ...,unknown,,,,,,,,200,,true
football development centres,13,56,false,premierleague.com,https://www.premierleague.com/en/footballandcommunity/youth-development/parent-hub/the-academy-experience,Youth Development - Parent Hub - The Academy Experience,unknown,,,,,,,,200,,false
football development centres,13,57,false,wolves.co.uk,https://www.wolves.co.uk/global-football-development/,Global Football Development | Wolverhampton ...,unknown,,,,,,,,200,,true
football development centres,13,58,false,ukfootballacademyfinder.com,https://ukfootballacademyfinder.com/football_pathway_advice/what-is-a-development-centre/,What is a development centre?,stale,2024-09-23,2,2024-09-23,2024-03-18,,2024-03-18,,200,,true
football development centres,13,59,false,footballdomination.com,https://www.footballdomination.com/development-centers,DEVELOPMENT CENTERS,unknown,,,,,,,,200,,true
football development centres,13,61,false,soccertrials.com,https://www.soccertrials.com/,Football Trials | Football Academy | Protec - London,unknown,,,,,,,,200,,true
football development centres,13,62,false,bedfordacademy.co.uk,https://www.bedfordacademy.co.uk/sixth-form/sport-and-dance-academy/football-academy/,Football Academy,fresh,2025-10-30,0.9,2025-10-30,2025-09-29,,,,200,,true
football development centres,13,63,false,cpfc.co.uk,https://www.cpfc.co.uk/information/academy/,The Crystal Palace F.C. Academy,unknown,,,,,,,,200,,true
football development centres,13,64,false,elitedevelopmentcoaching.co.uk,https://www.elitedevelopmentcoaching.co.uk/,"Elite Development Coaching | Sports Coaching, West Sussex",unknown,,,,,,,,200,,true
football development centres,13,65,false,footballaceacademy.com,https://footballaceacademy.com/,ACE Academy -Expert Football Training for Kids in Walsall,fresh,2026-09-07,0,2026-09-07,2024-01-16,,,,200,,true
football development centres,13,66,false,stevengerrardacademy.com,https://www.stevengerrardacademy.com/our-location-nottingham,Steven Gerrard Academy Nottingham.,unknown,,,,,,,2026-09-22,200,,true
football development centres,13,67,false,bloomsburyfootball.com,https://bloomsburyfootball.com/academy/,Football Academy,unknown,,,,,,,,200,,true
football development centres,13,68,false,thefootballdevelopmentprogramme.co.uk,https://thefootballdevelopmentprogramme.co.uk/football/,"The Football Development Programme – Football, Numeracy ...",unknown,,,,,,,2026-08-06,200,,true
football development centres,13,69,false,facebook.com,https://www.facebook.com/academyclubfootball/,Academy Club - Football Development Centre | Stafford,unknown,,,,,,,,400,,false
football development centres,13,70,false,bridgefootballacademy.co.uk,https://bridgefootballacademy.co.uk/,Bridge Football Academy: Home,stale,2023-01-23,3.7,2023-01-23,2020-06-27,,,,200,,true
football development centres,13,72,false,jcfd.co.uk,https://www.jcfd.co.uk/,JC Football Development,unknown,,,,,,,,200,,true
football development centres,13,73,false,manchesterplayerdevelopment.co.uk,https://www.manchesterplayerdevelopment.co.uk/,Manchester Player Development,unknown,,,,,,,,200,,true
football development centres,13,74,false,firsttouchuk.com,https://firsttouchuk.com/,Untitled,unknown,,,,,,,2026-09-24,200,,true
football development centres,13,75,false,mrfa.co.uk,https://www.mrfa.co.uk/new-heybridge,NEW Heybridge Dev Centre,unknown,,,,,,,,200,,true
football development centres,13,76,false,uk-footballacademy.co.uk,https://uk-footballacademy.co.uk/find-a-centre/,Find a Centre,unknown,,,,,,,,200,,true
football development centres,13,77,false,lcfc.com,https://www.lcfc.com/academy,The Academy - Leicester,unknown,,,,,,,,200,,true
football development centres,13,78,false,wemakefootballers.com,https://wemakefootballers.com/uk,We Make Footballers: Kids Football Training for Ages 4-12,unknown,,,,,,,,200,,true
football development centres,13,79,false,mummyfever.co.uk,https://mummyfever.co.uk/the-top-football-academies-for-kids-in-the-uk/,The Top Football Academies For Kids In The UK,stale,2023-06-07,3.3,2023-06-07,2023-06-07,,2023-06-07,,200,,true
football development centres,13,80,false,ballondorfootballacademy.com,https://www.ballondorfootballacademy.com/,Football Academy | Ballon Dor Football Academy | Longfield ...,unknown,,,,,,,,200,,true
football development centres,13,81,false,pfaunited.co.uk,https://www.pfaunited.co.uk/,PFA United - Boys and Girls football academy in London,unknown,,,,,,,,200,,true
football development centres,13,83,false,ballondorfootballacademy.com,https://www.ballondorfootballacademy.com/,Football Academy | Ballon Dor Football Academy | Longfield ...,unknown,,,,,,,,200,,true
football development centres,13,84,false,pfaunited.co.uk,https://www.pfaunited.co.uk/,PFA United - Boys and Girls football academy in London,unknown,,,,,,,,200,,true
football development centres,13,85,false,thetitansfa.com,https://thetitansfa.com/top-development-centres-in-london-for-kids-uncovered/,Top Development Centres in London for Kids Uncovered,fresh,2025-09-15,1,2025-09-15,2025-09-15,,2025-09-15,,200,,true
football development centres,13,86,false,lcfc.com,https://www.lcfc.com/academy,The Academy - Leicester,unknown,,,,,,,,200,,true
football development centres,13,87,false,shfootballacadamy.co.uk,https://shfootballacadamy.co.uk/,"Shfootballacadamy - Football - , England",unknown,,,,,,,,200,,true
football development centres,13,88,false,premierplayerfootballacademy.co.uk,https://www.premierplayerfootballacademy.co.uk/development.html,middlesbrough development academy,unknown,,,,,,,2026-04-20,200,,true
football development centres,13,89,false,stevengerrard.academy,https://stevengerrard.academy/belfast/,Steven Gerrard Academy Belfast,stale,2023-05-26,3.3,2023-05-26,,,2023-05-26,,200,,true
football development centres,13,90,false,footballperformance.co.uk,https://footballperformance.co.uk/,FPA FC,unknown,,,,,,,2026-09-24,200,,true
football development centres,13,91,false,developmentschools.co.uk,https://www.developmentschools.co.uk/training-centres/loughborough,Loughborough Development Centre,unknown,,,,,,,,200,,true
football development centres,13,92,false,elitedevelopmentfootballacademy.com,https://www.elitedevelopmentfootballacademy.com/,3FC Academy: HOME,unknown,,,,,,,,200,,true
football development centres,13,94,false,evolvefootballacademy.com,https://www.evolvefootballacademy.com/,Edinburgh Football Academy - Evolve,unknown,,,,,,,,200,,true
football development centres,13,95,false,jdsfootballschool.co.uk,https://www.jdsfootballschool.co.uk/,JD's Football School: Welcome to JDFS Coaching,fresh,2026-08-25,0.1,2026-08-25,2014-03-10,,2026-08-25,,200,,true
football development centres,13,96,false,uksportscoaching.co.uk,https://www.uksportscoaching.co.uk/soccer-schools,Football Development,unknown,,,,,,,,200,,true
football development centres,13,97,false,watfordfccsetrust.com,https://www.watfordfccsetrust.com/project/westfield-football-academy/,Westfield Football Academy,fresh,2025-11-26,0.8,2025-11-26,2020-05-20,,,,200,,true
football development centres,13,98,false,footballparent.co.uk,https://www.footballparent.co.uk/academy-pathway,Academy Pathway - Football Parent,unknown,,,,,,,,,"own page, not fetched",false
football development centres,13,99,false,soccerschools.tottenhamhotspur.com,https://soccerschools.tottenhamhotspur.com/,Tottenham Hotspur | Global Football Development,unknown,,,,,,,,200,,true
football development centres,13,100,false,profootballacademy.com,https://profootballacademy.com/uk/,Junior & Youth Football Coaching | Pro Football Academy UK,unknown,,,,,,,,403,,true
football development centres,13,101,false,arsenal.com,https://www.arsenal.com/media/video/playlist/88358,Inside Training: All set for Manchester United,fresh,2026-09-20,0,,,,2026-09-20,,200,,true
football development centres,13,102,false,p2fa.co.uk,https://www.p2fa.co.uk/,www.P2FA.co.uk,unknown,,,,,,,,200,,true
football development centres,13,103,false,brentfordfccst.com,https://www.brentfordfccst.com/en/football-programmes,Football Development Programmes,unknown,,,,,,,,200,,true
football development centres,13,105,false,arsenal.com,https://www.arsenal.com/media/video/playlist/88418,Extended Highlights: Arsenal Women 1-1 Man United,fresh,2026-09-20,0,,,,2026-09-20,,200,,true
football development centres,13,106,false,wemakefootballers.com,https://wemakefootballers.com/uk/watford,Watford Kids' Football Training,unknown,,,,,,,,200,,true
football development centres,13,107,false,arsenal.com,https://www.arsenal.com/media/video/playlist/88399,Highlights | Brighton 3-0 Arsenal | bitesize,fresh,2026-09-19,0,,,,2026-09-19,,200,,true
football development centres,13,108,false,nhl.com,https://www.nhl.com/oilers/video/post-raw-isaac-howard-09-22-26-6405464151112,POST-RAW | Howard 09.22.26 | Edmonton Oilers,fresh,2026-09-24,0,,2026-09-24,,2026-09-23,,200,,true
football development centres,13,109,false,profootballacademy.com,https://profootballacademy.com/uk/,Junior & Youth Football Coaching | Pro Football Academy UK,unknown,,,,,,,,403,,true
football development centres,13,110,false,arsenal.com,https://www.arsenal.com/media/video/playlist/88278,Max's magical night at Portman Road,fresh,2026-09-16,0,,,,2026-09-16,,200,,true
football development centres,13,111,false,youtube.com,https://www.youtube.com/watch?v=vUnul0D_Fwk,WREXHAM FC STADIUM ON 17.9.26 - DEVELOPMENT ...,fresh,2026-09-17,0,,2026-09-17,,2026-09-17,,200,,false
football development centres,13,112,false,officialsoccerschools.co.uk,https://officialsoccerschools.co.uk/,Official Soccer Schools - Professional Football Coaching in ...,unknown,,,,,,,,403,,true
football development centres,13,113,false,nationalcareers.service.gov.uk,https://nationalcareers.service.gov.uk/find-a-course/details?courseId=ca011438-531f-43de-9b94-8dd8f94ab78e&runId=36f4fee7-a56b-4c85-9f7c-72a3a04e46a4&searchTerm=&town=&learningMethod=&courseType=&sectors=&courseHours=&courseStudyTime=&startDate=&distance=&filtera=False&page=3253&orderByValue=Relevance&coordinates=&campaignCode=&qualificationLevels=&D=0,https://nationalcareers.service.gov.uk/find-a-cour...,unknown,,,,,,,,200,,false
football development centres,13,114,false,profootballacademies.co.uk,https://www.profootballacademies.co.uk/,https://www.profootballacademies.co.uk/,unknown,,,,,,,,200,,true
