keyword,our_position,rank,above_us,domain,url,title,verdict,best_date,age_years,date_modified,date_published,visible_updated,google_serp_date,last_modified_header,http,fetch_error,acquirable
grassroots football app,,2,true,apps.apple.com,https://apps.apple.com/gb/app/matchday-by-england-football/id1401913451,Matchday by England Football - App Store,fresh,2026-09-11,0,,2026-09-11,,,,200,,true
grassroots football app,,4,true,englandfootball.com,https://www.englandfootball.com/participate/leagues-and-clubs/helpful-apps-and-websites/matchday,Helpful apps & websites - Matchday,unknown,,,,,,,,200,,false
grassroots football app,,5,true,grassrootstechnology.thefa.com,https://grassrootstechnology.thefa.com/support/solutions/48000396671,Matchday - Grassroots Technology - The FA,unknown,,,,,,,,200,,false
grassroots football app,,6,true,play.google.com,https://play.google.com/store/apps/details?id=com.thefa.matchdayapp&hl=en_GB,Matchday by England Football – Apps on ...,fresh,2026-08-11,0.1,,,2026-08-10,2026-08-11,,200,,true
grassroots football app,,7,true,amateur-fa.com,https://www.amateur-fa.com/coach/matchday,Matchday,unknown,,,,,,,,200,,true
grassroots football app,,8,true,apps.apple.com,https://apps.apple.com/gb/app/prematch-real-football/id1579841897,Prematch: Real Football - App Store,fresh,2026-09-14,0,,2026-09-14,,,,200,,true
grassroots football app,,9,true,spond.com,https://www.spond.com/news-and-blog/top-5-grassroots-football-team-apps/,The Top 5 Grassroots Football Team Apps in the UK,fresh,2025-01-16,1.7,2025-01-16,2025-01-16,,2025-01-16,,200,,true
grassroots football app,,10,true,englandfootball.com,https://www.englandfootball.com/participate/leagues-and-clubs/helpful-apps-and-websites,Digitising the grassroots game,unknown,,,,,,,,200,,false
grassroots football app,,11,true,play.google.com,https://play.google.com/store/apps/details?id=com.rootsapp.io&hl=en_GB,Pytch - Grassroots Football – Apps on Google Play,fresh,2026-09-21,0,,,2026-09-21,,,200,,true
grassroots football app,,13,true,sportplan.net,https://www.sportplan.net/drills/Football/guides/best-free-grassroots-football-apps-2026.jsp,Best Free Apps for Grassroots Football Teams in 2026,fresh,2026-06-18,0.3,2026-06-18,2026-06-18,,,,200,,true
grassroots football app,,14,true,facebook.com,https://www.facebook.com/groups/grassrootsfootballhub/posts/1401590367611621/,Can anyone recommend an app for posting match updates ...,unknown,,,,,,,,400,,false
grassroots football app,,15,true,squadd.co.uk,https://www.squadd.co.uk/blog/best-football-team-management-apps,The Best Football Team Management Apps for UK Grassroots ...,fresh,2026-09-07,0,2026-09-07,2026-07-06,2026-09-06,2026-07-06,2026-09-14,200,,true
grassroots football app,,16,true,ballrz.app,https://ballrz.app/,Ballrz — Grassroots Football Team Management App,fresh,2026-09-11,0,,,,2026-09-11,,200,,true
grassroots football app,,17,true,juniorgrassrootshub.com,https://www.juniorgrassrootshub.com/partners?category=Software,Software — Grassroots Football Partners,unknown,,,,,,,,200,,true
grassroots football app,,18,true,pitch1.net,https://pitch1.net/grassroots_football_app.php,Grassroots Football Team Management App,unknown,,,,,,,,200,,true
grassroots football app,,19,true,fairplayfc.co.uk,https://fairplayfc.co.uk/,FairPlay FC | Grassroots Football Coaching App,fresh,2026-05-14,0.4,2026-05-14,2025-12-19,,,,200,,true
grassroots football app,,20,true,statzoapp.com,https://statzoapp.com/best-grassroots-football-app/,"Best Grassroots Football App 2026 | Players, Parents & ...",fresh,2026-01-26,0.7,2026-01-26,2026-01-26,,2026-01-26,,200,,true
grassroots football app,,21,true,mingle.sport,https://mingle.sport/blog/best-apps-for-your-grassroots-football-team/,Top 5 Best Mobile Apps For Your Grassroots Football Team,stale,2024-01-02,2.7,,,,2024-01-02,,200,,true
grassroots football app,,22,true,play.google.com,https://play.google.com/store/apps/details?id=app.prematch&hl=en_GB,Prematch - The Real Football – Apps on Google Play,fresh,2026-09-10,0,,,2026-09-10,,,200,,true
grassroots football app,,24,true,apps.apple.com,https://apps.apple.com/gb/app/grassroots-stats/id1490688072,Grassroots Stats - App Store - Apple,stale,2020-09-20,6,,2020-09-20,,,,200,,true
grassroots football app,,25,true,facebook.com,https://www.facebook.com/groups/grassrootsfootballhub/posts/1680669643037024/,Our app is a complete tool for grassroots football and is ...,unknown,,,,,,,,400,,false
grassroots football app,,26,true,grassrootstechnology.thefa.com,https://grassrootstechnology.thefa.com/support/solutions/folders/48000693759,Downloading Matchday - Grassroots Technology - The FA,unknown,,,,,,,,200,,false
grassroots football app,,27,true,tablish.co.uk,https://www.tablish.co.uk/goalero/,Goalero - Live Scoring Sports App for Grassroots - Tablish,unknown,,,,,,,,,fetch failed,true
grassroots football app,,28,true,teamstats.net,https://www.teamstats.net/football-coaching/apps/the-best-grassroots-football-stats-app-for-coaches,Top Grassroots Football Stats App for Coaches,fresh,2026-09-14,0,,2026-09-14,,,2026-09-23,200,,true
grassroots football app,,29,true,footballdna.co.uk,https://footballdna.co.uk/download-our-mobile-app/,Download Our Mobile App,unknown,,,,,,,,403,,true
grassroots football app,,30,true,firstwhistle.app,https://firstwhistle.app/best-football-management-apps-for-2026/,Best Football Management Apps for 2026; a guide ...,fresh,2026-01-03,0.7,2026-01-03,2026-01-03,,2026-01-03,2026-09-23,200,,true
grassroots football app,,31,true,footyaddicts.com,https://footyaddicts.com/,Footy Addicts - Play and find football games,unknown,,,,,,,,200,,true
grassroots football app,,32,true,grassrootstoglory.co.uk,https://grassrootstoglory.co.uk/,Digital Scouting Platform For Football | Grassroots To Glory,fresh,2026-07-18,0.2,2026-07-18,2026-02-03,,,2026-09-23,200,,true
grassroots football app,,33,true,thrive4grassroots.com,https://thrive4grassroots.com/who-we-help/football-clubs/,Football clubs - Thrive4Grassroots,fresh,2026-08-03,0.1,2026-08-03,2026-06-06,,,,200,,true
grassroots football app,,35,true,ballrz.app,https://ballrz.app/youth-football-app,Youth Football App: What Coaches and Parents Should Look ...,fresh,2026-06-01,0.3,,,,2026-06-01,,200,,true
grassroots football app,,36,true,squadgod.app,https://squadgod.app/blog/grassroots-football-app,The Best Grassroots Football App for Coaches,unknown,,,,,,,,200,,true
grassroots football app,,37,true,thefa.com,https://www.thefa.com/news/2019/nov/07/matchday-app-071119,Matchday app helping clubs save time and money,stale,2019-11-07,6.9,,,,2019-11-07,,200,,false
grassroots football app,,38,true,facebook.com,https://www.facebook.com/groups/grassrootsfootballhub/posts/1604658180638171/,Are there any good apps out there for grassroots teams? ...,unknown,,,,,,,,400,,false
grassroots football app,,39,true,play.google.com,https://play.google.com/store/apps/details?id=com.grassrootsfootball.app&hl=en_GB,The Grassroots Football App,fresh,2026-06-24,0.3,,,2026-06-23,2026-06-24,,200,,true
grassroots football app,,40,true,juniorgrassrootshub.com,https://www.juniorgrassrootshub.com/partners/clubly-fc,ClublyFC | JGH Partners - Junior Grassroots Hub,unknown,,,,,,,,200,,true
grassroots football app,,41,true,mingle.sport,https://mingle.sport/blog/best-football-team-app-uk-australia-2025/,Best Team App for Grassroots Football (UK & Australia),fresh,2025-09-04,1.1,,,,2025-09-04,,200,,true
grassroots football app,,42,true,grassrootsfootballuk.com,https://www.grassrootsfootballuk.com/grassroots-football-football-data-system-matchday-teamsheet-how-it-works/,How it Works,unknown,,,,,,,,403,,true
grassroots football app,,43,true,englandfootball.com,https://www.englandfootball.com/participate/leagues-and-clubs/helpful-apps-and-websites/matchday/About-Matchday,About Matchday,unknown,,,,,,,,200,,false
grassroots football app,,44,true,get.playhq.com,https://get.playhq.com/apps/footballhq,FootballHQ App | Powered by PlayHQ,unknown,,,,,,,2026-09-22,200,,true
grassroots football app,,46,true,get.playhq.com,https://get.playhq.com/apps/footballhq,FootballHQ App | Powered by PlayHQ,unknown,,,,,,,2026-09-22,200,,true
grassroots football app,,47,true,teamstats.net,https://www.teamstats.net/football-coaching/apps/top-apps-for-grassroots-football-teams-in-2025,Best Apps for Grassroots Football Teams,fresh,2026-03-30,0.5,,2026-03-30,,,2026-09-20,200,,true
grassroots football app,,48,true,spond.com,https://www.spond.com/news-and-blog/youth-football-app/,Youth Football Apps: Supporting 3m Players in the UK,fresh,2024-12-20,1.8,2024-12-20,2024-12-20,,2024-12-20,,200,,true
grassroots football app,,49,true,facebook.com,https://www.facebook.com/groups/700859902682827/posts/953693467399468/,New app for scheduling UK grassroots football friendlies,unknown,,,,,,,,400,,false
grassroots football app,,50,true,thefa.com,https://www.thefa.com/about-football-association/whats-next,What's next | Matchday,unknown,,,,,,,,200,,false
grassroots football app,,51,true,instagram.com,https://www.instagram.com/reel/DdhzUtoMY12/,🇦🇷 Losing 2-0 in the torrential rain to Boca? Most crowds ...,fresh,2026-09-21,0,,,,2026-09-21,,200,,false
grassroots football app,,52,true,grassrootsfootballuk.com,https://www.grassrootsfootballuk.com/,Grassroots Football UK: Home,unknown,,,,,,,,403,,true
grassroots football app,,53,true,instagram.com,https://www.instagram.com/reel/DdlBhjZxy2n/,"In India, many young footballers dream of becoming ...",fresh,2026-09-22,0,,,,2026-09-22,,200,,false
grassroots football app,,54,true,thefa.com,https://www.thefa.com/news/2020/aug/05/matchday-app-whats-new-050820,Matchday app improved for grassroots teams in 2020-21 ...,stale,2020-08-05,6.1,,,,2020-08-05,,200,,false
grassroots football app,,55,true,play.google.com,https://play.google.com/store/apps/details?id=com.ezactive.hkfa&hl=en,HKFA Grassroots Football - Apps on Google Play,fresh,2026-06-20,0.3,,,2026-06-19,2026-06-20,,200,,true
grassroots football app,,57,true,reddit.com,https://www.reddit.com/r/TheSilphRoad/comments/1wobuda/raid_solo_buzzwole_only_mega_staraptor_lv40_ae/,"Raid Solo Buzzwole Only Mega Staraptor LV:40 (AE, Rain ...",fresh,2026-09-23,0,,,,2026-09-23,,200,,false
grassroots football app,,58,true,facebook.com,https://www.facebook.com/groups/grassrootsfootballhub/posts/1351955402575118/,Can anyone recommend a simple free app that'll let you ...,unknown,,,,,,,,400,,false
grassroots football app,,59,true,tiktok.com,https://www.tiktok.com/@stevebracknall/video/7688307895645097248,Finding Royal Oak shirt on a Turkish market. Steve # ...,fresh,2026-09-22,0,,,,2026-09-22,,200,,false
grassroots football app,,60,true,teamstats.net,https://www.teamstats.net/football-coaching/apps/what-is-the-best-app-to-record-football-stats,Top App for Recording Football Stats,fresh,2026-04-07,0.5,,2026-04-07,,,2026-09-23,200,,true
grassroots football app,,61,true,footyapps.com,https://footyapps.com/category/grassroots,Best Grassroots Football Apps 2026,unknown,,,,,,,,200,,true
grassroots football app,,62,true,englandfootball.com,https://www.englandfootball.com/play/youth-football,Youth football - Play & Participate,unknown,,,,,,,,200,,false
grassroots football app,,63,true,tiktok.com,https://www.tiktok.com/@premierleague/video/7687536659528781089,There's no escaping @Brighton & Hove Albion FC 's press,fresh,2026-09-20,0,,,,2026-09-20,,200,,false
grassroots football app,,64,true,instagram.com,https://www.instagram.com/reel/Dddvy_GkiD9/,Why can't British Indians play football for India? ...,fresh,2026-09-19,0,,,,2026-09-19,,200,,false
grassroots football app,,65,true,play.google.com,https://play.google.com/store/apps/details?id=net.teamstats.app&hl=en_GB,TeamStats: Football Management – Apps on Google Play,fresh,2025-10-17,0.9,,,2025-10-17,,,200,,true
grassroots football app,,66,true,tiktok.com,https://www.tiktok.com/@elitetakes/video/7686281253305322766,Who you got ⁉ #nfl #football #TikTokCampaign,fresh,2026-09-17,0,,,,2026-09-17,,200,,false
grassroots football app,,68,true,instagram.com,https://www.instagram.com/reel/DdbtZVPsR7o/,Olaitan's tenacity  #UEL,fresh,2026-09-18,0,,,,2026-09-18,,200,,false
grassroots football app,,69,true,youtube.com,https://www.youtube.com/watch?v=fRYfjn56Wnc,Nine Days in an Airborne Coffin: The Voyager Epic,fresh,2026-09-19,0,,,,2026-09-19,,429,,false
grassroots football app,,70,true,tiktok.com,https://www.tiktok.com/@espn/video/7688056008261913886,"In overtime, you can choose to kick, receive or pick a goal to ...",fresh,2026-09-21,0,,,,2026-09-21,,200,,false
grassroots football app,,71,true,instagram.com,https://www.instagram.com/reel/DdkkWkxEbHw/,A belonging to the badge. A connection to the crest.,fresh,2026-09-22,0,,,,2026-09-22,,200,,false
grassroots football app,,72,true,play.google.com,https://play.google.com/store/apps/details?id=com.devjonaed.g2g&hl=en_GB,Grassroots to Glory – Apps on Google Play,fresh,2026-05-24,0.3,,,2026-05-23,2026-05-24,,200,,true
grassroots football app,,73,true,youtube.com,https://www.youtube.com/watch?v=7lKlnnPBSKY,Even 90s Legends Wouldn't Have Survived Today's Cricket,fresh,2026-09-19,0,,,,2026-09-19,,429,,false
grassroots football app,,74,true,tiktok.com,https://www.tiktok.com/@tumi4l_/video/7688060562957257992,Touchline is on fire — Touchline football moments,fresh,2026-09-21,0,,,,2026-09-21,,200,,false
grassroots football app,,75,true,thefa.com,https://www.thefa.com/about-football-association/whats-next,What's next | Matchday,unknown,,,,,,,,200,,false
grassroots football app,,76,true,indiatoday.in,https://www.indiatoday.in/sports/asian-games/video/elavenil-valarivan-japan-preparation-interview-shooting-silver-asian-games-2999031-2026-09-20,Elavenil Valarivan credits Japan-style training for Asian Games ...,fresh,2026-09-20,0,2026-09-20,2026-09-20,2026-09-19,2026-09-20,2026-09-20,200,,true
grassroots football app,,77,true,instagram.com,https://www.instagram.com/reel/DdZo_gsgGRg/,THIS IS HOW THE STREET FOOTBALL CREW COULD LOOK ...,fresh,2026-09-17,0,,,,2026-09-17,,200,,false
grassroots football app,,79,true,tiktok.com,https://www.tiktok.com/@m777ax/video/7688326950380768532,1v1 → defend the 2v1 → join the 3v2  A continuous ...,fresh,2026-09-22,0,,,,2026-09-22,,200,,false
grassroots football app,,80,true,instagram.com,https://www.instagram.com/reel/DdmCVoGjfsB/,@erling  @sunderlandafc fans,fresh,2026-09-22,0,,,,2026-09-22,,200,,false
grassroots football app,,81,true,tiktok.com,https://www.tiktok.com/@dailymailsport/video/7688392806355733782,That holiday ended quickly   britneydevilliers #england ...,fresh,2026-09-22,0,,,,2026-09-22,,200,,false
grassroots football app,,82,true,youtube.com,https://www.youtube.com/shorts/9k0hEHkZZoE,Trump calls Hasan Piker a 'TERRIBLE LIABILITY' for ...,fresh,2026-09-19,0,,2026-09-19,,2026-09-19,,200,,false
grassroots football app,,83,true,thefa.com,https://www.thefa.com/competitions/grassroots,Grassroots,unknown,,,,,,,,200,,false
grassroots football app,,84,true,instagram.com,https://www.instagram.com/reel/DdkxHoLNFt_/,Ref did not think about it twice 🟨 #fyp #reels @franksp7_ ...,fresh,2026-09-22,0,,,,2026-09-22,,200,,false
grassroots football app,,85,true,play.google.com,https://play.google.com/store/apps/details?id=uk.co.scottishfa.grassroots&hl=en_GB,Scottish FA - Grassroots Game – Apps on Google Play,stale,2024-02-07,2.6,,,2024-02-07,2024-02-07,,200,,true
grassroots football app,,86,true,tiktok.com,https://www.tiktok.com/@box2box.show/video/7687318171031735560,Right Winger tierlist  Did we cook ?! #football,fresh,2026-09-19,0,,,,2026-09-19,,200,,false
grassroots football app,,87,true,tiktok.com,https://www.tiktok.com/@vballnoryb/video/7687757696933629197,Volleyball rally: Ball State vs IU Indy trading swings and saves,fresh,2026-09-21,0,,,,2026-09-21,,200,,false
grassroots football app,,88,true,instagram.com,https://www.instagram.com/reel/DdlzxKVsBx5/,Arch_AI | Highbury: 114 years in 70 seconds Video edited with ...,fresh,2026-09-22,0,,,,2026-09-22,,200,,false
grassroots football app,,90,true,instagram.com,https://www.instagram.com/reel/DdgIAfTSsWa/,Fought till the end,fresh,2026-09-20,0,,,,2026-09-20,,200,,false
grassroots football app,,91,true,play.google.com,https://play.google.com/store/apps/details/FBASE_Tv_Grassroots_football?id=glospen.fbase.futbolbase&hl=en_IE,FBASE.Tv (Grassroots football) – Apps on ...,fresh,2026-04-24,0.4,,,2026-04-23,2026-04-24,,200,,true
grassroots football app,,92,true,thefa.com,https://www.thefa.com/competitions/grassroots,Grassroots,unknown,,,,,,,,200,,false
grassroots football app,,93,true,instagram.com,https://www.instagram.com/reel/DdlPrM2ydDg/,For Tonga 🇹🇴 Tonga Rugby League 2026 World Cup Jerseys ...,fresh,2026-09-22,0,,,,2026-09-22,,200,,false
grassroots football app,,94,true,tiktok.com,https://www.tiktok.com/@afl/video/7688204961238371605,He was so happy  #afl #footy #wholesome #jaggasmith,fresh,2026-09-22,0,,,,2026-09-22,,200,,false
grassroots football app,,95,true,instagram.com,https://www.instagram.com/reel/Ddk0hUCNqZl/,You've probably never heard of this country 🇹🇱 Timor Leste is ...,fresh,2026-09-22,0,,,,2026-09-22,,200,,false
grassroots football app,,96,true,tiktok.com,https://www.tiktok.com/@crazy_kennar/video/7687510058132851989,WHERE DOES GREATNESS BEGIN? This year's Africa ...,fresh,2026-09-20,0,,,,2026-09-20,,200,,false
grassroots football app,,97,true,instagram.com,https://www.instagram.com/reel/DdlS2HNxIUh/,We're on board the Tongan Train 🇹🇴 ...,fresh,2026-09-23,0,,,,2026-09-23,,200,,false
grassroots football app,,98,true,tiktok.com,https://www.tiktok.com/@overtime7/video/7687386963120246046,Knox got LSU! Who you got?  @ ...,fresh,2026-09-20,0,,,,2026-09-20,,200,,false
grassroots football app,,99,true,instagram.com,https://www.instagram.com/reel/Ddbg8rqPlJh/,And somehow the goalkeeper still gets blamed  # ...,fresh,2026-09-18,0,,,,2026-09-18,,200,,false
grassroots football app,,101,true,grassrootstechnology.thefa.com,https://grassrootstechnology.thefa.com/support/solutions/articles/48001077542-downloading-the-matchday-app-for-android,How to download The FA Matchday app on to your smartphone,stale,2024-01-10,2.7,,,,2024-01-10,,200,,false
grassroots football app,,102,true,tiktok.com,https://www.tiktok.com/@kijana_handsome/video/7687146928659909909,lamine Yamal #footballlife  #soccervibes  # ...,fresh,2026-09-19,0,,,,2026-09-19,,200,,false
grassroots football app,,103,true,tiktok.com,https://www.tiktok.com/@aljazeeraenglish/video/7688259078866341151,"Over the years, the #UN General Assembly has delivered no ...",fresh,2026-09-22,0,,,,2026-09-22,,200,,false
grassroots football app,,104,true,play.google.com,https://play.google.com/store/apps/details?id=com.grassroot.release&hl=en,G.R.S.S - Apps on Google Play,fresh,2026-01-08,0.7,,,2026-01-08,2026-01-08,,200,,true
grassroots football app,,105,true,tiktok.com,https://www.tiktok.com/@netflixsa/video/7688647963865779508,THIS is the kind of man Lethabo deserved from the beginning,fresh,2026-09-23,0,,,,2026-09-23,,200,,false
grassroots football app,,106,true,grassrootstechnology.thefa.com,https://grassrootstechnology.thefa.com/support/solutions/48000265985,England Football Portals - Grassroots Technology - The FA,unknown,,,,,,,,200,,false
grassroots football app,,107,true,tiktok.com,https://www.tiktok.com/@sports.flock/video/7687423325865266445,Bro UNSTOPPABLE‼ #trinidadchambliss #olemissfootball ...,fresh,2026-09-20,0,,,,2026-09-20,,200,,false
grassroots football app,,108,true,tiktok.com,https://www.tiktok.com/@familyfeud/video/7688349358210731295,Lack of hesitation stuns @Steve Harvey!  Name a body ...,fresh,2026-09-22,0,,,,2026-09-22,,200,,false
grassroots football app,,109,true,instagram.com,https://www.instagram.com/reel/DdaeiQtD-QW/,AÍ É LOUCURA!  #FBR #Libertadores,fresh,2026-09-18,0,,,,2026-09-18,,200,,false
grassroots football app,,110,true,tiktok.com,https://www.tiktok.com/@senyedit09/video/7688067644859125022,ishowspeedandbalde #speedandalejandrobalde #ishowspeed ...,fresh,2026-09-21,0,,,,2026-09-21,,200,,false
football coach app,,2,true,apps.apple.com,https://apps.apple.com/gb/app/coach-tactic-board-football/id834813357,Coach Tactic Board: Football - App Store - Apple,fresh,2026-09-03,0.1,,2026-09-03,,,,200,,true
football coach app,,3,true,play.google.com,https://play.google.com/store/apps/details?id=com.bluelinden.coachboard&hl=en_GB,Coach Tactic Board: Football,fresh,2026-09-07,0,,,2026-09-07,,,200,,true
football coach app,,4,true,footballdna.co.uk,https://footballdna.co.uk/,"Football Coaching Sessions, Drills & Tools | FootballDNA",unknown,,,,,,,,403,,true
football coach app,,5,true,easy2coach.net,https://www.easy2coach.net/en/,"Football Coach App: Team, Training & Tactics | easy2coach",fresh,2026-07-03,0.2,2026-07-03,2026-03-19,,,,200,,true
football coach app,,7,true,fdm.usafootball.com,https://fdm.usafootball.com/coaches/coach-resources/coach-planner-app,Coach Planner App | USA Football,unknown,,,,,,,,200,,true
football coach app,,8,true,sportplan.net,https://www.sportplan.net/drills/Football/Football-Coaching-App.jsp,Football Coaching Apps - iPhone | Android | iPad,unknown,,,,,,,,200,,true
football coach app,,9,true,apps.apple.com,https://apps.apple.com/gb/app/smart-football-coach/id1013397211,Smart Football Coach++ - App Store,fresh,2026-01-20,0.7,,2026-01-20,,,,200,,true
football coach app,,10,true,coachbetter.com,https://www.coachbetter.com/,Coachbetter: the unified Operating System for grassroots football,unknown,,,,,,,2026-09-23,200,,true
football coach app,,11,true,bcoach.app,https://bcoach.app/en/best-apps-for-football-coaches/,Best apps for football coaches to manage teams,fresh,2026-08-27,0.1,2026-08-27,2023-02-25,,,,200,,true
football coach app,,13,true,gorout.com,https://gorout.com/football-coaching-apps/,Football Coaching Apps: A Complete Guide for ...,fresh,2026-06-16,0.3,2026-06-16,2026-06-16,,2026-06-16,2026-09-23,200,,true
football coach app,,14,true,apps.microsoft.com,https://apps.microsoft.com/detail/9wzdncrdg6bp,Football Coach - Free download and install on Windows,unknown,,,,,,,,200,,true
football coach app,,15,true,vantasports.ai,https://www.vantasports.ai/blog/the-12-best-football-apps-for-coaches-to-elevate-your-team-in-2026,The 12 Best Football Apps for Coaches to Elevate Your ...,fresh,2026-05-03,0.4,2026-05-03,,,,,200,,true
football coach app,,16,true,soccertutor.com,https://www.soccertutor.com/collections/coaching-software?srsltid=AU7gw4XlWRVqDfgCD1dZgLi65qS_ebRLcwuiuseVAVVXB3YIppuNIxIk,Soccer & Football Coaching Software & Apps,stale,2024-09-19,2,,2024-09-19,,,,200,,true
football coach app,,17,true,profootballcoaching.com,https://profootballcoaching.com/blog/top-10-coaching-apps-every-coach-should-try,Top 10 Coaching Apps Every Coach Should Try,unknown,,,,,,,2026-09-23,200,,true
football coach app,,18,true,play.google.com,https://play.google.com/store/apps/details?id=de.felle.soccermanager.app&hl=en_GB,Football Coach – Apps on Google Play,stale,2018-12-09,7.8,,,2018-12-09,,,200,,true
football coach app,,19,true,the-football-hub.org,https://www.the-football-hub.org/post/football-management-apps-which-one,Football Management Apps: Which One?!,fresh,2026-08-20,0.1,2026-08-20,2023-10-26,,2023-08-20,,200,,true
football coach app,,20,true,thrive4grassroots.com,https://thrive4grassroots.com/blog/six-of-the-best-football-coaching-and-tactics-software-to-try-in-2026/,Six football coaching tools to try in 2026 - Thrive4 Grassroots,fresh,2026-08-06,0.1,2026-08-06,2026-06-05,,,,200,,true
football coach app,,21,true,youcoach.com,https://www.youcoach.com/pages/youcoach_home,YouCoach | Football Digital Technologies,unknown,,,,,,,2026-09-23,200,,true
football coach app,,22,true,fpromat.com,https://fpromat.com/blogs/news/10-best-football-training-apps-for-coaches?srsltid=AU7gw4VLRvYzTO2S78NoEIM33aM8LTcexD2f5sM3joQTnd_d0egU7iLJ,10 Best Football Training Apps for Coaches - FPRO-EU,stale,2024-03-13,2.5,2024-03-13,2024-03-13,,2024-03-13,,200,,true
football coach app,,24,true,thesoccerstore.co.uk,https://www.thesoccerstore.co.uk/blog/football-coaching/top-6-effective-football-coaching-apps/,Top 6 Effective Football Coaching Apps - The Soccer Store,fresh,2025-05-15,1.4,2025-05-15,,,2015-04-21,2026-09-21,200,,true
football coach app,,25,true,fpromat.com,https://fpromat.com/blogs/news/10-best-football-training-apps-for-coaches?srsltid=AU7gw4VTsoBCe3cM-J9yMAVQgEaycmGUYlY6uHaidmKcRnAHXaVQO5PO,10 Best Football Training Apps for Coaches - FPRO-EU,stale,2024-03-13,2.5,2024-03-13,2024-03-13,,2024-03-13,,200,,true
football coach app,,26,true,fcd.football,https://fcd.football/category/coaching-apps?sort=newest,Best Coaching Apps for Football Coaches (2026) | FCD,unknown,,,,,,,,200,,true
football coach app,,27,true,goalstation.com,https://goalstation.com/blogs/magazine/5-best-football-training-apps-for-players-and-coaches-in-2026,5 Best Football Training Apps for Players and Coaches in ...,fresh,2026-03-17,0.5,,,,2026-03-17,,200,,true
football coach app,,28,true,teamstats.net,https://www.teamstats.net/football-coaching/apps/apps-to-help-new-football-coaches-get-started,Top Apps for New Football Coaches,fresh,2026-04-15,0.4,,2026-04-15,,,2026-09-23,200,,true
football coach app,,29,true,play.google.com,https://play.google.com/store/apps/details?id=com.globalsport.mycoachfoot&hl=en_GB,My Coach Football – Apps on Google Play,stale,2024-06-24,2.3,,,2024-06-24,,,200,,true
football coach app,,30,true,coachingapps.ch,https://www.coachingapps.ch/en/home-en/,Football coach – your all-in-one tool for modern training ...,fresh,2024-12-02,1.8,,,,2024-12-02,,200,,true
football coach app,,31,true,football-coach.en.uptodown.com,https://football-coach.en.uptodown.com/android,Plan soccer training and strategies with this app,unknown,,,,,,,,200,,true
football coach app,,32,true,firstwhistle.app,https://firstwhistle.app/best-football-management-apps-for-2026/,Best Football Management Apps for 2026; a guide ...,fresh,2026-01-03,0.7,2026-01-03,2026-01-03,,2026-01-03,2026-09-23,200,,true
football coach app,,33,true,mycoachfootball.com,https://www.mycoachfootball.com/,Mycoach football,unknown,,,,,,,,,fetch failed,true
football coach app,,35,true,ertheo.com,https://www.ertheo.com/blog/en/best-soccer-training-apps,The best software applications for football coaches and ...,fresh,2025-09-16,1,2025-09-16,2018-12-17,,2018-12-17,,200,,true
football coach app,,36,true,teamstats.net,https://www.teamstats.net/football-coaching/apps/apps-to-help-new-football-coaches-get-started,Top Apps for New Football Coaches,fresh,2026-04-15,0.4,,2026-04-15,,,2026-09-23,200,,true
football coach app,,37,true,play.google.com,https://play.google.com/store/apps/details?id=com.globalsport.mycoachfoot&hl=en_GB,My Coach Football – Apps on Google Play,stale,2024-06-24,2.3,,,2024-06-24,,,200,,true
football coach app,,38,true,play.google.com,https://play.google.com/store/apps/details?id=com.onbit.footballcoach&hl=en_GB,MyPersonalFootballCoach – Apps on ...,fresh,2026-07-12,0.2,,,2026-07-12,,,200,,true
football coach app,,39,true,teamstats.net,https://www.teamstats.net/football-coaching/apps,Football Coaching Apps,fresh,2026-04-17,0.4,,2026-04-17,,,2026-09-21,200,,true
football coach app,,40,true,play.google.com,https://play.google.com/store/apps/details?id=com.isvisoft.bcoach&hl=en_GB,"bcoach, for football coaches – Apps on Google Play",fresh,2026-09-22,0,,,2026-09-22,,,200,,true
football coach app,,41,true,play.google.com,https://play.google.com/store/apps/details?id=com.evlonsoft.smartcoach&hl=en_GB,Smart Football Coach++ – Apps on Google Play,fresh,2026-03-02,0.6,,,2026-03-02,2026-03-02,,200,,true
football coach app,,42,true,play.google.com,https://play.google.com/store/apps/details/box_to_box_Treino_de_Futebol?id=de.streetkickers&hl=en_GB,box-to-box: Football Training – Apps on ...,fresh,2026-09-10,0,,,2026-09-10,,,200,,true
football coach app,,43,true,play.google.com,https://play.google.com/store/apps/details?id=com.coachbetter.coachbetter&hl=en_GB,Coachbetter: Football Coaching – Apps on Google Play,fresh,2026-09-15,0,,,2026-09-15,2026-09-02,,200,,true
football coach app,,44,true,play.google.com,https://play.google.com/store/apps/details?id=com.coachpad&hl=en_GB,CoachPad Football Tactic Board – Apps on Google Play,fresh,2026-08-22,0.1,,,2026-08-22,,,200,,true
football coach app,,46,true,play.google.com,https://play.google.com/store/apps/details?id=ch.fipi.fbcoach.lite&hl=en_GB,The Football Trainer – Apps on Google Play,fresh,2025-11-06,0.9,,,2025-11-06,,,200,,true
football coach app,,47,true,play.google.com,https://play.google.com/store/apps/details?id=com.footballcoach.app&hl=en_GB,Coach Hub- Football Management – Apps on Google Play,fresh,2026-06-24,0.3,,,2026-06-23,2026-06-24,,200,,true
football coach app,,48,true,play.google.com,https://play.google.com/store/apps/details?id=com.agiletrack.totalcoach&hl=en_GB,Coach Blitz: Football Coach – Apps on Google Play,fresh,2026-08-15,0.1,,,2026-08-14,2026-08-15,,200,,true
football coach app,,49,true,play.google.com,https://play.google.com/store/apps/details?id=devan.footballcoach,Football Coach App,stale,2022-09-10,4,,,2022-09-10,,,200,,true
football coach app,,50,true,play.google.com,https://play.google.com/store/apps/details?id=com.coachboard.coachboard&hl=en,The Coach - Soccer Lineup - Apps on Google Play,fresh,2026-08-06,0.1,,,2026-08-05,2026-08-06,,200,,true
football coach app,,51,true,play.google.com,https://play.google.com/store/apps/details?id=com.coach360.foot&hl=en_GB,Coach 360 - Football – Apps on Google Play,fresh,2026-09-10,0,,,2026-09-10,2026-09-05,,200,,true
football coach app,,52,true,play.google.com,https://play.google.com/store/apps/details?id=com.exestop.FootballCoachBoard&hl=en_GB,Football Coach Board – Apps on Google Play,fresh,2026-05-23,0.3,,,2026-05-22,2026-05-23,,200,,true
football coach app,,53,true,play.google.com,https://play.google.com/store/apps/details?id=com.sydev.footballcoach&hl=en_GB,Football Coach Training – Apps on Google Play,fresh,2026-09-08,0,,,2026-09-07,2026-09-08,,200,,true
football coach app,,54,true,play.google.com,https://play.google.com/store/apps/details?id=ai.coachfrank&hl=en_GB,CoachFrank: Soccer Training AI – Apps on ...,fresh,2026-05-06,0.4,,,2026-05-05,2026-05-06,,200,,true
football coach app,,55,true,play.google.com,https://play.google.com/store/apps/details?id=com.footballcoachapp&hl=en,Football Coach App,fresh,2026-07-26,0.2,,,2026-07-25,2026-07-26,,200,,true
football coach app,,57,true,play.google.com,https://play.google.com/store/apps/details?id=app.activity.thefootballcoach&hl=en_GB,The Football Coach – Apps on Google Play,stale,2022-11-28,3.8,,,2022-11-28,2022-11-28,,200,,true
football coach app,,58,true,play.google.com,https://play.google.com/store/apps/details?id=app.mycoachboard.twa&hl=en_GB,myCoachBoard – Apps on Google Play,fresh,2026-08-07,0.1,,,2026-08-06,2026-08-07,,200,,true
football coach app,,59,true,play.google.com,https://play.google.com/store/apps/details?id=com.traineffective&hl=en,Train Effective Soccer Academy - Apps on Google Play,fresh,2026-09-09,0,,,2026-09-09,,,200,,true
football coach app,,60,true,play.google.com,https://play.google.com/store/apps/details?id=app.rfl.coach&hl=en_GB,Coach 365 - Soccer training – Apps on Google Play,fresh,2025-12-02,0.8,,,2025-12-02,2025-12-02,,200,,true
football coach app,,61,true,play.google.com,https://play.google.com/store/apps/details?id=com.mycoachsport.mycoachfootball.fff&hl=en,My Coach by FFF - Apps on Google Play,stale,2024-06-25,2.2,,,2024-06-24,2024-06-25,,200,,true
football coach app,,62,true,play.google.com,https://play.google.com/store/apps/details?id=net.alexapps.soccercoachteam&hl=en_GB,Soccer Coach Team – Apps on Google Play,stale,2018-04-25,8.4,,,2018-04-24,2018-04-25,,200,,true
best football coaching apps,,2,true,footballdna.co.uk,https://footballdna.co.uk/,"Football Coaching Sessions, Drills & Tools | FootballDNA",unknown,,,,,,,,403,,true
best football coaching apps,,4,true,coachbetter.com,https://www.coachbetter.com/,Coachbetter: the unified Operating System for grassroots football,unknown,,,,,,,2026-09-23,200,,true
best football coaching apps,,5,true,facebook.com,https://www.facebook.com/groups/grassrootsfootballhub/posts/1287652415672084/,"Hi, Looking for best football coaching apps?",unknown,,,,,,,,400,,false
best football coaching apps,,6,true,apps.apple.com,https://apps.apple.com/gb/app/train-effective-football/id1425844780,Train Effective: Football - App Store - Apple,fresh,2026-09-11,0,,2026-09-11,,,,200,,true
best football coaching apps,,7,true,sportplan.net,https://www.sportplan.net/drills/Football/Football-Coaching-App.jsp,Football Coaching Apps - iPhone | Android | iPad,unknown,,,,,,,,200,,true
best football coaching apps,,8,true,play.google.com,https://play.google.com/store/apps/details?id=com.bluelinden.coachboard&hl=en_GB,Coach Tactic Board: Football,fresh,2026-09-07,0,,,2026-09-07,,,200,,true
best football coaching apps,,9,true,content.thecoachingmanual.com,https://content.thecoachingmanual.com/blog/best-soccer-coaching-apps,7 Best iPhone & Android Soccer Coaching Apps,stale,2019-09-27,7,,,,2019-09-27,2026-08-26,200,,true
best football coaching apps,,10,true,jonerfootball.com,https://jonerfootball.com/app/,Train Like A Pro With The Joner Football App,unknown,,,,,,,2026-09-23,200,,true
best football coaching apps,,11,true,vantasports.ai,https://www.vantasports.ai/blog/the-12-best-football-apps-for-coaches-to-elevate-your-team-in-2026,The 12 Best Football Apps for Coaches to Elevate Your ...,fresh,2026-05-03,0.4,2026-05-03,,,,,200,,true
best football coaching apps,,13,true,reddit.com,https://www.reddit.com/r/SoccerCoachResources/comments/1oa3h6u/whats_your_goto_coaching_tool_and_why/,"What's your go-to coaching tool, and why?",unknown,,,,,,,,200,,false
best football coaching apps,,14,true,easy2coach.net,https://www.easy2coach.net/en/,"Football Coach App: Team, Training & Tactics | easy2coach",fresh,2026-07-03,0.2,2026-07-03,2026-03-19,,,,200,,true
best football coaching apps,,15,true,fdm.usafootball.com,https://fdm.usafootball.com/coaches/coach-resources/coach-planner-app,Coach Planner App | USA Football,unknown,,,,,,,,200,,true
best football coaching apps,,16,true,coachamigo.com,https://www.coachamigo.com/updates/best-football-app-for-coaches-and-trainers-2026-comparison/,Best football app for coaches and trainers (2026),fresh,2026-06-12,0.3,2026-06-12,2026-06-12,,2026-06-12,,200,,true
best football coaching apps,,17,true,gorout.com,https://gorout.com/football-coaching-apps/,Football Coaching Apps: A Complete Guide for ...,fresh,2026-06-16,0.3,2026-06-16,2026-06-16,,2026-06-16,2026-09-23,200,,true
best football coaching apps,,18,true,thrive4grassroots.com,https://thrive4grassroots.com/blog/six-of-the-best-football-coaching-and-tactics-software-to-try-in-2026/,Six football coaching tools to try in 2026 - Thrive4 Grassroots,fresh,2026-08-06,0.1,2026-08-06,2026-06-05,,,,200,,true
best football coaching apps,,19,true,the-football-hub.org,https://www.the-football-hub.org/post/football-management-apps-which-one,Football Management Apps: Which One?!,fresh,2026-08-20,0.1,2026-08-20,2023-10-26,,2023-08-20,,200,,true
best football coaching apps,,20,true,youtube.com,https://www.youtube.com/watch?v=vLw9e2A8zmU,The #1 Soccer Training APP | NEW Joner Football APP,fresh,2025-02-20,1.6,,,,2025-02-20,,429,,false
best football coaching apps,,21,true,bcoach.app,https://bcoach.app/en/best-apps-for-football-coaches/,Best apps for football coaches to manage teams,fresh,2026-08-27,0.1,2026-08-27,2023-02-25,,,,200,,true
best football coaching apps,,22,true,soccertutor.com,https://www.soccertutor.com/collections/coaching-software?srsltid=AU7gw4Vf8ygUqvWFloLAkLgHV8l4KFbJe31AaxBDRvXSVRCf-n2-GBSR,Soccer & Football Coaching Software & Apps,stale,2024-09-19,2,,2024-09-19,,,,200,,true
best football coaching apps,,24,true,bcoach.app,https://bcoach.app/en/best-apps-for-football-coaches/,Best apps for football coaches to manage teams,fresh,2026-08-27,0.1,2026-08-27,2023-02-25,,,,200,,true
best football coaching apps,,25,true,teamstats.net,https://www.teamstats.net/football-coaching/apps/free-vs-paid-football-coaching-apps,Best Free & Paid Football Coaching Apps,fresh,2026-04-14,0.4,,2026-04-14,,,2026-09-23,200,,true
best football coaching apps,,26,true,goalstation.com,https://goalstation.com/blogs/magazine/5-best-football-training-apps-for-players-and-coaches-in-2026,5 Best Football Training Apps for Players and Coaches in ...,fresh,2026-03-17,0.5,,,,2026-03-17,,200,,true
best football coaching apps,,27,true,ecoachpro.net,https://www.ecoachpro.net/post/best-football-training-app-to-improve-player-skills-coaching-experience-ecoach-pro,Best Football Training App to Improve Player Skills & ...,fresh,2026-06-29,0.2,2026-06-29,2026-06-29,,2026-06-29,,200,,true
best football coaching apps,,28,true,thesoccerstore.co.uk,https://www.thesoccerstore.co.uk/blog/football-coaching/top-6-effective-football-coaching-apps/,Top 6 Effective Football Coaching Apps - The Soccer Store,fresh,2025-05-15,1.4,2025-05-15,,,2015-04-21,2026-09-21,200,,true
best football coaching apps,,29,true,play.google.com,https://play.google.com/store/apps/details?id=soccer.tutor.reader&hl=en_SG,Coach Viewer – Apps on Google Play,fresh,2026-06-01,0.3,,,2026-06-01,,,200,,true
best football coaching apps,,30,true,flicktec.io,https://flicktec.io/blog/best-soccer-coaching-apps,Best Soccer Coaching Apps 2026,fresh,2026-07-23,0.2,,2026-07-23,,2026-07-23,,200,,true
best football coaching apps,,31,true,reddit.com,https://www.reddit.com/r/SoccerCoachResources/comments/16yaacs/what_apps_do_you_use_to_help_with_coaching_and/,What apps do you use to help with coaching and team ...,unknown,,,,,,,,200,,false
best football coaching apps,,32,true,firstwhistle.app,https://firstwhistle.app/best-football-management-apps-for-2026/,Best Football Management Apps for 2026; a guide ...,fresh,2026-01-03,0.7,2026-01-03,2026-01-03,,2026-01-03,2026-09-23,200,,true
best football coaching apps,,33,true,profootballcoaching.com,https://profootballcoaching.com/blog/top-10-coaching-apps-every-coach-should-try,Top 10 Coaching Apps Every Coach Should Try,unknown,,,,,,,2026-09-23,200,,true
best football coaching apps,,35,true,youcoach.com,https://www.youcoach.com/pages/youcoach_home,YouCoach | Football Digital Technologies,unknown,,,,,,,2026-09-23,200,,true
best football coaching apps,,36,true,fpromat.com,https://fpromat.com/blogs/news/10-best-football-training-apps-for-coaches?srsltid=AU7gw4U3LIdeTI51UJU7NXqLJffSD2r9_AvRkhoVFOfRFAYL3JWMVBHR,10 Best Football Training Apps for Coaches - FPRO-EU,stale,2024-03-13,2.5,2024-03-13,2024-03-13,,2024-03-13,,200,,true
best football coaching apps,,37,true,fcd.football,https://fcd.football/guides/best-coaching-apps,Best Coaching Apps for Football Coaches | FCD,fresh,2026-02-28,0.6,2026-02-28,2026-02-28,2026-02-28,2026-02-28,,200,,true
best football coaching apps,,38,true,hobbit.football,https://hobbit.football/tools/best-soccer-coaching-apps,7 Best Soccer Coaching Apps & Software 2026 | Hobbit AI,fresh,2026-09-15,0,2026-09-15,2026-07-13,2026-09-14,2026-07-13,,200,,true
best football coaching apps,,39,true,spond.com,https://www.spond.com/en-us/news-and-blog/best-football-app-for-coaches/,The Best Football App for Coaches in the USA,fresh,2025-02-03,1.6,2025-02-03,2025-02-03,,2025-02-03,,200,,true
best football coaching apps,,40,true,youtube.com,https://www.youtube.com/watch?v=jhYVIF8tLsw,Football Team Management Apps - Which One?!,stale,2024-06-11,2.3,,,,2024-06-11,,429,,false
best football coaching apps,,41,true,traineffective.com,https://www.traineffective.com/en/best-football-training-app,Your Journey to Pro Football Starts Here,unknown,,,,,,,,200,,true
best football coaching apps,,42,true,play.google.com,https://play.google.com/store/apps/details/box_to_box_Treino_de_Futebol?id=de.streetkickers&hl=en_GB,box-to-box: Football Training – Apps on ...,fresh,2026-09-10,0,,,2026-09-10,,,200,,true
best football coaching apps,,43,true,facebook.com,https://www.facebook.com/fb-answers/best-football-coaching-app/?locale=cy_GB,Best Football Coaching App,unknown,,,,,,,,400,,false
best football coaching apps,,44,true,anytime-soccer.com,https://www.anytime-soccer.com/blog/7-best-soccer-coaching-apps,7 best soccer coaching apps (2025),stale,2024-03-31,2.5,2024-03-31,2024-03-31,,2024-03-31,,200,,true
best football coaching apps,,46,true,facebook.com,https://www.facebook.com/fb-answers/best-football-coaching-app/?locale=cy_GB,Best Football Coaching App,unknown,,,,,,,,400,,false
best football coaching apps,,47,true,coachingapps.ch,https://www.coachingapps.ch/en/home-en/,Football coach – your all-in-one tool for modern training ...,fresh,2024-12-02,1.8,,,,2024-12-02,,200,,true
best football coaching apps,,48,true,teamstats.net,https://www.teamstats.net/football-coaching/apps/a-football-coaches-guide-to-using-apps-to-save-time,Football Coaching Apps to Save Time Guide,fresh,2026-04-14,0.4,,2026-04-14,,,2026-09-23,200,,true
best football coaching apps,,49,true,ertheo.com,https://www.ertheo.com/blog/en/top-6-soccer-training-apps-that-save-you-time-and-effort,Top 6 soccer training apps that save you time and effort 2027,fresh,2026-04-07,0.5,2026-04-07,2026-04-07,,2026-04-07,,200,,true
best football coaching apps,,50,true,youtube.com,https://www.youtube.com/watch?v=xWZHRZoAIRA,The Best FREE Coaching Resources!!,stale,2024-07-26,2.2,,,,2024-07-26,,429,,false
best football coaching apps,,51,true,performixsoccer.com,https://performixsoccer.com/best/soccer-coaching-apps/,Soccer Coaching Apps to Consider in 2026 | Performix,fresh,2026-05-27,0.3,2026-05-27,2025-01-15,,,,200,,true
best football coaching apps,,52,true,reddit.com,https://www.reddit.com/r/SoccerCoachResources/comments/155jf72/soccer_apps/,Soccer apps : r/SoccerCoachResources,unknown,,,,,,,,200,,false
best football coaching apps,,53,true,youtube.com,https://www.youtube.com/shorts/OEGSLSlHbGs,The BEST Football Training App,fresh,2026-09-20,0,,2026-09-19,,2026-09-20,,200,,false
best football coaching apps,,54,true,teamstats.net,https://www.teamstats.net/football-coaching/apps/best-free-apps-for-football-coaching-success,Coaching article | Grassroots Football Coaching,unknown,,,,,,,,404,,true
best football coaching apps,,55,true,play.google.com,https://play.google.com/store/apps/details?id=com.globalsport.mycoachfoot&hl=en_GB,My Coach Football – Apps on Google Play,stale,2024-06-24,2.3,,,2024-06-24,,,200,,true
best football coaching apps,,57,true,eachgameasitcomes.com,https://eachgameasitcomes.com/top-ten-apps-software-for-coaching-soccer/,Top Ten Apps & Software for Coaching Soccer | EachGame,stale,2018-04-29,8.4,2018-04-29,2015-07-01,,2015-07-01,,200,,true
best football coaching apps,,58,true,igeeksoccer.com,https://igeeksoccer.com/best-soccer-training-apps/,Best 21 Soccer Training Apps,stale,2020-07-03,6.2,2020-07-03,2019-04-01,,,,200,,true
best football coaching apps,,59,true,futboljobs.com,https://futboljobs.com/en/best-apps-for-football-training/?srsltid=AU7gw4W5R5-wb1GOxM8y2W4C4NbCZJXprSEFYM0lYjuOWibF6687ifCD,Apps to Create Football Training Sessions | FútbolJobs,unknown,,,,,,,,,fetch failed,true
best football coaching apps,,60,true,goalkicksoccer.com,https://goalkicksoccer.com/blogs/news/top-5-soccer-coaching-apps,Top 5 soccer coaching apps 2024-25,fresh,2024-12-25,1.7,2024-12-25,2017-05-15,,,,200,,true
best football coaching apps,,61,true,howtofootballbyray.com,https://howtofootballbyray.com/best-soccer-training-apps/,Best Soccer Training Apps (Top 7 Apps Tested and Reviewed),stale,2024-02-29,2.6,2024-02-29,2024-01-31,,2024-02-29,,200,,true
best football coaching apps,,62,true,cybernews.com,https://cybernews.com/health-tech/best-soccer-training-apps/,7 Best Soccer Training Apps for 2026,fresh,2025-06-17,1.3,,,,2025-06-17,,403,,true
best football coaching apps,,63,true,youtube.com,https://www.youtube.com/watch?v=YZIf7uGt97c,Top 5 Football Training Apps - WE DID THE RESEARCH FOR ...,stale,2020-06-08,6.3,,,,2020-06-08,,429,,false
best football coaching apps,,64,true,facebook.com,https://www.facebook.com/fb-answers/best-football-coaching-apps/,Best Football Coaching Apps,unknown,,,,,,,,400,,false
best football coaching apps,,65,true,play.google.com,https://play.google.com/store/apps/details?id=com.traineffective&hl=en_GB,Train Effective: Football – Apps on Google Play,fresh,2026-09-09,0,,,2026-09-09,,,200,,true
best football coaching apps,,66,true,youtube.com,https://www.youtube.com/watch?v=kTZoTYCYavQ,FOR PLAYERS & COACHES | TRY IT TODAY | Joner Football,stale,2021-10-28,4.9,,,,2021-10-28,,429,,false
best football coaching apps,,68,true,youtube.com,https://www.youtube.com/watch?v=kTZoTYCYavQ,FOR PLAYERS & COACHES | TRY IT TODAY | Joner Football,stale,2021-10-28,4.9,,,,2021-10-28,,429,,false
best football coaching apps,,69,true,teamstats.net,https://www.teamstats.net/football-coaching/apps/how-to-choose-the-right-football-coaching-app-for-your-team,Guide to Picking the Best Football Coaching App,fresh,2026-04-14,0.4,,2026-04-14,,,2026-09-23,200,,true
best football coaching apps,,70,true,youtube.com,https://www.youtube.com/watch?v=MhD5s6i3_OI,Football Coaches Are Switching to These 3 AI Tools – Here's Why,fresh,2026-03-06,0.6,,,,2026-03-06,,429,,false
best football coaching apps,,71,true,facebook.com,https://www.facebook.com/fb-answers/best-football-coaching-app/?locale=ja_JP,Best Football Coaching App,unknown,,,,,,,,400,,false
best football coaching apps,,72,true,teamstats.net,https://www.teamstats.net/football-coaching/apps,Football Coaching Apps,fresh,2026-04-17,0.4,,2026-04-17,,,2026-09-21,200,,true
best football coaching apps,,73,true,youtube.com,https://www.youtube.com/watch?v=Rhu09yqByCg,Best Playbook Software For Football Coaches,stale,2023-12-04,2.8,,,,2023-12-04,,429,,false
best football coaching apps,,74,true,play.google.com,https://play.google.com/store/apps/details?id=net.easy2coach.exercisesDatabase&hl=en_ZA,easy2coach - Training – Apps on Google Play,fresh,2026-09-19,0,,,2026-09-19,2026-09-13,,200,,true
best football coaching apps,,75,true,hifi-shop-uk.co.uk,https://hifi-shop-uk.co.uk/coaching-technology/best-coaching-apps-2026-l19v,Best Coaching Apps: Comprehensive Buying Guide,fresh,2026-08-21,0.1,,,,2026-08-21,,200,,true
best football coaching apps,,76,true,youtube.com,https://www.youtube.com/shorts/Hv_K3Tiw8Ms,The App That Can Help You Go Pro!,fresh,2025-11-12,0.9,,2025-11-12,,2025-11-12,,200,,false
best football coaching apps,,77,true,youtube.com,https://www.youtube.com/watch?v=oKAx7WF8R0c,Best Session Planning Tool on the Market!,stale,2023-11-02,2.9,,,,2023-11-02,,429,,false
best football coaching apps,,79,true,youtube.com,https://www.youtube.com/watch?v=c7jdCqPzuYE,YOUNG BALLERS TRAIN FOR 2 YEARS USING THIS APP,stale,2018-09-06,8,,,,2018-09-06,,429,,false
best football coaching apps,,80,true,play.google.com,https://play.google.com/store/apps/details?id=ai.coachfrank&hl=en_GB,CoachFrank: Soccer Training AI – Apps on ...,fresh,2026-05-06,0.4,,,2026-05-05,2026-05-06,,200,,true
best football coaching apps,,81,true,youtube.com,https://www.youtube.com/watch?v=sr9iweSDwYM,Best Practice Tool for Football Coaches,stale,2023-10-14,2.9,,,,2023-10-14,,429,,false
best football coaching apps,,82,true,youtube.com,https://www.youtube.com/watch?v=OcxM2vyhhUo,Top 5 Apps for Coaches | iPad and iPhone,stale,2020-09-09,6,,,,2020-09-09,,429,,false
best football coaching apps,,83,true,youtube.com,https://www.youtube.com/watch?v=u6C5CYgz0QM,The Football App I Wish Existed When I Started Playing,stale,2023-11-01,2.9,,,,2023-11-01,,429,,false
best football coaching apps,,84,true,play.google.com,https://play.google.com/store/apps/details?id=ch.fipi.fbcoach.lite&hl=en,The Football Trainer - Apps on Google Play,fresh,2025-11-06,0.9,,,2025-11-06,,,200,,true
best football coaching apps,,85,true,youtube.com,https://www.youtube.com/watch?v=wByN5BGgpNA,TopTekkers a brilliant soccer training App,stale,2019-10-14,6.9,,,,2019-10-14,,429,,false
best football coaching apps,,86,true,play.google.com,https://play.google.com/store/apps/details?id=com.coachbetter.coachbetter&hl=en,Coachbetter: Soccer Coaching - Apps on Google Play,fresh,2026-09-15,0,,,2026-09-15,2026-09-15,,200,,true
best football coaching apps,,87,true,youtube.com,https://www.youtube.com/watch?v=XnZf2hfTGVs,5 POWERFUL APPS For Aspiring Footballers,stale,2023-08-03,3.1,,,,2023-08-03,,429,,false
best football coaching apps,,88,true,youtube.com,https://www.youtube.com/watch?v=WDXwRelNbQs,5 APPS to Become a Pro Footballer,stale,2023-03-06,3.6,,,,2023-03-06,,429,,false
best football coaching apps,,90,true,youtube.com,https://www.youtube.com/shorts/Hv_K3Tiw8Ms,The App That Can Help You Go Pro!,fresh,2025-11-12,0.9,,2025-11-12,,2025-11-12,,200,,false
best football coaching apps,,91,true,play.google.com,https://play.google.com/store/apps/details?id=com.evlonsoft.smartcoach&hl=en_GB,Smart Football Coach++ – Apps on Google Play,fresh,2026-03-02,0.6,,,2026-03-02,2026-03-02,,200,,true
best football coaching apps,,92,true,youtube.com,https://www.youtube.com/watch?v=_vC3VL8EJSA,The #1 football training app for players and coaches of ALL ...,fresh,2025-09-26,1,,,,2025-09-26,,429,,false
best football coaching apps,,93,true,youtube.com,https://www.youtube.com/watch?v=y5pd7_TilQY,Get The My Personal Football Coach App,stale,2018-08-08,8.1,,,,2018-08-08,,429,,false
best football coaching apps,,94,true,youtube.com,https://www.youtube.com/watch?v=rJphUsHU9g8,What's The Best Tool for a Youth Soccer Coach? Meet ...,stale,2021-07-16,5.2,,,,2021-07-16,,429,,false
best football coaching apps,,95,true,play.google.com,https://play.google.com/store/apps/details?id=app.rfl.coach&hl=en_GB,Coach 365 - Soccer training – Apps on Google Play,fresh,2025-12-02,0.8,,,2025-12-02,2025-12-02,,200,,true
best football coaching apps,,96,true,youtube.com,https://www.youtube.com/watch?v=mMpDvnpEJxI,Use THESE Football Coaching Hacks to Improve Your Game ...,stale,2022-08-02,4.1,,,,2022-08-02,,429,,false
best football coaching apps,,97,true,youtube.com,https://www.youtube.com/watch?v=inRBRAUKM5o,My Favorites - The World's Best Soccer Training App!,stale,2024-03-08,2.5,,,,2024-03-08,,429,,false
best football coaching apps,,98,true,youtube.com,https://www.youtube.com/watch?v=BIJloyEpM-w,#1 Soccer Training App – Transform Your Game Anytime ...,fresh,2024-10-19,1.9,,,,2024-10-19,,429,,false
best football coaching apps,,99,true,play.google.com,https://play.google.com/store/apps/details?id=com.agiletrack.totalcoach&hl=en_GB,Coach Blitz: Football Coach – Apps on Google Play,fresh,2026-08-15,0.1,,,2026-08-14,2026-08-15,,200,,true
best football coaching apps,,101,true,youtube.com,https://www.youtube.com/watch?v=CE1n8bP1WSA,Best Apps for Coaches: Improve Your Team's Performance,stale,2023-11-27,2.8,,,,2023-11-27,,429,,false
best football coaching apps,,102,true,play.google.com,https://play.google.com/store/apps/details?id=com.agiletrack.totalcoach&hl=en_GB,Coach Blitz: Football Coach – Apps on Google Play,fresh,2026-08-15,0.1,,,2026-08-14,2026-08-15,,200,,true
best football coaching apps,,103,true,youtube.com,https://www.youtube.com/watch?v=Db7DmtAvT1w,5 BEST APPS YOU DON'T KNOW FOR SOCCER COACHES ...,stale,2020-05-18,6.4,,,,2020-05-18,,429,,false
best football coaching apps,,104,true,play.google.com,https://play.google.com/store/apps/details?id=com.coachifoot.rn&hl=en_GB,Coachifoot Soccer Drills – Apps on Google Play,fresh,2026-08-02,0.1,,,2026-08-02,,,200,,true
equal playing time football,42,2,true,playingtimecalculator.com,https://www.playingtimecalculator.com/,Playing Time Calculator - Equal Playing Time Calculator,unknown,,,,,,,2026-09-23,200,,true
equal playing time football,42,3,true,thefa.com,https://www.thefa.com/-/media/cfa/cornwallfa/files/governance/equal-playing-time.ashx,Cornwall FA Guidance Equal Playing Time in Youth Football,unknown,,,,,,,2020-11-11,200,non-html (application/pdf),false
equal playing time football,42,5,true,learn.englandfootball.com,https://learn.englandfootball.com/articles-and-resources/coaching/resources/2023/What-is-equal-playing-time-in-football,What is equal playing time in football?,stale,2023-07-05,3.2,,,,2023-07-05,,200,,false
equal playing time football,42,6,true,launtonfc.co.uk,https://www.launtonfc.co.uk/equal-fair-playing-time,Equal Playing Time,unknown,,,,,,,,200,,true
equal playing time football,42,7,true,facebook.com,https://www.facebook.com/groups/grassrootsfootballhub/posts/1450334142737243/,How to divide 40-minute game time equally among 6 junior ...,unknown,,,,,,,,400,,false
equal playing time football,42,8,true,teamgrassroots.co.uk,https://www.teamgrassroots.co.uk/be-honest-is-5-minutes-game-time-enough-time-to-develop/,"BE HONEST, IS 5 MINUTES GAME TIME ENOUGH ...",unknown,,,,,,,2026-09-23,200,,true
equal playing time football,42,9,true,sheffieldfa.freshdesk.com,https://sheffieldfa.freshdesk.com/support/solutions/articles/76000060364-how-to-plan-equal-playing-time-calculating-minutes-,How to plan equal playing time (calculating minutes),stale,2023-11-16,2.9,,,,2023-11-16,,200,,true
equal playing time football,42,10,true,somersetfa.com,https://www.somersetfa.com/coaches/even-stevens,Even Stevens - Somerset FA,unknown,,,,,,,,200,,true
equal playing time football,42,11,true,facebook.com,https://www.facebook.com/Teamgrassroots/posts/the-equal-playing-time-formulaa-follower-has-drawn-this-up-for-mini-soccer-we-ar/900056632165825/,"""The Equal Playing time formula"" A follower has drawn this ...",unknown,,,,,,,,400,,false
equal playing time football,42,13,true,thecoachdiary.com,https://www.thecoachdiary.com/equal-game-time-is-important-in-the-development-of-young-players-pa-curran/,Equal game time is important in the development of young ...,fresh,2026-03-28,0.5,,2026-03-28,,,,200,,true
equal playing time football,42,14,true,footballnsw.com.au,https://footballnsw.com.au/2025/06/05/how-to-ensure-equal-playing-time-within-your-team/,How to Ensure Equal Playing Time Within Your Team,fresh,2026-05-19,0.4,2026-05-19,2025-06-05,,2025-06-05,2026-09-23,200,,true
equal playing time football,42,15,true,youtube.com,https://www.youtube.com/watch?v=glg80bABZgw,How to manage equal playing time in Football (Soccer),stale,2023-03-09,3.5,,,,2023-03-09,,429,,false
equal playing time football,42,16,true,belnorth.com,https://belnorth.com/fairgt/,Fair Game Time Calculator,unknown,,,,,,,,200,,true
equal playing time football,42,17,true,community.thefa.com,https://community.thefa.com/coaching/f/youth-club-football-forum/3132/when-does-been-fare-and-equal-time-become-an-issue,When does been fare and equal time become an issue?,stale,2022-07-03,4.2,,,,2022-07-03,,200,,false
equal playing time football,42,18,true,facebook.com,https://www.facebook.com/CoerverCoaching/posts/%EF%B8%8F-do-you-give-all-your-players-equal-playing-time-%EF%B8%8F-if-not-let-us-know-why-in-th/1025201009636201/,Do you give all your players equal playing time?  If not ...,fresh,2025-09-23,1,,,,2025-09-23,,400,,false
equal playing time football,42,19,true,playerdevelopmentproject.com,https://playerdevelopmentproject.com/025-should-we-give-players-equal-game-time/,#025 Should we give players equal game time?,stale,2024-01-22,2.7,2024-01-22,2023-09-19,,,,200,,true
equal playing time football,42,20,true,footballdna.co.uk,https://footballdna.co.uk/mastering-equal-playtime/,Mastering Equal Playtime - Easily Keep Track Of Your ...,stale,2024-09-09,2,,,,2024-09-09,,403,,true
equal playing time football,42,21,true,reddit.com,https://www.reddit.com/r/SoccerCoachResources/comments/1os1up3/do_you_give_all_your_players_equal_minutes_even/,"Do you give all your players equal minutes, even in ...",unknown,,,,,,,,200,,false
equal playing time football,42,22,true,youtube.com,https://www.youtube.com/watch?v=c76SRpg6x8I,What Is Equal Playing Time In Football?,stale,2023-07-05,3.2,,,,2023-07-05,,429,,false
equal playing time football,42,24,true,subnowapp.com,https://www.subnowapp.com/,SubNow,unknown,,,,,,,,200,,true
equal playing time football,42,25,true,mcp-cdn-fja5bvhth4eqercf.z01.azurefd.net,https://mcp-cdn-fja5bvhth4eqercf.z01.azurefd.net/images/FileUploads/1586/167921/Equal%20Playing%20Time%20Policy.pdf,Equal Playing Time Policy,unknown,,,,,,,2025-03-05,200,non-html (application/pdf),true
equal playing time football,42,26,true,phoenixyouthfc.com,https://www.phoenixyouthfc.com/the-rhubarb--custard---updates/equal-playing-time,Equal Playing Time,stale,2023-06-26,3.2,,,,2023-06-26,2026-09-23,200,,true
equal playing time football,42,27,true,rte.ie,https://www.rte.ie/brainstorm/2026/0106/1551711-children-sport-equal-playing-time-performance-challenges-ages-aims-competition/,Should all children receive equal playing time in sport?,fresh,2026-01-06,0.7,2026-01-06,2026-01-06,,2026-01-06,2026-09-22,200,,true
equal playing time football,42,28,true,pitchflow.co.uk,https://pitchflow.co.uk/,PitchFlow - Real-Time Match Management for Coaches,unknown,,,,,,,2026-03-02,200,,true
equal playing time football,42,29,true,tiktok.com,https://www.tiktok.com/@justplaysports/video/7500935304820362518,Equal Playing Time in Soccer Drills - Sports Coach,fresh,2025-09-23,1,,,,2025-09-23,,200,,false
equal playing time football,42,30,true,coachesontario.ca,https://www.coachesontario.ca/articles/equal-playing-time/,Equal Playing Time,stale,2020-04-14,6.4,2020-04-14,2020-03-04,,2020-03-04,2020-04-14,200,,true
equal playing time football,42,31,true,mymathtables.com,https://www.mymathtables.com/calculator/fun/children-equal-playing-time-calculator.html,Children Equal Playing Time Calculator,unknown,,,,,,,2024-06-30,200,,true
equal playing time football,42,32,true,mingle.sport,https://mingle.sport/blog/why-playing-time-matters-in-youth-football/,Why Playing Time Matters in Youth Football,fresh,2025-06-18,1.3,,,,2025-06-18,,200,,true
equal playing time football,42,33,true,facebook.com,https://www.facebook.com/clublegends.co.uk/posts/debate-equal-playing-time-does-more-harm-than-good-after-u12agree-or-disagree/1479998660201345/,“Equal playing time does more harm than good after U12. ...,unknown,,,,,,,,400,,false
equal playing time football,42,35,true,tiktok.com,https://www.tiktok.com/@justplaysports/video/7500935304820362518,Equal Playing Time in Soccer Drills - Sports Coach,fresh,2025-09-23,1,,,,2025-09-23,,200,,false
equal playing time football,42,36,true,thekicksapp.com,https://www.thekicksapp.com/guides/equal-playing-time-youth-football.html,Equal Playing Time in Youth Football: How to Actually Manage It,fresh,2026-06-09,0.3,2026-06-09,2026-06-09,,,2026-09-09,200,,true
equal playing time football,42,37,true,bigsoccer.com,https://www.bigsoccer.com/threads/equal-playing-time.484372/,equal playing time,unknown,,,,,,,,403,,true
equal playing time football,42,38,true,playingtimecalculator.com,https://www.playingtimecalculator.com/beta.html,beta,unknown,,,,,,,2026-09-23,200,,true
equal playing time football,42,39,true,squadd.co.uk,https://www.squadd.co.uk/blog/fa-equal-playing-time-youth-football-england,Equal Playing Time in Youth Football: What the FA Actually ...,fresh,2026-09-08,0,2026-09-08,2026-09-08,,2026-09-08,2026-09-14,200,,true
equal playing time football,42,40,true,thefa.com,https://www.thefa.com/-/media/cfa/cheshirefa/files/facilities/play-your-part.ashx,You playing your part Them playing the game,unknown,,,,,,,2019-02-12,200,non-html (application/pdf),false
equal playing time football,42,41,true,trustedcoaches.mystagingwebsite.com,https://trustedcoaches.mystagingwebsite.com/how-to-balance-playing-time-as-a-youth-coach/,How To Balance Playing Time as a Youth Coach,stale,2023-10-11,3,2023-10-11,2023-10-11,,2023-10-11,2026-09-23,200,,true
equal playing time football,42,42,false,footballparent.co.uk,https://www.footballparent.co.uk/coaching/equal-playing-time-in-grassroots-football,Equal Playing Time in Grassroots Football,fresh,2026-08-28,0.1,,,,2026-08-28,,,"own page, not fetched",false
equal playing time football,42,43,false,cdn1.sportngin.com,https://cdn1.sportngin.com/attachments/document/0045/5558/Equal_Playing_Time_Debate.pdf,The equal playing time debate,unknown,,,,,,,2013-10-05,200,non-html (application/pdf),true
equal playing time football,42,44,false,reddit.com,https://www.reddit.com/r/SoccerCoachResources/comments/1c3u4c0/how_can_i_get_equal_playing_time_for_my_players/,How can I get equal playing time for my players,unknown,,,,,,,,200,,false
equal playing time football,42,46,false,projectplay.org,https://projectplay.org/news/2018/1/11/why-project-play-recommends-equal-playing-time-for-kids,Why Project Play recommends equal playing time for kids,fresh,2025-03-10,1.5,2025-03-10,2018-01-11,,2018-01-11,,200,,true
equal playing time football,42,47,false,thehoopsgeek.com,https://www.thehoopsgeek.com/equal-playing-time/,Equal Playing Time Generator - Divide Playing Time Fairly,fresh,2026-05-13,0.4,2026-05-13,,,,2026-09-23,200,,true
equal playing time football,42,48,false,quicksub.fun,https://quicksub.fun/tools/soccer-substitution-calculator,Free Soccer Substitution Calculator | Equal Playing Time,unknown,,,,,,,,200,,true
equal playing time football,42,49,false,learn.microsoft.com,https://learn.microsoft.com/en-us/answers/questions/5137254/team-sport-equal-game-time-and-position-calculator,Team Sport Equal Game Time and Position Calculator,stale,2021-08-27,5.1,,,,2021-08-27,,200,,true
equal playing time football,42,50,false,coachmeister.com,https://www.coachmeister.com/,Soccer Rotation Generator & Equal Playing Time Calculator,fresh,2024-10-16,1.9,,2024-10-16,,,2026-09-13,200,,true
equal playing time football,42,51,false,tiktok.com,https://www.tiktok.com/@the_football_hub.org/video/7399563441276521761,Equal Playing Time Calculation for Grassroots Football,fresh,2024-09-23,2,,,,2024-09-23,,200,,false
equal playing time football,42,52,false,leaguenetwork.com,https://leaguenetwork.com/equal-playing-time/,Equal Playing Time for All vs. Winning a Game,stale,2019-02-08,7.6,,2019-02-08,,2019-02-08,2026-09-23,200,,true
equal playing time football,42,53,false,danscapers.com,https://www.danscapers.com/playing-time-calculator/,Equal Playing Time Calculator | Free Sub Rotation Generator,unknown,,,,,,,2026-08-16,200,,true
equal playing time football,42,54,false,playerdevelopmentproject.com,https://playerdevelopmentproject.com/qa-should-i-give-my-players-equal-playing-time/,Should We Give Kids Equal Playing Time in Youth Soccer?,fresh,2026-04-13,0.4,2026-04-13,2024-10-31,,2021-05-04,,200,,true
equal playing time football,42,55,false,teamstats.net,https://www.teamstats.net/blog/why-equal-playing-time-matters-in-youth-football,Why Equal Playing Time Matters in Youth Football,fresh,2026-06-17,0.3,,2026-06-17,2026-06-16,2026-06-17,,200,,true
equal playing time football,42,57,false,danscapers.com,https://www.danscapers.com/playing-time-calculator/,Equal Playing Time Calculator | Free Sub Rotation Generator,unknown,,,,,,,2026-08-16,200,,true
equal playing time football,42,58,false,mikequirke.podbean.com,https://mikequirke.podbean.com/e/equal-playing-time-should-every-kid-get-minutes-in-youth-sports/,Playing Time: should every player get equal minutes in youth ...,fresh,2025-11-22,0.8,,2025-11-22,,2025-11-22,,200,,true
equal playing time football,42,59,false,mingle.sport,https://mingle.sport/blog/why-playing-time-matters-in-youth-football/,Why Playing Time Matters in Youth Football,fresh,2025-06-18,1.3,,,,2025-06-18,,200,,true
equal playing time football,42,60,false,teamstats.net,https://www.teamstats.net/blog/why-equal-playing-time-matters-in-youth-football,Why Equal Playing Time Matters in Youth Football,fresh,2026-06-17,0.3,,2026-06-17,2026-06-16,2026-06-17,,200,,true
equal playing time football,42,61,false,playerdevelopmentproject.com,https://playerdevelopmentproject.com/qa-should-i-give-my-players-equal-playing-time/,Should We Give Kids Equal Playing Time in Youth Soccer?,fresh,2026-04-13,0.4,2026-04-13,2024-10-31,,2021-05-04,,200,,true
equal playing time football,42,62,false,leaguenetwork.com,https://leaguenetwork.com/equal-playing-time/,Equal Playing Time for All vs. Winning a Game,stale,2019-02-08,7.6,,2019-02-08,,2019-02-08,2026-09-23,200,,true
equal playing time football,42,63,false,facebook.com,https://www.facebook.com/JPSDevon/posts/equal-playing-time-does-not-mean-coaches-standing-on-the-touchline-solving-a-mat/1460719606062998/,Equal playing time does not mean coaches standing ...,unknown,,,,,,,,400,,false
equal playing time football,42,64,false,youtube.com,https://www.youtube.com/shorts/B_h8UOBc3Z8,Should players who skip training still get equal game time on ...,fresh,2026-02-18,0.6,,2026-02-18,,2026-02-18,,200,,false
equal playing time football,42,65,false,tiktok.com,https://www.tiktok.com/@justplaysports/video/7501408508722646294,Equal Playing Time vs. Equal Opportunities: A Coach's Guide,fresh,2025-09-23,1,,,,2025-09-23,,200,,false
equal playing time football,42,66,false,matchdayiq.com,https://www.matchdayiq.com/guides/equal-playing-time,Equal Playing Time Calculator & Guide for Youth Soccer ...,unknown,,,,,,,,200,,true
equal playing time football,42,68,false,soccercoach65.weebly.com,https://soccercoach65.weebly.com/jorges-blog-posts/equal-playing-time-and-youth-sport,Equal playing time and youth sport,stale,2018-12-13,7.8,,,,2018-12-13,2026-09-23,200,,true
equal playing time football,42,69,false,youtube.com,https://www.youtube.com/shorts/TP3ZYNHEiSM,Do you give players equal playing time ?,fresh,2026-08-10,0.1,,2026-08-10,,2026-08-10,,200,,false
equal playing time football,42,70,false,reddit.com,https://www.reddit.com/r/youthsoccer/comments/1gmu3ia/equal_playing_time/,Equal Playing Time : r/youthsoccer,unknown,,,,,,,,200,,false
equal playing time football,42,71,false,footy4kids.co.uk,https://www.footy4kids.co.uk/how-to-coach-youth-soccer/player-management/allocating-playing-time/,Allocating playing time,stale,2019-12-03,6.8,,2019-12-03,,2015-08-29,,200,,true
equal playing time football,42,72,false,community.thefa.com,https://community.thefa.com/help/f/help-group-discussions/4590/equal-playing-time--tournaments,Equal playing time- tournaments - Community guide discussions,stale,2023-06-08,3.3,,,,2023-06-08,,200,,false
equal playing time football,42,73,false,benchclock.com,https://www.benchclock.com/guides/equal-vs-fair-playing-time,Equal Playing Time vs Fair Playing Time | BenchClock,fresh,2026-09-19,0,2026-09-19,2026-09-19,,2026-09-18,,200,,true
equal playing time football,42,74,false,firstwhistlesports.net,https://firstwhistlesports.net/equal-playing-time-youth-sports/,Equal Playing Time in Youth Sports: How to Keep It Fair (and ...,fresh,2026-06-01,0.3,2026-06-01,2026-06-01,,2026-06-01,,200,,true
equal playing time football,42,75,false,facebook.com,https://www.facebook.com/TheSportingResource/posts/managing-game-time-fairly-can-be-harder-than-it-soundsthe-problem-is-trying-to-m/1085767907541854/,Free equal game time calculator for youth football,unknown,,,,,,,,400,,false
equal playing time football,42,76,false,instagram.com,https://www.instagram.com/reel/DddzU-XCNbH/?hl=en,ONE GAME TO GO,fresh,2026-09-19,0,,,,2026-09-19,,200,,false
equal playing time football,42,77,false,reddit.com,https://www.reddit.com/r/SoccerCoachResources/comments/1ktj2tz/equal_play_time_for_all_players/,Equal Play Time For All Players? : r/SoccerCoachResources,unknown,,,,,,,,200,,false
equal playing time football,42,79,false,instagram.com,https://www.instagram.com/p/Ddn8RxACJem/,Squeezing it through the wall,fresh,2026-09-23,0,,,,2026-09-23,,200,,false
equal playing time football,42,80,false,reddit.com,https://www.reddit.com/r/chess/comments/1wnr5cn/a_super_gms_memory_is_remarkable/,A super gm's memory is remarkable : r/chess,fresh,2026-09-23,0,,,,2026-09-23,,200,,false
equal playing time football,42,81,false,playingtimecalculator.com,https://www.playingtimecalculator.com/about.html,About Playing Time Calculator,unknown,,,,,,,2026-09-23,200,,true
equal playing time football,42,82,false,youtube.com,https://www.youtube.com/watch?v=yGjgk-39-M4,Nobody Is Better Than Barcelona Right Now,fresh,2026-09-23,0,,,,2026-09-23,,429,,false
equal playing time football,42,83,false,facebook.com,https://www.facebook.com/JPSDevon/posts/-equal-playing-time-isnt-optional-its-essentialif-youre-coaching-in-the-foundati/1391890292945930/,"⚽ Equal playing time isn't optional, it's essential. If you're ...",unknown,,,,,,,,400,,false
equal playing time football,42,84,false,instagram.com,https://www.instagram.com/reel/DdmVDEsiZ6i/,A bit of nostalgia. Who remembers these line-ups?,fresh,2026-09-23,0,,,,2026-09-23,,200,,false
equal playing time football,42,85,false,tiktok.com,https://www.tiktok.com/@sportsbetcomau/video/7688268296830881032,"Big week for everyone, not just the players",fresh,2026-09-22,0,,,,2026-09-22,,200,,false
equal playing time football,42,86,false,reddit.com,https://www.reddit.com/r/ManchesterUnited/comments/1wo5j6n/i_feel_bad_for_bruno/,I Feel Bad For Bruno : r/ManchesterUnited,fresh,2026-09-23,0,,,,2026-09-23,,200,,false
equal playing time football,42,87,false,youtube.com,https://www.youtube.com/watch?v=go1H7m-2zX4,De Zerbi's SHAMBOLIC Spurs • Tottenham Hotspur 2-3 Aston ...,fresh,2026-09-19,0,,,,2026-09-19,,429,,false
equal playing time football,42,88,false,nytimes.com,https://www.nytimes.com/video/opinion/100000011157772/were-not-losing-control-of-ai-were-giving-it-away.html,There Is Something We Have to Do Right Now About A.I.,fresh,2026-09-20,0,,,,2026-09-20,,403,,true
equal playing time football,42,90,false,talksport.com,https://talksport.com/motorsport/4586717/max-verstappen-vs-100-karts-highlights-bounce/,Max Verstappen uses secret trick learned aged seven that ...,fresh,2026-09-17,0,2026-09-17,2026-09-17,,2026-09-17,,200,,true
equal playing time football,42,91,false,reddit.com,https://www.reddit.com/r/youthsoccer/comments/1na3m87/equal_playing_time/,Equal playing time? : r/youthsoccer,unknown,,,,,,,,200,,false
equal playing time football,42,92,false,instagram.com,https://www.instagram.com/reel/Ddh2fqEpz6-/,Tom Brady was on an all-time level today 😭 ...,unknown,,,,,,,,200,,false
equal playing time football,42,93,false,youtube.com,https://www.youtube.com/watch?v=deMv1o9aYjc,Can Colton Joseph and Wisconsin Badgers PULL OFF a Big ...,fresh,2026-09-23,0,,,,2026-09-23,,429,,false
equal playing time football,42,94,false,reddit.com,https://www.reddit.com/r/nfl/comments/1woa7jk/highlight_dexter_lawrence_micd_up_week_2/,[Highlight] Dexter Lawrence Mic'd Up Week 2 : r/nfl,fresh,2026-09-23,0,,,,2026-09-23,,200,,false
equal playing time football,42,95,false,tiktok.com,https://www.tiktok.com/@strictlybball/video/7688431798165998878,2030 Mateo RC already hoops like a GROWN MAN.  ...,fresh,2026-09-22,0,,,,2026-09-22,,200,,false
equal playing time football,42,96,false,instagram.com,https://www.instagram.com/p/DdilO9YkW6w/,Will the Lions overturn Lachie Neale's Toyota AFL Grand Final ...,fresh,2026-09-21,0,,,,2026-09-21,,200,,false
equal playing time football,42,97,false,youtube.com,https://www.youtube.com/watch?v=16uESTV81Qo,"The Fall of Nike, Sydney Sweeney, & Infantino Consolidates his ...",fresh,2026-09-18,0,,,,2026-09-18,,429,,false
equal playing time football,42,98,false,facebook.com,https://www.facebook.com/AshvilleYouth/posts/-fair-game-time-vs-equal-game-time-%EF%B8%8F-whats-the-difference-every-child-comes-to-f/1511949844264105/,Equal game time means every child plays the same ...,unknown,,,,,,,,400,,false
equal playing time football,42,99,false,reddit.com,https://www.reddit.com/r/soccer/comments/1wjzaah/neuer_clearance_against_union_berlin/,Neuer Clearance against Union Berlin : r/soccer,fresh,2026-09-18,0,,,,2026-09-18,,200,,false
equal playing time football,42,101,false,tiktok.com,https://www.tiktok.com/@tumi4l_/video/7688446212936174855,The first penalty  #football #penalty @Mjepa12 @Diski ...,fresh,2026-09-22,0,,,,2026-09-22,,200,,false
equal playing time football,42,102,false,youtube.com,https://www.youtube.com/watch?v=deMv1o9aYjc,Can Colton Joseph and Wisconsin Badgers PULL OFF a Big ...,fresh,2026-09-23,0,,,,2026-09-23,,429,,false
equal playing time football,42,103,false,instagram.com,https://www.instagram.com/reel/DdiDI9ghYty/,Karma is her husband,fresh,2026-09-21,0,,,,2026-09-21,,200,,false
equal playing time football,42,104,false,reddit.com,https://www.reddit.com/r/TheOther14/comments/1wkv9fw/hull_youve_just_been_pecked_by_the_magpies/,Hull you've just been pecked by the Magpies : r/TheOther14,fresh,2026-09-19,0,,,,2026-09-19,,200,,false
equal playing time football,42,105,false,tiktok.com,https://www.tiktok.com/@houseofhighlights/video/7687051793611885838,"Cameraman fell in love  (a_derrick14/IG, totalmainemove/IG) ...",fresh,2026-09-19,0,,,,2026-09-19,,200,,false
equal playing time football,42,106,false,facebook.com,https://www.facebook.com/SAcricketpage/videos/one-of-the-great-finishes-to-a-south-africa-vs-australia-test-with-play-nearing-/1608621914373231/,One of the great finishes to a South Africa vs Australia Test. ...,fresh,2026-09-19,0,,,,2026-09-19,,200,,false
equal playing time football,42,107,false,youtube.com,https://www.youtube.com/watch?v=16uESTV81Qo,"The Fall of Nike, Sydney Sweeney, & Infantino Consolidates his ...",fresh,2026-09-18,0,,,,2026-09-18,,429,,false
equal playing time football,42,108,false,reddit.com,https://www.reddit.com/r/NFLv2/comments/1wi4n8c/the_best_td_celebration_of_alltime_is/,The best TD celebration of all-time is? : r/NFLv2,fresh,2026-09-16,0,,,,2026-09-16,,200,,false
equal playing time football,42,109,false,instagram.com,https://www.instagram.com/reel/DdbypvLkw-i/,Whose bag are you taking? Kyrie or AI?  #KyrieIrving ...,fresh,2026-09-18,0,,,,2026-09-18,,200,,false
equal playing time football,42,110,false,tiktok.com,https://www.tiktok.com/@strictlybball/video/7688431798165998878,2030 Mateo RC already hoops like a GROWN MAN.  ...,fresh,2026-09-22,0,,,,2026-09-22,,200,,false
grassroots football coaching,19,2,true,learn.englandfootball.com,https://learn.englandfootball.com/courses,England Football Learning Courses,unknown,,,,,,,,200,,false
grassroots football coaching,19,3,true,teamgrassroots.co.uk,https://www.teamgrassroots.co.uk/coaching/,Coaching,unknown,,,,,,,2026-09-23,200,,true
grassroots football coaching,19,5,true,fifatrainingcentre.com,https://www.fifatrainingcentre.com/en/practice/grassroots.php,Grassroots,unknown,,,,,,,,200,,true
grassroots football coaching,19,6,true,thefa.com,https://www.thefa.com/-/media/cfa/suffolkfa/files/the-fa-guide-to-managing-in-grassroots-football.ashx,A GUIDE TO MANAGING IN GRASSROOTS FOOTBALL,unknown,,,,,,,2021-07-19,200,non-html (application/pdf),false
grassroots football coaching,19,7,true,londonfa.com,https://www.londonfa.com/coaches,Coaches - London FA,unknown,,,,,,,,200,,true
grassroots football coaching,19,8,true,open.spotify.com,https://open.spotify.com/show/581uGNMDBrjrzJMnA6XRcz,The Grassroots Football Coach | Podcast on Spotify,unknown,,,,,,,,200,,true
grassroots football coaching,19,9,true,grassrootsfootballuk.com,https://www.grassrootsfootballuk.com/category/grassroots-football/coaching/training-plans/,Training Plans Archives - Grassroots Football,unknown,,,,,,,,403,,true
grassroots football coaching,19,10,true,chase.co.uk,https://www.chase.co.uk/gb/en/chase-football-coaching-programme/,Chase football coaching programme,unknown,,,,,,,,200,,true
grassroots football coaching,19,11,true,personalisedsports.com,https://www.personalisedsports.com/page/top-tips-for-grassroot-football-coaches,Top Tips for Grassroot Football Coaches,unknown,,,,,,,,200,,true
grassroots football coaching,19,13,true,learn.englandfootball.com,https://learn.englandfootball.com/get-started,Get Started,stale,2022-09-21,4,,,,2022-09-21,,200,,false
grassroots football coaching,19,14,true,footballdna.co.uk,https://footballdna.co.uk/,"Football Coaching Sessions, Drills & Tools | FootballDNA",unknown,,,,,,,,403,,true
grassroots football coaching,19,15,true,thesoccerstore.co.uk,https://www.thesoccerstore.co.uk/blog/football-coaching/8-top-tips-for-becoming-a-grassroots-football-coach-for-children/,8 Top Tips for Becoming a Grassroots Football Coach for ...,fresh,2025-05-16,1.4,2025-05-16,,,2024-04-29,2026-09-21,200,,true
grassroots football coaching,19,16,true,youtube.com,https://www.youtube.com/watch?v=f1us24tdIIk,How to Coach Grassroots Football - Coaching Mixed Ability ...,fresh,2025-07-16,1.2,,,,2025-07-16,,429,,false
grassroots football coaching,19,17,true,elitegrassroots.co.uk,https://www.elitegrassroots.co.uk/,Football Coaching Derby | Coaching Sessions For Kids & Adults,unknown,,,,,,,,200,,true
grassroots football coaching,19,18,true,thrive4grassroots.com,https://thrive4grassroots.com/blog/,Blog - Thrive4Grassroots,fresh,2026-07-21,0.2,,,,2026-07-21,,200,,true
grassroots football coaching,19,19,false,footballparent.co.uk,https://www.footballparent.co.uk/coaching,Grassroots Football Coaching Guides,unknown,,,,,,,,,"own page, not fetched",false
grassroots football coaching,19,20,false,thefa.com,https://www.thefa.com/yourgame,"Get involved in English football: Play, Coach, Referee ...",unknown,,,,,,,,200,,false
grassroots football coaching,19,21,false,youtube.com,https://www.youtube.com/@grassrootsfootballuk,Grassroots Football UK - Football Training,unknown,,,,,,,,200,,false
grassroots football coaching,19,22,false,podcasts.apple.com,https://podcasts.apple.com/gb/podcast/the-how-to-coach-grassroots-football-podcast/id1717628950,The How To Coach Grassroots Football Podcast,fresh,2026-07-18,0.2,2026-06-26,2026-07-18,,2023-11-21,,200,,true
grassroots football coaching,19,24,false,youtube.com,https://www.youtube.com/@grassrootsfootballuk,Grassroots Football UK - Football Training,unknown,,,,,,,,200,,false
grassroots football coaching,19,25,false,elitegrassroots.co.uk,https://www.elitegrassroots.co.uk/,Football Coaching Derby | Coaching Sessions For Kids & Adults,unknown,,,,,,,,200,,true
grassroots football coaching,19,26,false,teamgrassroots.co.uk,https://www.teamgrassroots.co.uk/top-tips-grassroots-coaching-practices/,Top tips: Grassroots Coaching practices,unknown,,,,,,,2026-09-23,200,,true
grassroots football coaching,19,27,false,footballgpt.co,https://footballgpt.co/blog/grassroots-coaching-building-foundations-for-youth-football,Grassroots Coaching: Building Foundations for Youth ...,fresh,2026-06-19,0.3,,,,2026-06-19,,200,,true
grassroots football coaching,19,28,false,irishfacoaching.com,https://www.irishfacoaching.com/products/grassroots-introduction-to-coaching-certificate-2,Grassroots Introduction to Coaching Certificate,unknown,,,,,,,,200,,true
grassroots football coaching,19,29,false,birminghamfa.com,https://www.birminghamfa.com/coaches,Coaches - Birmingham FA,unknown,,,,,,,,200,,true
grassroots football coaching,19,30,false,learn.englandfootball.com,https://learn.englandfootball.com/courses/football/ee-playmaker,EE Playmaker by England Football,unknown,,,,,,,,200,,false
grassroots football coaching,19,31,false,grassrootsfootballuk.com,https://www.grassrootsfootballuk.com/football-training-videos/,Football Training Videos,unknown,,,,,,,,403,,true
grassroots football coaching,19,32,false,ballrz.app,https://ballrz.app/grassroots-football/coaching,Grassroots Football Coaching in the UK: The Complete Guide,unknown,,,,,,,,200,,true
grassroots football coaching,19,33,false,teamstats.net,https://www.teamstats.net/football-coaching/grassroots,Grassroots Football Coaching Guide,fresh,2026-04-17,0.4,,2026-04-17,,,2026-09-21,200,,true
grassroots football coaching,19,35,false,ballrz.app,https://ballrz.app/grassroots-football/coaching,Grassroots Football Coaching in the UK: The Complete Guide,unknown,,,,,,,,200,,true
grassroots football coaching,19,36,false,teamstats.net,https://www.teamstats.net/football-coaching/grassroots,Grassroots Football Coaching Guide,fresh,2026-04-17,0.4,,2026-04-17,,,2026-09-21,200,,true
grassroots football coaching,19,37,false,youtube.com,https://www.youtube.com/watch?v=xcfF0ktkwdg,How To Coach Grassroots Football Podcast,fresh,2026-02-23,0.6,,,,2026-02-23,,429,,false
grassroots football coaching,19,38,false,u-sports.co.uk,https://www.u-sports.co.uk/grass-roots-football,Grass Roots Coaching & Support - uSports,unknown,,,,,,,,200,,true
grassroots football coaching,19,39,false,juniorgrassrootshub.com,https://www.juniorgrassrootshub.com/news/11-pieces-of-coaching-advice-to-grassroots-football-coaches,11 Coaching Tips for Grassroots Football Coaches,fresh,2026-07-25,0.2,2026-07-25,2024-12-25,,2024-12-25,,200,,true
grassroots football coaching,19,40,false,footballparent.co.uk,https://www.footballparent.co.uk/coaching,Grassroots Football Coaching Guides,unknown,,,,,,,,,"own page, not fetched",false
grassroots football coaching,19,41,false,grassrootscoaching.com,https://www.grassrootscoaching.com/fa-level-1-football-soccer-coaching-qualification/,FA Level 1 – Football Coaching Qualification,unknown,,,,,,,,200,,true
grassroots football coaching,19,42,false,youthfootball.org.uk,https://youthfootball.org.uk/become-a-coach/,Become a Coach - Youth Football,unknown,,,,,,,2025-05-09,200,,true
grassroots football coaching,19,43,false,coachai.uk,https://www.coachai.uk/blog/fa-grassroots-coaching-qualifications-guide,FA Grassroots Coaching Qualifications Explained,fresh,2026-09-15,0,2026-09-15,2026-09-15,,2026-09-15,2026-09-23,200,,true
grassroots football coaching,19,44,false,amateur-fa.com,https://www.amateur-fa.com/coach/england-football-courses,England Football Courses,unknown,,,,,,,,200,,true
grassroots football coaching,19,46,false,facebook.com,https://www.facebook.com/GRFUKFDS/videos/-grassroots-coaches-the-uks-best-selling-youth-training-plans-are-right-here-you/1027489996385185/,Grassroots Coaches — The UK's Best-Selling Youth Training ...,fresh,2026-06-23,0.3,,,,2026-06-23,,200,,false
grassroots football coaching,19,47,false,ertheo.com,https://www.ertheo.com/blog/en/training-grassroots-football-become-a-coach,Training in grassroots football: what to do to become a coach,fresh,2026-09-14,0,2026-09-14,2022-12-07,,2022-12-07,,200,,true
grassroots football coaching,19,48,false,x.com,https://x.com/GRFootball_UK,Grassroots Football Uk (@GRFootball_UK) / X,unknown,,,,,,,,200,,false
grassroots football coaching,19,49,false,englandfootball.com,https://www.englandfootball.com/participate/behaviour/the-grassroots-code,The Grassroots Code,unknown,,,,,,,,200,,false
grassroots football coaching,19,50,false,thesoccerstore.co.uk,https://www.thesoccerstore.co.uk/blog/football-coaching/a-beginners-guide-to-football-coaching-qualifications-in-the-uk/,A Beginner's Guide to Football Coaching Qualifications in the ...,fresh,2025-05-15,1.4,2025-05-15,,,2024-05-03,2026-09-21,200,,true
grassroots football coaching,19,51,false,teamgrassroots.co.uk,https://www.teamgrassroots.co.uk/coaching-vs-poaching-in-grassroots-football/,Coaching vs Poaching in Grassroots Football,unknown,,,,,,,2026-09-23,200,,true
grassroots football coaching,19,52,false,amazon.co.uk,https://www.amazon.co.uk/Grassroots-Football-Coaching-Paul-Sherwood-ebook/dp/B09CP4N8S1,"Grassroots Football Coaching eBook : Sherwood, Paul",unknown,,,,,,,,200,,false
grassroots football coaching,19,53,false,soccerbooks.co.uk,https://www.soccerbooks.co.uk/products/principles-of-play-for-grassroots-football-understanding-the-game,Principles of Play for Grassroots Football: Understanding the ...,unknown,,,,,,,,200,,true
grassroots football coaching,19,54,false,youtube.com,https://www.youtube.com/watch?v=Eyjxe5sQ9ZI,How to Coach Grassroots Football - Planning Sessions,fresh,2025-10-08,1,,,,2025-10-08,,429,,false
grassroots football coaching,19,55,false,thetitansfa.com,https://thetitansfa.com/grassroots-football-development-uk-complete-guide-for-parents/,Grassroots Football Development UK: Complete Guide for ...,fresh,2026-09-15,0,2026-09-15,2026-09-15,,2026-09-15,,200,,true
grassroots football coaching,19,57,false,youtube.com,https://www.youtube.com/watch?v=wyWVgSumN4g,The How To Coach Grassroots Football Podcast,fresh,2026-06-05,0.3,,,,2026-06-05,,429,,false
grassroots football coaching,19,58,false,360tft.co.uk,https://360tft.co.uk/football-coaching-academy-landing-uk,Football Coaching Academy UK - 360TFT,unknown,,,,,,,2026-09-22,200,,true
grassroots football coaching,19,59,false,facebook.com,https://www.facebook.com/Grassrootsfootballtalk/,Grassroots Football Coaching (@Grassrootsfootballtalk),unknown,,,,,,,,400,,false
grassroots football coaching,19,60,false,footballgpt.co,https://footballgpt.co/topics/grassroots,Grassroots Coaching - Football Coaching Guide,unknown,,,,,,,,200,,true
grassroots football coaching,19,61,false,open.spotify.com,https://open.spotify.com/episode/389FjncifV0dZyFVNqGeP4,How to Develop as a Coach,fresh,2026-04-17,0.4,,,,2026-04-17,,200,,true
grassroots football coaching,19,62,false,grassrootscoach.app,https://grassrootscoach.app/resources,Coaching resources for grassroots football,unknown,,,,,,,2026-09-23,200,,true
grassroots football coaching,19,63,false,protouchfootball.com,https://protouchfootball.com/the-importance-of-being-coachable-in-grassroots-football/,The Importance of Being Coachable in Grassroots Football,fresh,2025-07-08,1.2,2025-07-08,2025-07-08,,2025-07-08,,200,,true
grassroots football coaching,19,65,false,play.google.com,https://play.google.com/store/apps/details?id=com.tgc.grassroots&hl=en_IE,The Grassroots Coach – Apps on Google Play,fresh,2026-09-14,0,,,2026-09-13,2026-09-14,,200,,true
grassroots football coaching,19,66,false,youtube.com,https://www.youtube.com/watch?v=0L07XE6L2bY,Mixing Fun with Learning for 5 to 12 year olds,fresh,2025-10-29,0.9,,,,2025-10-29,,429,,false
grassroots football coaching,19,68,false,teamstats.net,https://www.teamstats.net/football-coaching/grassroots/youth,Youth Football Coaching: Top Tips | Grassroots ...,fresh,2026-03-27,0.5,,2026-03-27,,,2026-09-23,200,,true
grassroots football coaching,19,69,false,youtube.com,https://www.youtube.com/@truss194,Grassroots Coaching,unknown,,,,,,,,200,,false
grassroots football coaching,19,70,false,thefa.com,https://www.thefa.com/about-football-association/what-we-do/fa-grasroots-strategy-2024-2028,FA Grassroots Strategy 2024-2028,unknown,,,,,,,,200,,false
grassroots football coaching,19,71,false,juniorgrassrootshub.com,https://www.juniorgrassrootshub.com/coaches,Find Coaching | Junior Grassroots Hub,unknown,,,,,,,,200,,true
grassroots football coaching,19,72,false,learn.englandfootball.com,https://learn.englandfootball.com/courses/football,Football Coaching Courses,unknown,,,,,,,,200,,false
grassroots football coaching,19,73,false,amazon.co.uk,https://www.amazon.co.uk/Education-Football-Coaching-grassroots-football/dp/B0D1CRG42D,An Education in Football Coaching,unknown,,,,,,,,200,,false
grassroots football coaching,19,74,false,footballgpt.co,https://footballgpt.co/guides/grassroots-coaching-player-development-training-match-day-fo,"Player Development, Training & Match Day Focus",fresh,2026-07-01,0.2,,,,2026-07-01,,200,,true
grassroots football coaching,19,75,false,footballcoachinguk.com,https://footballcoachinguk.com/,Football Coaching UK,unknown,,,,,,,,200,,true
grassroots football coaching,19,76,false,360tft.co.uk,https://360tft.co.uk/football-coaching-academy-landing-uk,Football Coaching Academy UK - 360TFT,unknown,,,,,,,2026-09-22,200,,true
grassroots football coaching,19,79,false,teamgrassroots.co.uk,https://www.teamgrassroots.co.uk/fa-level-1-coaching-football/,THE FA LEVEL 1 IN COACHING FOOTBALL,unknown,,,,,,,2026-09-23,200,,true
grassroots football coaching,19,80,false,footballdna.co.uk,https://footballdna.co.uk/football-coaching-courses/,Football Coaching Courses,unknown,,,,,,,,403,,true
grassroots football coaching,19,81,false,facebook.com,https://www.facebook.com/groups/1288898629096641/posts/1786925719293927/,Every coach wants to give their players the best experience ...,unknown,,,,,,,,400,,false
grassroots football coaching,19,82,false,grassrootscoaching.com,https://www.grassrootscoaching.com/walkabout/,Become a better football coach | How it works,unknown,,,,,,,,200,,true
grassroots football coaching,19,83,false,grassrootstechnology.thefa.com,https://grassrootstechnology.thefa.com/support/solutions/articles/48001270640-which-qualifications-do-coaches-need-for-book-football-,Qualifications needed to be listed as a coach in Book Football,fresh,2026-05-06,0.4,,,,2026-05-06,,200,,false
grassroots football coaching,19,84,false,juniorgrassrootshub.com,https://www.juniorgrassrootshub.com/partners/coaching,Coaching Courses & Resources for Grassroots Football,unknown,,,,,,,,200,,true
grassroots football coaching,19,85,false,learn.englandfootball.com,https://learn.englandfootball.com/courses/football/introduction-to-coaching-football,Introduction to Coaching Football,unknown,,,,,,,,200,,false
grassroots football coaching,19,86,false,insidefooty.com,https://insidefooty.com/learn,Learn | Grassroots Football Development Guides,unknown,,,,,,,,200,,true
grassroots football coaching,19,87,false,grassrootsfootballuk.com,https://www.grassrootsfootballuk.com/grassroots-football-free-training-plans-and-drills/,Grassroots Football Free Training Plans & Drills,unknown,,,,,,,,403,,true
grassroots football coaching,19,90,false,youtube.com,https://www.youtube.com/watch?v=BkKyNcyB8TQ,60 Tips for Grassroots Football Coaches - Part 10,stale,2023-09-11,3,,,,2023-09-11,,429,,false
grassroots football coaching,19,91,false,youtube.com,https://www.youtube.com/watch?v=3ToFd44GuoY,How To Coach Grassroots Football Podcast | S1 E1,fresh,2026-02-20,0.6,,,,2026-02-20,,429,,false
grassroots football coaching,19,92,false,teamgrassroots.co.uk,https://www.teamgrassroots.co.uk/wp-content/uploads/2017/04/GRF-Coaches-Manual.pdf,GRF-Coaches-Manual.pdf,unknown,,,,,,,2017-04-11,200,non-html (application/pdf),true
grassroots football coaching,19,93,false,instagram.com,https://www.instagram.com/reel/DdlBhjZxy2n/,"In India, many young footballers dream of becoming ...",fresh,2026-09-22,0,,,,2026-09-22,,200,,false
grassroots football coaching,19,94,false,footballgpt.co,https://footballgpt.co/guides/grassroots-coaching-mastering-sessions-development-tactics,"Grassroots Coaching: Mastering Sessions, Development & ...",fresh,2026-07-29,0.2,,,,2026-07-29,,200,,true
grassroots football coaching,19,95,false,thefa.com,https://www.thefa.com/bootroom/resources/coaching/how-to-improve-as-a-grassroots-coach,How to improve as a grassroots coach | The Boot Room,stale,2022-08-16,4.1,,2022-08-16,,2019-12-19,,200,,false
grassroots football coaching,19,97,false,youtube.com,https://www.youtube.com/watch?v=05SS7T1NxZs,60 Tips For Grassroots Football Coaches– Part 1,stale,2023-06-23,3.3,,,,2023-06-23,,429,,false
grassroots football coaching,19,98,false,tiktok.com,https://www.tiktok.com/@espn/video/7688056008261913886,"In overtime, you can choose to kick, receive or pick a goal to ...",fresh,2026-09-21,0,,,,2026-09-21,,200,,false
grassroots football coaching,19,99,false,youtube.com,https://www.youtube.com/@SecretGrassrootsFC,The Secret Grassroots Football Coach,fresh,2026-09-04,0.1,,,,2026-09-04,,200,,false
grassroots football coaching,19,101,false,facebook.com,https://www.facebook.com/groups/1527835150880390/,Uk Football Academy & Grassroots Coaches.,unknown,,,,,,,,400,,false
grassroots football coaching,19,102,false,instagram.com,https://www.instagram.com/reel/DdkkWkxEbHw/,A belonging to the badge. A connection to the crest.,fresh,2026-09-22,0,,,,2026-09-22,,200,,false
grassroots football coaching,19,103,false,learn.englandfootball.com,https://learn.englandfootball.com/sessions,Sessions,unknown,,,,,,,,200,,false
grassroots football coaching,19,104,false,youtube.com,https://www.youtube.com/watch?v=05SS7T1NxZs,60 Tips For Grassroots Football Coaches– Part 1,stale,2023-06-23,3.3,,,,2023-06-23,,429,,false
grassroots football coaching,19,105,false,tiktok.com,https://www.tiktok.com/@tumi4l_/video/7688060562957257992,Touchline is on fire — Touchline football moments,fresh,2026-09-21,0,,,,2026-09-21,,200,,false
grassroots football coaching,19,107,false,thefa.com,https://www.thefa.com/news/2016/oct/07/discover-the-coaching-pathway,Discover the Coaching Pathway from Grassroots to Elite ...,stale,2016-10-07,10,,,,2016-10-07,,200,,false
grassroots football coaching,19,108,false,youtube.com,https://www.youtube.com/watch?v=DGpLft_AQrg,10 Coaching Mistakes to Avoid - Grassroots Football Coach,stale,2024-04-21,2.4,,,,2024-04-21,,429,,false
grassroots football coaching,19,109,false,teamgrassroots.co.uk,https://www.teamgrassroots.co.uk/wp-content/uploads/2017/04/tfcl_12_weeks.pdf,The Football Coaches Library 12 Week syllabus for up to ...,unknown,,,,,,,2017-04-12,200,non-html (application/pdf),true
grassroots football coaching,19,110,false,youtube.com,https://www.youtube.com/watch?v=PKY8j05-ULo,Thinking about becoming a grassroots Football coach?,stale,2019-12-21,6.8,,,,2019-12-21,,429,,false
football team spreadsheet,,2,true,etsy.com,https://www.etsy.com/uk/market/football_spreadsheet,Football Spreadsheet - Etsy UK,unknown,,,,,,,,403,,true
football team spreadsheet,,4,true,templates.openoffice.org,https://templates.openoffice.org/en/template/football-league-spreadsheet-team-charts.html,"Football League Spreadsheet, with team charts and stats",unknown,,,,,,,2025-07-14,200,,true
football team spreadsheet,,5,true,grassrootsfootballuk.com,https://www.grassrootsfootballuk.com/grassroots-football-football-data-system-matchday-teamsheet-how-it-works/,How it Works,unknown,,,,,,,,403,,true
football team spreadsheet,,6,true,facebook.com,https://www.facebook.com/groups/grassrootsfootballhub/posts/1169523870818273/,Hi! Does anyone use excel for their teams stats? Such as ...,unknown,,,,,,,,400,,false
football team spreadsheet,,7,true,footballxg.com,https://footballxg.com/2020/05/24/stats-spreadsheet-guide/,Stats Spreadsheet Guide,stale,2021-05-18,5.4,2021-05-18,2020-05-24,,2020-05-24,2026-09-16,200,,true
football team spreadsheet,,8,true,onlybarnet.com,https://www.onlybarnet.com/bfcsa/spreadsheet/index.htm,League Table Spreadsheet,unknown,,,,,,,,403,,true
football team spreadsheet,,9,true,scoremorefm.wordpress.com,https://scoremorefm.wordpress.com/2018/12/15/team-management-through-spreadsheets-1/,Team management Through Spreadsheets (1),stale,2023-07-11,3.2,2023-07-11,2018-12-15,,2018-12-15,,200,,true
football team spreadsheet,,10,true,etsy.com,https://www.etsy.com/uk/market/football_stats_excel,Football Stats Excel - Etsy UK,unknown,,,,,,,,403,,true
football team spreadsheet,,12,true,youtube.com,https://www.youtube.com/watch?v=TAe_PvCPC0s,HOW TO MANAGE YOUR TEAM USING EXCEL? #2,stale,2021-09-11,5,,,,2021-09-11,,429,,false
football team spreadsheet,,13,true,reddit.com,https://www.reddit.com/r/footballstrategy/comments/1f69uq4/stats_spreadsheet_template/,Stats Spreadsheet Template : r/footballstrategy,unknown,,,,,,,,200,,false
football team spreadsheet,,14,true,spreadsheet-library.co.uk,https://www.spreadsheet-library.co.uk/templates-tools/sport/football-league-administration/,Football: League Administration,unknown,,,,,,,,200,,true
football team spreadsheet,,15,true,davethespreadsheetguy.wordpress.com,https://davethespreadsheetguy.wordpress.com/sports-league-table/,Sports League Table - Dave The Spreadsheet Guy,stale,2020-06-10,6.3,2020-06-10,2020-06-10,,,,200,,true
football team spreadsheet,,17,true,template.net,https://www.template.net/business/sheet-templates/football-team-sheet-template/,6+ Sample Football Team Sheet Templates Free Download,fresh,2026-01-07,0.7,2026-01-07,2015-04-12,,2026-01-07,,200,,true
football team spreadsheet,,18,true,youtube.com,https://www.youtube.com/watch?v=FkfAjhMLYEE,How to Create a Sports League Table | Beginner Excel Tutorial,stale,2022-11-24,3.8,,,,2022-11-24,,429,,false
football team spreadsheet,,19,true,pinterest.com,https://www.pinterest.com/ideas/football-spreadsheet/940668700343/,Football Spreadsheet,fresh,2026-09-22,0,2026-09-22,,,,,200,,true
football team spreadsheet,,20,true,footystats.org,https://footystats.org/download-stats-csv,Download Soccer / Football Stats Database to CSV,unknown,,,,,,,,403,,true
football team spreadsheet,,21,true,hub.lifeplan.co.uk,https://hub.lifeplan.co.uk/lifeplan-news/create-your-ultimate-football-team-spreadsheet-a-guide-1764808350,Create Your Ultimate Football Team Spreadsheet: A Guide,fresh,2025-12-04,0.8,,2025-12-04,,2025-12-03,2025-12-04,200,,true
football team spreadsheet,,23,true,theffm.co.uk,https://theffm.co.uk/football-manager-spreadsheet/,"Football Manager Spreadsheet Tool - Scout, Analyse, Win",fresh,2026-09-07,0,2026-09-07,2023-12-29,,,,200,,true
football team spreadsheet,,24,true,spreadsheetpage.com,https://spreadsheetpage.com/sport/,Excel Sport Templates,stale,2024-03-28,2.5,2024-03-28,2019-05-07,,,,200,,true
football team spreadsheet,,25,true,mrexcel.com,https://www.mrexcel.com/board/threads/creating-football-stats-database-in-excel.577620/,Creating Football Stats Database in Excel,stale,2011-09-08,15,,,,2011-09-08,,403,,true
football team spreadsheet,,26,true,youtube.com,https://www.youtube.com/watch?v=KSMwkGgZb1c,How To Make Your Own Sports Stats Tracker in Excel ...,fresh,2026-03-06,0.6,,,,2026-03-06,,429,,false
football team spreadsheet,,27,true,fantasyfootballscout.co.uk,https://www.fantasyfootballscout.co.uk/profiles/spreadsheet/,"Spreadsheet, Author at Best FPL Tips, Advice, Team News ...",unknown,,,,,,,,200,,true
football team spreadsheet,,28,true,football-data.co.uk,https://www.football-data.co.uk/downloadm.php,European Football Results and Betting Odds,unknown,,,,,,,,200,,true
football team spreadsheet,,29,true,elearning.fcetomoku.edu.ng,https://elearning.fcetomoku.edu.ng/fcetomoku-news/create-a-winning-football-team-spreadsheet-your-ultimate-guide-1764808350,Create A Winning Football Team Spreadsheet: Your Ultimate ...,fresh,2025-12-03,0.8,,,,2025-12-03,2026-09-09,200,,true
football team spreadsheet,,30,true,templaterepublic.com,https://templaterepublic.com/sports/soccer-stats-spreadsheet/,20+ Soccer Stats Sheet Excel Templates (Free Download ...,stale,2023-01-30,3.6,2023-01-30,2023-01-30,,,2026-09-19,200,,true
football team spreadsheet,,31,true,knack.com,https://www.knack.com/download/simple-sports-league-template/,Spreadsheet Template for Sports League Management - Knack,fresh,2025-04-03,1.5,2025-04-03,2025-04-03,,,,200,,true
football team spreadsheet,,32,true,youtube.com,https://www.youtube.com/watch?v=sXXXs-bTN_M,Essential Fantasy Football Spreadsheet Tips,stale,2024-08-01,2.1,,,,2024-08-01,,429,,false
football team spreadsheet,,34,true,spreadsheetsgeneration.com,https://www.spreadsheetsgeneration.com/,Football Tournament & League Simulator in Excel ...,unknown,,,,,,,,200,,true
football team spreadsheet,,35,true,hub-sheet.com,https://hub-sheet.com/football-league/,Football League Excel Template,fresh,2025-06-17,1.3,2025-06-17,2025-06-17,,,,200,,true
football team spreadsheet,,36,true,sourcetable.com,https://sourcetable.com/excel-templates/football-stats-sheet,Football Stats Sheet Excel Template Generator,fresh,2026-09-23,0,,2026-09-23,,,,200,,true
football team spreadsheet,,37,true,linkedin.com,https://www.linkedin.com/pulse/football-data-template-excel-munho-jung,Football Data Template for Excel,stale,2019-10-06,7,2019-10-06,2019-10-06,,,,200,,false
football team spreadsheet,,38,true,reddit.com,https://www.reddit.com/r/FifaCareers/comments/jaeeil/created_a_stats_spreadsheet_to_track_each_players/,Created a stats spreadsheet to track each players ...,unknown,,,,,,,,200,,false
football team spreadsheet,,39,true,etsy.com,https://www.etsy.com/uk/listing/1903321931/football-stats-spreadsheet-template,Football Stats Spreadsheet Template ...,unknown,,,,,,,,403,,true
football team spreadsheet,,40,true,andrewmoss.me,https://andrewmoss.me/building-an-excel-football-league-table-5-years-on/,Building an Excel football league table — 5 years on,fresh,2026-01-06,0.7,2026-01-06,2025-07-21,,2025-07-21,,200,,true
football team spreadsheet,,41,true,teamlinkt.com,https://teamlinkt.com/score-sheet-templates/football-score-sheet,Football Score Sheet PDF Template,unknown,,,,,,,2026-09-23,200,,true
football team spreadsheet,,42,true,pinterest.com,https://www.pinterest.com/ideas/football-roster-template-excel/954295930150/,Football Roster Template Excel,fresh,2026-09-22,0,2026-09-22,,,,,200,,true
football team spreadsheet,,43,true,youtube.com,https://www.youtube.com/watch?v=mD09ssaojRc,"ANALYSE Football Matches for Win %, Over/Under and Correct ...",stale,2024-05-07,2.4,,,,2024-05-07,,429,,false
football team spreadsheet,,45,true,pinterest.com,https://www.pinterest.com/ideas/football-stats-sheet-excel-template/943785856101/,Football Stats Sheet Excel Template,fresh,2026-09-22,0,2026-09-22,,,,,200,,true
football team spreadsheet,,46,true,footballspreadsheets.com,https://footballspreadsheets.com/,Football Spreadsheets – Profitable Football Systems,unknown,,,,,,,,200,,true
football team spreadsheet,,47,true,youtube.com,https://www.youtube.com/watch?v=tBxMXP4iuXc,How to Create and Simulate your Own Custom League,stale,2024-04-11,2.5,,,,2024-04-11,,429,,false
football team spreadsheet,,48,true,template.net,https://www.template.net/editable/10902/football-statistics-sheet,"Football Statistics Sheet Template in Apple Numbers, Excel ...",unknown,,,,,,,,200,,true
football team spreadsheet,,49,true,youtube.com,https://www.youtube.com/watch?v=up-Ldimx-YM,How To Create A Fantasy Football Draft Spreadsheet,stale,2021-08-31,5.1,,,,2021-08-31,,429,,false
football team spreadsheet,,50,true,soccercoachingpro.com,https://www.soccercoachingpro.com/soccer-statistics-spreadsheet/,Soccer Statistics Spreadsheet (Free to Download and Print),stale,2021-07-16,5.2,2021-07-16,2021-07-16,,2021-07-16,,200,,true
football team spreadsheet,,51,true,github.com,https://github.com/datasets/football-datasets,Football related datasets on datahub.io,unknown,,,,,,,,200,,true
football team spreadsheet,,52,true,etsy.com,https://www.etsy.com/market/football_stats_spreadsheet,Football Stats Spreadsheet,unknown,,,,,,,,403,,true
football team spreadsheet,,53,true,reddit.com,https://www.reddit.com/r/fantasyfootball/comments/3m6p63/an_excel_sheet_for_keeping_stats_and_charts_for/,An Excel Sheet for keeping stats and charts for your ...,unknown,,,,,,,,200,,false
football team spreadsheet,,54,true,youtube.com,https://www.youtube.com/watch?v=mD09ssaojRc,"ANALYSE Football Matches for Win %, Over/Under and Correct ...",stale,2024-05-07,2.4,,,,2024-05-07,,429,,false
football team spreadsheet,,56,true,offidocs.com,https://www.offidocs.com/index.php/main-templates/xls-templates/1668659-football-league-spreadsheet-with-team-charts-and-stats,"Football League Spreadsheet, with team charts and stats",unknown,,,,,,,2026-09-23,200,,true
football team spreadsheet,,57,true,youtube.com,https://www.youtube.com/watch?v=tV7BnDhb-i0,Create Fixture List & League Table in Excel | Tutorial,stale,2023-09-30,3,,,,2023-09-30,,429,,false
football team spreadsheet,,58,true,grassrootsfootballuk.com,https://www.grassrootsfootballuk.com/football-data-systems/,Football Data Systems,unknown,,,,,,,,403,,true
football team spreadsheet,,59,true,spreadsheetpage.com,https://spreadsheetpage.com/soccer/,Soccer Templates,stale,2024-03-28,2.5,2024-03-28,2019-04-22,,,,200,,true
football team spreadsheet,,60,true,youtube.com,https://www.youtube.com/watch?v=S6CczbzN8ws,How to Calculate Football League Table Points in Google Sheets,fresh,2026-09-02,0.1,,,,2026-09-02,,429,,false
football team spreadsheet,,61,true,etsy.com,https://www.etsy.com/uk/market/football_excel,Football Excel - Etsy UK,unknown,,,,,,,,403,,true
football team spreadsheet,,62,true,datahub.io,https://datahub.io/collections/football,Football Data,fresh,2026-01-08,0.7,,2026-01-08,,2026-01-08,,200,,true
football team spreadsheet,,63,true,youtube.com,https://www.youtube.com/watch?v=YwfD_Ru15aU,English Premier League Prediction Template in Excel and ...,fresh,2025-08-07,1.1,,,,2025-08-07,,429,,false
football team spreadsheet,,64,true,youtube.com,https://www.youtube.com/watch?v=GFhU9huRQZA,How to Create and Simulate your Own Custom League,stale,2024-04-14,2.4,,,,2024-04-14,,429,,false
football team spreadsheet,,65,true,pinterest.com,https://www.pinterest.com/pin/soccer-stats-excel-spreadsheet-template--27373510217582031/,Soccer Stats Excel Spreadsheet Template,stale,2017-04-21,9.4,2017-04-21,2017-04-03,,,,200,,true
football team spreadsheet,,67,true,youtube.com,https://www.youtube.com/watch?v=sEfyAbeBiks,22 MIKE THOMAS Building an Excel Based Soccer Dashboard,stale,2023-10-22,2.9,,,,2023-10-22,,429,,false
football team spreadsheet,,68,true,etsy.com,https://www.etsy.com/uk/market/football_tracker_google_sheets,Football Tracker Google Sheets,unknown,,,,,,,,403,,true
football team spreadsheet,,69,true,youtube.com,https://www.youtube.com/watch?v=YwfD_Ru15aU,English Premier League Prediction Template in Excel and ...,fresh,2025-08-07,1.1,,,,2025-08-07,,429,,false
football team spreadsheet,,70,true,pinterest.com,https://www.pinterest.com/pin/soccer-stats-excel-spreadsheet-template--27373510217582031/,Soccer Stats Excel Spreadsheet Template,stale,2017-04-21,9.4,2017-04-21,2017-04-03,,,,200,,true
football team spreadsheet,,71,true,youtube.com,https://www.youtube.com/watch?v=WmnQaf0Noy0,How to transfer our football statistics into a spreadsheet with ...,stale,2018-10-04,8,,,,2018-10-04,,429,,false
football team spreadsheet,,72,true,reddit.com,https://www.reddit.com/r/fantasyfootball/comments/5gca0h/excel_sheet_for_keeping_stats_and_charts_for_your/,Excel Sheet for keeping stats and charts for your league. ...,unknown,,,,,,,,200,,false
football team spreadsheet,,73,true,youtube.com,https://www.youtube.com/watch?v=nM0b3BXKn7Q,Excel: How to Create a Soccer Results Tracker,stale,2023-08-20,3.1,,,,2023-08-20,,429,,false
football team spreadsheet,,74,true,etsy.com,https://www.etsy.com/uk/market/football_stats_sheets,Football Stats Sheets - Etsy UK,unknown,,,,,,,,403,,true
football team spreadsheet,,75,true,pinterest.com,https://www.pinterest.com/pin/624241198486503384/,Fußball-Statistiken und druckbare Statistikblätter,stale,2024-08-14,2.1,2024-08-14,2024-08-14,,2024-08-13,,200,,true
football team spreadsheet,,76,true,youtube.com,https://www.youtube.com/watch?v=rUXYiLtmhPA,Free NFL Schedule and Prediction Template in Excel,fresh,2025-08-21,1.1,,,,2025-08-21,,429,,false
football team spreadsheet,,78,true,youtube.com,https://www.youtube.com/watch?v=ZajrOd7m8DU,Create Your Own Football / Soccer Analysis Dashboard in ...,fresh,2024-11-01,1.9,,,,2024-11-01,,429,,false
football team spreadsheet,,79,true,reddit.com,https://www.reddit.com/r/SideProject/comments/1mnh82w/turning_our_weekly_football_stats_spreadsheet/,Turning our weekly football stats spreadsheet into ...,unknown,,,,,,,,200,,false
football team spreadsheet,,80,true,youtube.com,https://www.youtube.com/watch?v=GZLWxxWcrd4,Excel : Get Live Football Leagues,stale,2023-09-18,3,,,,2023-09-18,,429,,false
football team spreadsheet,,81,true,etsy.com,https://www.etsy.com/uk/market/football_spreadsheets,Football Spreadsheets - Etsy UK,unknown,,,,,,,,403,,true
football team spreadsheet,,82,true,youtube.com,https://www.youtube.com/watch?v=Bm6jdrbFygI,Football Statistics Google Sheets Instructions,stale,2022-12-12,3.8,,,,2022-12-12,,429,,false
football team spreadsheet,,83,true,pinterest.com,https://www.pinterest.com/pin/2018-football-stat-sheet-template-printable--346988346301143961/,110+ Football Stat Sheet Ideas,stale,2022-07-08,4.2,2022-07-08,2022-07-08,,,,200,,true
football team spreadsheet,,84,true,youtube.com,https://www.youtube.com/watch?v=YK93gj54U7w,"NFL Spreadsheet Model in Excel: Project Spread, Moneyline & ...",fresh,2024-09-23,2,,,,2024-09-23,,429,,false
football team spreadsheet,,85,true,etsy.com,https://www.etsy.com/uk/market/excel_football,Excel Football - Etsy UK,unknown,,,,,,,,403,,true
football team spreadsheet,,86,true,youtube.com,https://www.youtube.com/watch?v=PCfaPue2lB4,Track stats performance in Soccer/Football with this Excel ...,fresh,2025-10-06,1,,,,2025-10-06,,429,,false
football team spreadsheet,,87,true,youtube.com,https://www.youtube.com/watch?v=bY-URFTKfFw,Automate Live Football League Table Updates with Excel ...,stale,2024-08-20,2.1,,,,2024-08-20,,429,,false
football team spreadsheet,,89,true,youtube.com,https://www.youtube.com/watch?v=kPLgD6uLU4A,League Creator in Excel,stale,2022-04-03,4.5,,,,2022-04-03,,429,,false
football team spreadsheet,,90,true,youtube.com,https://www.youtube.com/watch?v=0UTUks6oPNs,Using Hudl and Excel to Track Football Offensive Effectiveness,stale,2017-07-11,9.2,,,,2017-07-11,,429,,false
football team spreadsheet,,91,true,etsy.com,https://www.etsy.com/uk/market/football_stat_spreadsheet_sheet_free,Football Stat Spreadsheet Sheet Free,unknown,,,,,,,,403,,true
football team spreadsheet,,92,true,youtube.com,https://www.youtube.com/watch?v=emBjctJG_l8,Build an interactive and dynamic NFL schedule and Standings ...,stale,2024-01-23,2.7,,,,2024-01-23,,429,,false
football team spreadsheet,,93,true,youtube.com,https://www.youtube.com/watch?v=6ZdgEQbn7vo,How to get football data for FREE - worldfootballR,stale,2023-08-10,3.1,,,,2023-08-10,,429,,false
football team spreadsheet,,94,true,etsy.com,https://www.etsy.com/market/spreadsheet_for_football_stats,Spreadsheet for Football Stats,unknown,,,,,,,,403,,true
football team spreadsheet,,95,true,youtube.com,https://www.youtube.com/watch?v=UCebxR2SFbs,Master Excel with NFL QB Playoffs Stats Tracker!,stale,2024-01-04,2.7,,,,2024-01-04,,429,,false
football team spreadsheet,,96,true,youtube.com,https://www.youtube.com/watch?v=-4DLPaULPro,Football Stats - (Excel) - Introduction (1 of 3),stale,2017-05-02,9.4,,,,2017-05-02,,429,,false
football team spreadsheet,,97,true,etsy.com,https://www.etsy.com/market/spreadsheet_for_football,Spreadsheet for Football,unknown,,,,,,,,403,,true
football team spreadsheet,,98,true,youtube.com,https://www.youtube.com/watch?v=C8Oal6fD6ns,Excel PRO's Secret to Creating League Tables FAST!,stale,2024-05-04,2.4,,,,2024-05-04,,429,,false
football team spreadsheet,,100,true,etsy.com,https://www.etsy.com/uk/market/sheets_football_spreadsheet_templates,Sheets Football Spreadsheet Templates,unknown,,,,,,,,403,,true
football team spreadsheet,,101,true,youtube.com,https://www.youtube.com/watch?v=NUnHQrUgMFI,Football Stats - (Excel) - Stats & Strategies (2 of 3),stale,2017-06-09,9.3,,,,2017-06-09,,429,,false
football team spreadsheet,,102,true,etsy.com,https://www.etsy.com/market/football_excel_tracker,Football Excel Tracker,unknown,,,,,,,,403,,true
football team spreadsheet,,103,true,etsy.com,https://www.etsy.com/market/football_stats_sheets_google,Football Stats Sheets Google,unknown,,,,,,,,403,,true
football team spreadsheet,,104,true,etsy.com,https://www.etsy.com/uk/market/football_stat_sheets,Football Stat Sheets - Etsy UK,unknown,,,,,,,,403,,true
football team spreadsheet,,105,true,etsy.com,https://www.etsy.com/uk/market/football_team_stats?ref=lp_queries_internal_bottom-15,Football Team Stats - Etsy UK,unknown,,,,,,,,403,,true
football team spreadsheet,,106,true,etsy.com,https://www.etsy.com/uk/market/football_spreadsheet_pick_sheets,Football Spreadsheet Pick Sheets,unknown,,,,,,,,403,,true
football team spreadsheet,,107,true,etsy.com,https://www.etsy.com/uk/listing/1805590069/microsoft-excel-spreadsheet-football,Microsoft Excel Spreadsheet - Football Team Results,unknown,,,,,,,,403,,true
football team spreadsheet,,108,true,etsy.com,https://www.etsy.com/listing/1761650166/football-stats-spreadsheet-and-printable,Football Stats Spreadsheet and Printable Stats Sheets,unknown,,,,,,,,403,,true
football team spreadsheet,,109,true,etsy.com,https://www.etsy.com/market/football_score_tracking_excel,Football Score Tracking Excel,unknown,,,,,,,,403,,true
grassroots football,15,1,true,teamgrassroots.co.uk,https://www.teamgrassroots.co.uk/,Team Grassroots | The Voice of Grassroots Football,unknown,,,,,,,2026-09-23,200,,true
grassroots football,15,2,true,thefa.com,https://www.thefa.com/competitions/grassroots,Grassroots,unknown,,,,,,,,200,,false
grassroots football,15,5,true,facebook.com,https://www.facebook.com/Teamgrassroots/?locale=en_GB,Grassroots Football UK | South Shields,unknown,,,,,,,,400,,false
grassroots football,15,6,true,englandfootball.com,https://www.englandfootball.com/participate/behaviour/the-grassroots-code,The Grassroots Code,unknown,,,,,,,,200,,false
grassroots football,15,7,true,uefa.com,https://www.uefa.com/development/grassroots/overview/,UEFA and grassroots football,fresh,2026-04-07,0.5,2022-03-12,2026-04-07,,,,200,,false
grassroots football,15,8,true,diamondfootball.com,https://diamondfootball.com/news/3765/what-is-grassroots-football?srsltid=AU7gw4VgosXClppIye6osE81EpJ7k1uK3itDV4-REH9C_mcwuFvuAEDd,What is grassroots football?,unknown,,,,,,,,200,,true
grassroots football,15,9,true,grassrootsfootballuk.com,https://www.grassrootsfootballuk.com/,Grassroots Football UK: Home,unknown,,,,,,,,403,,true
grassroots football,15,10,true,footballfoundation.org.uk,https://footballfoundation.org.uk/,Football Foundation,unknown,,,,,,,2026-09-23,200,,true
grassroots football,15,11,true,find.englandfootball.com,https://find.englandfootball.com/,Find Football: Home Page,unknown,,,,,,,2026-09-10,200,,false
grassroots football,15,13,true,thefa.com,https://www.thefa.com/-/media/cfa/suffolkfa/files/the-fa-guide-to-managing-in-grassroots-football.ashx,A GUIDE TO MANAGING IN GRASSROOTS FOOTBALL,unknown,,,,,,,2021-07-19,200,non-html (application/pdf),false
grassroots football,15,14,true,ucfb.ac.uk,https://www.ucfb.ac.uk/news/the-importance-of-grassroots-football-and-its-continued-growth/,The importance of grassroots football and its continued ...,fresh,2024-12-04,1.8,,,,2024-12-04,,200,,true
grassroots football,15,15,false,footballparent.co.uk,https://www.footballparent.co.uk/parent-guides/what-is-grassroots-football,What Is Grassroots Football?,fresh,2026-07-05,0.2,,,,2026-07-05,,,"own page, not fetched",false
grassroots football,15,16,false,teamstats.net,https://www.teamstats.net/leagues,Grassroots Football Leagues Directory,unknown,,,,,,,2026-09-23,200,,true
grassroots football,15,17,false,sports-tours.co.uk,https://www.sports-tours.co.uk/blog/why-is-grassroots-football-important/,Why is grassroots football important?,fresh,2025-07-23,1.2,2025-07-23,2025-05-12,,,2026-09-15,200,,true
grassroots football,15,18,false,grfc.grassrootsfc.co.uk,https://grfc.grassrootsfc.co.uk/,Grassroots FC | Official Website - Free Football Club Website ...,unknown,,,,,,,2026-09-22,200,,true
grassroots football,15,19,false,foxesclub.com,https://foxesclub.com/academy-teams/,Foxes FC Academy Teams | Grassroots Football for Kids ...,fresh,2026-09-22,0,2026-09-22,2026-04-14,,,2026-09-23,200,,true
grassroots football,15,20,false,facebook.com,https://www.facebook.com/groups/grassrootsfootballhub/?locale=en_GB,Junior Grassroots Hub ⚽️,unknown,,,,,,,,400,,false
grassroots football,15,21,false,juniorgrassrootshub.com,https://www.juniorgrassrootshub.com/,Junior Grassroots Hub: The Hub for Junior Grassroots Football ...,unknown,,,,,,,,200,,true
grassroots football,15,22,false,youtube.com,https://www.youtube.com/@grassrootsfootballuk,Grassroots Football UK - Football Training,unknown,,,,,,,,200,,false
grassroots football,15,24,false,footballizer.com,https://www.footballizer.com/academy/grassroots-football/,Grassroots Football,unknown,,,,,,,,200,,true
grassroots football,15,25,false,merseyjuniorsfc.co.uk,https://merseyjuniorsfc.co.uk/the-importance-of-grassroots-football-in-the-uk/,The Importance of Grassroots Football in the UK | MJFC,fresh,2024-09-24,2,2024-09-24,2024-09-24,,,,200,,true
grassroots football,15,26,false,teamgrassroots.co.uk,https://www.teamgrassroots.co.uk/setup-your-own-club/,Set up your own Club,unknown,,,,,,,2026-09-23,200,,true
grassroots football,15,27,false,thrive4grassroots.com,https://thrive4grassroots.com/blog/,Blog - Thrive4Grassroots,fresh,2026-07-21,0.2,,,,2026-07-21,,200,,true
grassroots football,15,28,false,englandfootball.com,https://www.englandfootball.com/participate/leagues-and-clubs/helpful-apps-and-websites,Digitising the grassroots game,unknown,,,,,,,,200,,false
grassroots football,15,29,false,ballrz.co.uk,https://www.ballrz.co.uk/grassroots-football,What is grassroots football? UK guide - Ballrz,fresh,2026-07-17,0.2,2026-07-17,2026-07-17,,,,200,,true
grassroots football,15,30,false,londonfa.com,https://www.londonfa.com/play/find-football,Find Football - London FA,unknown,,,,,,,,200,,true
grassroots football,15,31,false,learn.englandfootball.com,https://learn.englandfootball.com/get-started,Get Started,stale,2022-09-21,4,,,,2022-09-21,,200,,false
grassroots football,15,32,false,x.com,https://x.com/GRFootball_UK,Grassroots Football Uk (@GRFootball_UK) / X,unknown,,,,,,,,200,,false
grassroots football,15,33,false,oxfordshirefa.com,https://www.oxfordshirefa.com/leagues-and-clubs,Leagues & Clubs - Oxfordshire FA,unknown,,,,,,,,200,,true
grassroots football,15,35,false,thecoacheslink.com,https://www.thecoacheslink.com/grassrootsfootball-uk/,Grassroots Football UK,stale,2022-08-11,4.1,2022-08-11,2022-08-11,,,2026-09-23,200,,true
grassroots football,15,36,false,thefa.com,https://www.thefa.com/about-football-association/what-we-do/fa-grasroots-strategy-2024-2028,FA Grassroots Strategy 2024-2028,unknown,,,,,,,,200,,false
grassroots football,15,37,false,youtube.com,https://www.youtube.com/watch?v=sfxtJMw-1tA,Grassroots Football: What Parents Need to Know,fresh,2024-12-06,1.8,,,,2024-12-06,,429,,false
grassroots football,15,38,false,diamondfootball.com,https://diamondfootball.com/news/4005/what-is-the-fa-guidance-for-grassroots-football?srsltid=AU7gw4XRNpC260yeIrJRiOASM0DsMortGZdi2YC41D9ctolkPkX_VdP9,FA guidance for grassroots football,unknown,,,,,,,,200,,true
grassroots football,15,39,false,striver.football,https://striver.football/the-pathway/parents-guide-grassroots-football-uk,A Parent's Guide to Grassroots Football in the UK,fresh,2026-05-15,0.4,2026-05-15,2026-05-15,,2026-05-15,,200,,true
grassroots football,15,40,false,1stplace4trophies.co.uk,https://1stplace4trophies.co.uk/blog/grassroots-football-and-its-roots/,Grassroots football and its roots - 1stplace4trophies,stale,2021-04-06,5.5,,,,2021-04-06,,200,,true
grassroots football,15,41,false,footstepz.org,https://footstepz.org/,Footstepz Football Academy - Grassroots Football Development,fresh,2025-05-22,1.3,2025-05-22,2021-09-12,,,2026-09-23,200,,true
grassroots football,15,42,false,clubtournament.co.uk,https://www.clubtournament.co.uk/,Junior grassroots football tournaments: Compare grassroot ...,fresh,2026-08-28,0.1,2026-08-28,2014-05-03,,,,200,,true
grassroots football,15,43,false,gis.sport,https://gis.sport/news/grassroots-football-participation-impact-and-employability-benefits/,"Grassroots Football: Participation, Impact, and ...",fresh,2025-10-21,0.9,,,,2025-10-21,,200,,true
grassroots football,15,44,false,bu1sport.com,https://bu1sport.com/blogs/magazine/grassroots-football-what-is-it-and-what-are-its-principles,Grassroots football: What is it and what are its principles - BU1,stale,2024-05-15,2.4,,2024-05-15,2024-05-14,2024-05-15,,200,,true
grassroots football,15,46,false,clubtournament.co.uk,https://www.clubtournament.co.uk/,Junior grassroots football tournaments: Compare grassroot ...,fresh,2026-08-28,0.1,2026-08-28,2014-05-03,,,,200,,true
grassroots football,15,47,false,grassrooting.co.uk,https://grassrooting.co.uk/,Grassrooting | The UK's Home for Grassroots Football,unknown,,,,,,,,200,,true
grassroots football,15,48,false,instagram.com,https://www.instagram.com/grassroots_footballuk/,Grassroots Football UK - FDS (@grassroots_footballuk),unknown,,,,,,,,200,,false
grassroots football,15,49,false,thetitansfa.com,https://thetitansfa.com/grassroots-football-development-uk-complete-guide-for-parents/,Grassroots Football Development UK: Complete Guide for ...,fresh,2026-09-15,0,2026-09-15,2026-09-15,,2026-09-15,,200,,true
grassroots football,15,50,false,teamstats.net,https://www.teamstats.net/blog,"Grassroots Football Blog | News, Tips & Advice",unknown,,,,,,,2026-09-23,200,,true
grassroots football,15,51,false,facebook.com,https://www.facebook.com/groups/3347494538815914/?locale=en_GB,Grassroots Football UK - FDS,unknown,,,,,,,,400,,false
grassroots football,15,52,false,footballfoundation.org.uk,https://footballfoundation.org.uk/looking-for-funding,What we fund,unknown,,,,,,,2026-09-23,200,,true
grassroots football,15,53,false,teamgrassroots.co.uk,https://www.teamgrassroots.co.uk/updates-to-grassroots-youth-football-in-england/,New steps to improve grassroots youth football in England ...,fresh,2025-02-22,1.6,,,,2025-02-22,2026-09-23,200,,true
grassroots football,15,54,false,fcbusiness.co.uk,https://fcbusiness.co.uk/news/from-grassroots-to-glory-the-pathway-to-professional-football-in-the-uk/,From Grassroots To Glory: The Pathway To Professional ...,stale,2024-05-15,2.4,2024-05-15,2024-05-15,,,,200,,true
grassroots football,15,55,false,juniorgrassrootshub.com,https://www.juniorgrassrootshub.com/clubs,Find a Club - Junior Grassroots Hub,unknown,,,,,,,,200,,true
grassroots football,15,57,false,ballrz.co.uk,https://www.ballrz.co.uk/changing-room/how-to-join-a-grassroots-football-club,How to Join a Grassroots Football Club - Ballrz,fresh,2026-06-30,0.2,2026-06-30,2026-06-15,2026-06-29,,,200,,true
grassroots football,15,58,false,grassroots-fc.co.uk,https://www.grassroots-fc.co.uk/,Grassroots FC: Your Community Football Club,unknown,,,,,,,,200,,true
grassroots football,15,59,false,grassrootstechnology.thefa.com,https://grassrootstechnology.thefa.com/support/solutions/48000265985,England Football Portals - Grassroots Technology - The FA,unknown,,,,,,,,200,,false
grassroots football,15,60,false,diamondfootball.com,https://diamondfootball.com/news/3805/how-is-football-funded-at-grassroots-level?srsltid=AU7gw4WtFkWWho80bnlt-50o8qhxn87aTjTsQoho_6tJcaJKuH-cTJUU,How is football funded at grassroots level?,unknown,,,,,,,,200,,true
grassroots football,15,61,false,footballtournamentsuk.co.uk,https://footballtournamentsuk.co.uk/,"Football Tournaments UK – Youth, Adult & Grassroots ...",unknown,,,,,,,,200,,true
grassroots football,15,62,false,englandfootball.com,https://www.englandfootball.com/play/youth-football,Youth football - Play & Participate,unknown,,,,,,,,200,,false
grassroots football,15,63,false,play.google.com,https://play.google.com/store/apps/details?id=com.grassrootsfootball.app&hl=en_AU,The Grassroots Football App,fresh,2026-06-24,0.3,,,2026-06-23,2026-06-24,,200,,true
grassroots football,15,64,false,grfe.co.uk,https://grfe.co.uk/?srsltid=AU7gw4WZ_O7h2IS3PA9Tfbx7T7AO5vuwbO70u_wCFvB-bTHIurKXRyKw,Grassroots Football Equipment,unknown,,,,,,,,402,,true
grassroots football,15,65,false,facebook.com,https://www.facebook.com/FootballFoundation1/videos/25-years-of-game-changing-places-to-play/1712687782741247/,'s Football Foundation has been transforming grassroots ...,fresh,2025-11-23,0.8,,,,2025-11-23,,200,,false
grassroots football,15,68,false,theleisuresociety.co.uk,https://www.theleisuresociety.co.uk/grassroots-football-explained/,Grassroots Football Explained | The Leisure Society,stale,2023-12-01,2.8,2023-12-01,2023-12-01,2023-12-01,2023-09-25,,200,,true
grassroots football,15,69,false,facebook.com,https://www.facebook.com/groups/grassrootsfootball.co.uk/,The Grassroots Football Group,unknown,,,,,,,,400,,false
grassroots football,15,70,false,bloomsburyfootball.com,https://bloomsburyfootball.com/,Bloomsbury Football: Home,unknown,,,,,,,,200,,true
grassroots football,15,71,false,x.com,https://x.com/GRFootball,Grassroots Football #grassrootsfootball (@GRFootball) / ...,unknown,,,,,,,,200,,false
grassroots football,15,72,false,youtube.com,https://www.youtube.com/shorts/TqjKy7FhYF4,The Truth About Grassroots Football: It's NOT What You Think!,fresh,2026-08-13,0.1,,2026-08-13,,2026-08-13,,200,,false
grassroots football,15,74,false,juniorgrassrootshub.com,https://www.juniorgrassrootshub.com/news/grassroots-youth-football-uk-overview,Grassroots & Youth Football in the UK: Complete Guide,fresh,2026-07-25,0.2,2026-07-25,2025-08-04,,2025-08-04,,200,,true
grassroots football,15,75,false,instagram.com,https://www.instagram.com/grassrootsfootball.co.uk/,Grassroots Football (@grassrootsfootball.co.uk),unknown,,,,,,,,200,,false
grassroots football,15,76,false,teamstats.net,https://www.teamstats.net/directory,Grassroots Football Directory,unknown,,,,,,,2026-09-23,200,,true
grassroots football,15,77,false,wemakefootballers.com,https://wemakefootballers.com/uk/locations,Our Locations,unknown,,,,,,,,200,,true
grassroots football,15,79,false,teamgrassroots.ctrlstaging.co.uk,https://teamgrassroots.ctrlstaging.co.uk/category/latest-news/,Latest News - Team Grassroots,unknown,,,,,,,,200,,true
grassroots football,15,80,false,thefa.com,https://www.thefa.com/st-georges-park,"The website for the English football association, ...",unknown,,,,,,,,200,,false
grassroots football,15,81,false,mirror.co.uk,https://www.mirror.co.uk/incoming/video/fa-launch-new-landmark-grassroots-34030110,The FA launch new landmark grassroots football strategy,unknown,,,,,,,,200,,true
grassroots football,15,82,false,futurefit.englandfootball.com,https://futurefit.englandfootball.com/futurefit/,FutureFit - England Football,unknown,,,,,,,2026-09-09,200,,false
grassroots football,15,83,false,teamgrassroots.co.uk,https://www.teamgrassroots.co.uk/the-expectations-vs-the-reality-of-grassroots-football/,The Expectations Vs The Reality of Grassroots Football,unknown,,,,,,,2026-09-23,200,,true
grassroots football,15,84,false,instagram.com,https://www.instagram.com/reel/DdhzUtoMY12/,🇦🇷 Losing 2-0 in the torrential rain to Boca? Most crowds ...,fresh,2026-09-21,0,,,,2026-09-21,,200,,false
grassroots football,15,85,false,youtube.com,https://www.youtube.com/watch?v=oLE2bn8SWqw,Second Game Back...Against The Team That Beat Us!,fresh,2026-09-18,0,,,,2026-09-18,,429,,false
grassroots football,15,87,false,tiktok.com,https://www.tiktok.com/@stevebracknall/video/7688307895645097248,Finding Royal Oak shirt on a Turkish market. Steve # ...,fresh,2026-09-22,0,,,,2026-09-22,,200,,false
grassroots football,15,88,false,instagram.com,https://www.instagram.com/reel/DdlBhjZxy2n/,"In India, many young footballers dream of becoming ...",fresh,2026-09-22,0,,,,2026-09-22,,200,,false
grassroots football,15,90,false,juniorgrassrootshub.com,https://www.juniorgrassrootshub.com/faq,FAQs - Junior Grassroots Hub,unknown,,,,,,,,200,,true
grassroots football,15,91,false,instagram.com,https://www.instagram.com/popular/the-fa-grassroots/,The Fa Grassroots,unknown,,,,,,,,200,,false
grassroots football,15,92,false,footballcollective.org.uk,https://footballcollective.org.uk/general/what-is-grassroots-football-how-important-is-it-to-the-game/,What Is Grassroots Football & How Important Is It to the Game?,stale,2023-10-10,3,2023-10-10,2022-08-11,,,,200,,true
grassroots football,15,93,false,facebook.com,https://www.facebook.com/groups/229939483860081/,UK Grassroot Football,unknown,,,,,,,,400,,false
grassroots football,15,94,false,reddit.com,https://www.reddit.com/r/TheSilphRoad/comments/1wobuda/raid_solo_buzzwole_only_mega_staraptor_lv40_ae/,"Raid Solo Buzzwole Only Mega Staraptor LV:40 (AE, Rain ...",fresh,2026-09-23,0,,,,2026-09-23,,200,,false
grassroots football,15,95,false,thefa.com,https://www.thefa.com/get-involved/player,Get involved and play football in England,unknown,,,,,,,,200,,false
grassroots football,15,96,false,englandfootball.com,https://www.englandfootball.com/News/Grassroots,Grassroots Football News,unknown,,,,,,,,200,,false
grassroots football,15,98,false,youtube.com,https://www.youtube.com/watch?v=9FV9nvWziTg,NRL grand final goes without entertainment act | 7NEWS,fresh,2026-09-23,0,,,,2026-09-23,,429,,false
grassroots football,15,99,false,x.com,https://x.com/GrassrootsFA_UK,Grassroots Football (@GrassrootsFA_UK) / ...,unknown,,,,,,,,200,,false
grassroots football,15,101,false,englandfootball.com,https://www.englandfootball.com/News/Grassroots,Grassroots Football News,unknown,,,,,,,,200,,false
grassroots football,15,102,false,tiktok.com,https://www.tiktok.com/@ballondor/video/7688722784645680416,AFRICAN STARS.  The African players who made it into ...,fresh,2026-09-23,0,,,,2026-09-23,,200,,false
grassroots football,15,103,false,instagram.com,https://www.instagram.com/reel/Dddvy_GkiD9/,Why can't British Indians play football for India? ...,fresh,2026-09-19,0,,,,2026-09-19,,200,,false
grassroots football,15,104,false,tiktok.com,https://www.tiktok.com/@espn/video/7688056008261913886,"In overtime, you can choose to kick, receive or pick a goal to ...",fresh,2026-09-21,0,,,,2026-09-21,,200,,false
grassroots football,15,105,false,instagram.com,https://www.instagram.com/reel/DdbtZVPsR7o/,Olaitan's tenacity  #UEL,fresh,2026-09-18,0,,,,2026-09-18,,200,,false
grassroots football,15,106,false,instagram.com,https://www.instagram.com/grassrootsfootballuk/,Grassroots Football (@grassrootsfootballuk),unknown,,,,,,,,200,,false
grassroots football,15,107,false,youtube.com,https://www.youtube.com/watch?v=iNfoVUEoDCs,THE ULTIMATE NON-LEAGUE MANAGEMENT GAME?,fresh,2026-09-21,0,,,,2026-09-21,,429,,false
grassroots football,15,109,false,englandfootball.com,https://www.englandfootball.com/play/youth-football/Youth-Club-Football,Youth Club Football,unknown,,,,,,,,200,,false
grassroots football,15,110,false,teamstats.net,https://www.teamstats.net/blog/what-is-grassroots-football,What is Grassroots Football?,fresh,2026-07-20,0.2,,2026-07-20,2026-07-19,2026-07-20,,200,,true
