keyword,search_volume,position,etv,cpc,competition,intent,url,serp_features
selkent,12100,6,567.49,,0,informational,https://www.teamstats.net/league/selkent-league/selkent,organic images related_searches
tandridge league,12100,6,567.49,,0,informational,https://www.teamstats.net/league/tandridge-league,organic people_also_ask related_searches
portadown football club,9900,6,652.41,,0,informational,https://www.teamstats.net/teams/football/portadown,organic twitter people_also_ask video related_searches knowledge_graph google_reviews images
selkent league,9900,5,464.31,1.1299999952316284,0,informational,https://www.teamstats.net/league/selkent-league/selkent,organic related_searches
adjfa,5400,3,525.42,,0,informational,https://www.teamstats.net/league/adjfa,organic related_searches images
zimbabwe football teams,5400,6,355.86,,0,informational,https://www.teamstats.net/teams/football/zimbabwe,organic ai_overview people_also_ask related_searches images
ddyfa,5400,7,253.26,,0,informational,https://www.teamstats.net/league/ddyfa,organic people_also_ask ai_overview related_searches images
warrington football league junior,5400,5,253.26,,0,informational,https://www.teamstats.net/league/warrington-junior-football-league,organic related_searches
warrington junior football league,5400,5,253.26,,0,informational,https://www.teamstats.net/league/warrington-junior-football-league,organic related_searches images
warrington junior football leagues,5400,5,253.26,,0,informational,https://www.teamstats.net/league/warrington-junior-football-league,organic related_searches
pjdyfl,4400,3,428.12,,0,informational,https://www.teamstats.net/league/pjdyfl,organic related_searches images
watford friendly league,4400,4,289.96,,0,informational,https://www.teamstats.net/league/watford-friendly-league,organic related_searches google_reviews knowledge_graph images
west herts youth league,4400,5,206.36,,0,informational,https://www.teamstats.net/league/west-herts-youth-league,organic related_searches images
yel sat,4400,5,206.36,,0,informational,https://www.teamstats.net/league/yel-east-midlands-saturday,organic related_searches
yel saturday,4400,5,206.36,,0,informational,https://www.teamstats.net/league/yel-east-midlands-saturday,organic related_searches images
rotherham and district sunday football league,3600,3,350.28,,0,informational,https://www.teamstats.net/league/rotherham-and-district-sunday-football-league,organic related_searches
clyfa,3600,4,237.24,,0,informational,https://www.teamstats.net/league/clyfa,organic related_searches images
sunday league rotherham,3600,5,168.84,,0,informational,https://www.teamstats.net/league/rotherham-and-district-sunday-football-league,organic related_searches
yel sunday,3600,5,168.84,,0,informational,https://www.teamstats.net/league/yel-east-midlands-sunday,organic related_searches images
epsom & ewell league,2400,6,112.56,,0,informational,https://www.teamstats.net/league/epsom-and-ewell-youth-football-league,knowledge_graph organic people_also_ask related_searches
mid herts league,2400,5,112.56,,0,informational,https://www.teamstats.net/league/mid-herts-league,organic related_searches images
rfyl,2400,5,112.56,,0,informational,https://www.teamstats.net/league/rfyl,organic related_searches knowledge_graph google_reviews images
ayrshire afa,2400,6,81.12,,0,informational,https://www.teamstats.net/league/ayrshire-afa,organic related_searches images
combination league leeds,1900,3,184.87,,0,informational,https://www.teamstats.net/league/leeds-combination-association-football-league,organic related_searches
bradford sunday alliance,1900,4,125.21,,0,informational,https://www.teamstats.net/league/bradford-sunday-alliance-football-league,organic related_searches
leeds combination league,1900,4,125.21,,0,informational,https://www.teamstats.net/league/leeds-combination-association-football-league/premier-division,organic related_searches images
sunday alliance bradford,1900,4,125.21,,0,informational,https://www.teamstats.net/league/bradford-sunday-alliance-football-league,organic related_searches
blackwater and dengie league,1900,5,89.11,,0,informational,https://www.teamstats.net/league/blackwater-and-dengie-youth-football-league,organic related_searches google_reviews knowledge_graph images
blackwater dengie league,1900,5,89.11,,0,informational,https://www.teamstats.net/league/blackwater-and-dengie-youth-football-league,organic related_searches google_reviews knowledge_graph images
dengie and blackwater league,1900,5,89.11,,0,informational,https://www.teamstats.net/league/blackwater-and-dengie-youth-football-league,organic people_also_ask related_searches google_reviews knowledge_graph
north bury jfl,1900,5,89.11,,0,navigational,https://www.teamstats.net/league/north-bury-junior-football-league,organic related_searches images
nydal,1900,5,89.11,,0,informational,https://www.teamstats.net/league/northampton-and-district-youth-alliance-league,organic related_searches images
pin point recruitment league,1900,5,89.11,,0,navigational,https://www.teamstats.net/league/pin-point-recruitment-league,organic related_searches
stourbridge league,1900,6,89.11,,0,informational,https://www.teamstats.net/league/stourbridge-and-district-girls-youth-league,organic top_stories related_searches images
barnsley and district sunday league,1900,6,64.22,,0,informational,https://www.teamstats.net/team/football/barnsley-town-premier-league,organic related_searches
reading sunday football league,1600,3,155.68,,0,informational,https://www.teamstats.net/league/reading-and-district-sunday-league,organic related_searches
coventry alliance,1600,4,105.44,,0,informational,https://www.teamstats.net/league/the-coventry-alliance,organic images related_searches
peter houseman youth league,1600,4,105.44,,0,informational,https://www.teamstats.net/league/peter-houseman-youth-league,organic people_also_ask related_searches images
stockport and district sunday league,1600,4,105.44,,0,informational,https://www.teamstats.net/league/stockport-district-sunday-football-league,organic related_searches
stockport district sunday football league,1600,4,105.44,,0,informational,https://www.teamstats.net/league/stockport-district-sunday-football-league,organic related_searches images
stockport district sunday league,1600,4,105.44,,0,informational,https://www.teamstats.net/league/stockport-district-sunday-football-league,organic people_also_ask related_searches images
sunday league football wolverhampton,1600,4,105.44,1.8899999856948853,0,informational,https://www.teamstats.net/league/wolverhampton-and-district-sunday-league,organic related_searches
sunday league reading,1600,4,105.44,,0,informational,https://www.teamstats.net/league/reading-and-district-sunday-league,organic related_searches
sunday league wolverhampton,1600,4,105.44,1.8899999856948853,0,informational,https://www.teamstats.net/league/wolverhampton-and-district-sunday-league,organic people_also_ask related_searches
wolverhampton sunday football league,1600,4,105.44,1.8899999856948853,0,informational,https://www.teamstats.net/league/wolverhampton-and-district-sunday-league,organic related_searches
blackwater and dengie,1600,5,75.04,,0,informational,https://www.teamstats.net/league/blackwater-and-dengie-youth-football-league,organic people_also_ask related_searches google_reviews knowledge_graph
blackwater dengie,1600,5,75.04,,0,informational,https://www.teamstats.net/league/blackwater-and-dengie-youth-football-league,organic related_searches google_reviews knowledge_graph
epsom and ewell youth league,1600,5,75.04,,0,navigational,https://www.teamstats.net/league/epsom-and-ewell-youth-football-league,organic related_searches images
fc coalville,1600,6,75.04,,0,navigational,https://www.teamstats.net/team/football/fc-coalville-turner-insurance-services-premiership,organic people_also_ask perspectives related_searches knowledge_graph google_reviews images
sunderland over 40s,1600,5,75.04,,0,informational,https://www.teamstats.net/league/sunderland-and-district-sunderland-mill-view-social-club-over-40s-league/teams,organic related_searches images
wolverhampton sunday league,1600,5,75.04,1.8899999856948853,0,informational,https://www.teamstats.net/league/wolverhampton-and-district-sunday-league,organic related_searches images
ashford and district sunday football league,1600,6,54.08,,0,informational,https://www.teamstats.net/league/ashford-and-district-sunday-football-league,organic people_also_ask related_searches
ashford district sunday league,1600,6,54.08,,0,informational,https://www.teamstats.net/league/ashford-and-district-sunday-football-league,organic people_also_ask related_searches
cov alliance,1600,7,54.08,,0,navigational,https://www.teamstats.net/league/the-coventry-alliance,organic people_also_ask related_searches
craven and district football league,1600,6,54.08,,0,informational,https://www.teamstats.net/league/skipton-body-repair-centre-craven-and-district-football-league,organic related_searches
dengie and blackwater,1600,6,54.08,,0,informational,https://www.teamstats.net/league/blackwater-and-dengie-youth-football-league,organic related_searches google_reviews knowledge_graph images
bcfa youth league,1300,4,85.67,,0,informational,https://www.teamstats.net/league/bcfa-youth-league/teams,organic related_searches images
tjfa full time,1300,4,85.67,,0,informational,https://www.teamstats.net/league/teesside-junior-football-alliance-league,organic related_searches
ambassador evesham league,1300,5,60.97,,0,informational,https://www.teamstats.net/league/ambassador-evesham-football-league,organic related_searches
csfa,1300,7,60.97,,0,informational,https://www.teamstats.net/league/csfa,organic people_also_ask images related_searches
ersda,1300,5,60.97,,0,informational,https://www.teamstats.net/league/ersda,organic related_searches
medway district youth league,1300,5,60.97,,0,informational,https://www.teamstats.net/league/medway-district-youth-league,organic related_searches images
ndsfl,1300,5,60.97,,0,informational,https://www.teamstats.net/league/ndsfl,organic people_also_ask related_searches knowledge_graph google_reviews images
north bury junior football league,1300,5,60.97,,0,informational,https://www.teamstats.net/league/north-bury-junior-football-league,organic related_searches images
tjfa fixtures,1300,5,60.97,,0,informational,https://www.teamstats.net/league/teesside-junior-football-alliance-league,organic related_searches images
doncaster and district sunday league,1300,6,43.94,,0,informational,https://www.teamstats.net/league/doncaster-and-district-sunday-football-league,organic people_also_ask related_searches knowledge_graph google_reviews
evesham ambassador league,1300,6,43.94,,0,informational,https://www.teamstats.net/league/ambassador-evesham-football-league,organic related_searches
afyfc,1000,3,97.30,,0,informational,https://www.teamstats.net/league/afyfc,organic related_searches images
mercian league,1000,4,65.90,,0,informational,https://www.teamstats.net/league/mercian-junior-football-league,organic people_also_ask related_searches images
oakbourne and coronation league,1000,4,65.90,,0,informational,https://www.teamstats.net/league/oakbourne-and-coronation-football-league,organic related_searches
burton football league junior,1000,5,46.90,,0,informational,https://www.teamstats.net/league/burton-junior-football-league,organic people_also_ask related_searches
burton junior football league,1000,5,46.90,,0,informational,https://www.teamstats.net/league/burton-junior-football-league,organic related_searches images
furness premier league,1000,5,46.90,,0,informational,https://www.teamstats.net/league/furness-premier-league-sponsored-by-barrow-eats,organic related_searches
leatherhead and district league,1000,5,46.90,,0,navigational,https://www.teamstats.net/league/leatherhead-and-district-sunday-football-league/teams,organic people_also_ask related_searches
leatherhead district league,1000,5,46.90,,0,informational,https://www.teamstats.net/league/leatherhead-and-district-sunday-football-league/teams,organic related_searches
selby & district junior football league,1000,5,46.90,,0,informational,https://www.teamstats.net/league/selby-and-district-junior-football-league,organic related_searches
selby and district junior football league,1000,5,46.90,,0,informational,https://www.teamstats.net/league/selby-and-district-junior-football-league,organic related_searches images
selby district junior football league,1000,5,46.90,,0,informational,https://www.teamstats.net/league/selby-and-district-junior-football-league,organic related_searches
selby junior football league,1000,5,46.90,,0,informational,https://www.teamstats.net/league/selby-and-district-junior-football-league,organic related_searches images
selby league junior football,1000,5,46.90,,0,informational,https://www.teamstats.net/league/selby-and-district-junior-football-league,organic related_searches
tameside football league,1000,5,46.90,,0.009999999776482582,informational,https://www.teamstats.net/league/tameside-football-league,organic related_searches images
tamworth sunday league,1000,5,46.90,,0,informational,https://www.teamstats.net/league/tamworth-and-district-sunday-football-league,organic related_searches
arthurian league,1000,7,33.80,,0,informational,https://www.teamstats.net/league/arthurian-league,organic people_also_ask related_searches images
border amateur league,1000,6,33.80,,0,informational,https://www.teamstats.net/league/border-amateur,organic people_also_ask related_searches images
brentwood sunday league,1000,6,33.80,,0,informational,https://www.teamstats.net/league/brentwood-sunday-football-league,organic related_searches
east lancashire football alliance,1000,6,33.80,,0,informational,https://www.teamstats.net/league/east-lancashire-football-alliance,organic related_searches images
hanham minor league,880,2,142.56,,0,informational,https://www.teamstats.net/league/hanham-minor-league,organic related_searches
mexborough sunday league,880,3,85.62,,0,informational,https://www.teamstats.net/league/mexborough-and-district-sunday-league,organic people_also_ask related_searches images
guildford and woking alliance league,880,4,57.99,,0,informational,https://www.teamstats.net/league/guildford-and-woking-alliance-football-league,organic people_also_ask related_searches images
jack kalson league,880,4,57.99,,0,informational,https://www.teamstats.net/league/jack-kalson-league/under-12-division-1,organic related_searches
rochdale sunday football league,880,4,57.99,,0,informational,https://www.teamstats.net/league/rochdale-bury-and-district-sunday-football-league,organic related_searches
rochdale sunday league,880,4,57.99,,0,informational,https://www.teamstats.net/league/rochdale-bury-and-district-sunday-football-league,organic related_searches images
rochdale sunday league football,880,4,57.99,,0,informational,https://www.teamstats.net/league/rochdale-bury-and-district-sunday-football-league,organic related_searches
southern veterans league,880,4,57.99,,0,informational,https://www.teamstats.net/league/southern-veterans-football-league,organic related_searches
woodspring junior league,880,4,57.99,,0,informational,https://www.teamstats.net/league/woodspring-junior-league,organic related_searches images
zimbabwe football clubs,880,9,57.99,,0,informational,https://www.teamstats.net/teams/football/zimbabwe,ai_overview organic people_also_ask local_pack images related_searches
city of southampton youth league,880,5,41.27,,0,informational,https://www.teamstats.net/league/city-of-southampton-youth-football-league/teams?page=2,organic related_searches images
east midlands veterans league,880,5,41.27,,0,informational,https://www.teamstats.net/league/east-midlands-veterans-league,organic related_searches
reading & district sunday league,880,5,41.27,,0,informational,https://www.teamstats.net/league/reading-and-district-sunday-league,organic related_searches
reading and district sunday league,880,5,41.27,,0,informational,https://www.teamstats.net/league/reading-and-district-sunday-league,organic related_searches
reading district sunday league,880,5,41.27,,0,informational,https://www.teamstats.net/league/reading-and-district-sunday-league,organic people_also_ask related_searches
stourbridge & district youth league,880,5,41.27,,0,navigational,https://www.teamstats.net/league/stourbridge-and-district-girls-youth-league,organic related_searches
stourbridge and district youth league,880,5,41.27,,0,navigational,https://www.teamstats.net/league/stourbridge-and-district-girls-youth-league,organic related_searches images
stourbridge district youth league,880,5,41.27,,0,informational,https://www.teamstats.net/league/stourbridge-and-district-girls-youth-league,organic related_searches
sunderland over 40s league,880,5,41.27,,0,informational,https://www.teamstats.net/league/sunderland-and-district-sunderland-mill-view-social-club-over-40s-league/teams,organic related_searches
aberdeen amateur football,880,6,29.74,,0,informational,https://www.teamstats.net/league/aberdeenshire-amateur-football-association,organic related_searches knowledge_graph
aberdeenshire amateur football,880,6,29.74,,0,informational,https://www.teamstats.net/league/aberdeenshire-amateur-football-association,organic related_searches knowledge_graph
evesham sunday league,880,6,29.74,,0,informational,https://www.teamstats.net/league/evesham-and-district-sunday-football-league,organic related_searches
central warwickshire over 35,720,3,70.06,,0,informational,https://www.teamstats.net/league/central-warwickshire-over-35s-football-league,organic related_searches
peter houseman league,720,3,70.06,,0,informational,https://www.teamstats.net/league/peter-houseman-youth-league,organic people_also_ask related_searches images
abbey villa football club,720,4,47.45,0.03999999910593033,0,informational,https://www.teamstats.net/team/football/abbey-villa-fc-2nds,organic related_searches knowledge_graph google_reviews images
bromley and orpington sunday league,720,4,47.45,,0,informational,https://www.teamstats.net/league/orpington-and-bromley-district-sunday-football-league,organic related_searches
burton and district sunday league,720,4,47.45,,0,informational,https://www.teamstats.net/league/burton-and-district-sunday-football-league,organic images related_searches
burton district sunday league,720,4,47.45,,0,informational,https://www.teamstats.net/league/burton-and-district-sunday-football-league,organic related_searches
central warwickshire over 35's,720,4,47.45,,0,informational,https://www.teamstats.net/league/central-warwickshire-over-35s-football-league,organic related_searches
central warwickshire over 35s,720,4,47.45,,0,navigational,https://www.teamstats.net/league/central-warwickshire-over-35s-football-league,organic ai_overview related_searches
leatherhead and district sunday football league,720,4,47.45,,0,informational,https://www.teamstats.net/league/leatherhead-and-district-sunday-football-league/teams,organic related_searches
leatherhead and district sunday league,720,4,47.45,,0,informational,https://www.teamstats.net/league/leatherhead-and-district-sunday-football-league/teams,organic people_also_ask related_searches
sheffield & district junior sunday league,720,4,47.45,,0,informational,https://www.teamstats.net/league/sheffield-and-district-junior-sunday-league,organic people_also_ask related_searches
walton and kirkdale jfl,720,4,47.45,,0,navigational,https://www.teamstats.net/league/walton-kirkdale-jfl,organic related_searches
west herts league,720,4,47.45,,0,informational,https://www.teamstats.net/league/west-herts-youth-league,organic related_searches images
football clubs in bucharest,720,9,33.77,,0,informational,https://www.teamstats.net/teams/football/bucharest,organic people_also_ask local_pack images related_searches knowledge_graph
greater glasgow afl,720,6,33.77,,0,informational,https://www.teamstats.net/league/greater-glasgow-premier-afl,organic people_also_ask twitter related_searches
herne bay and whitstable sunday league,720,5,33.77,,0,informational,https://www.teamstats.net/league/herne-bay-and-whitstable-sunday-league,organic related_searches
mercian junior football league,720,5,33.77,,0,informational,https://www.teamstats.net/league/mercian-junior-football-league,organic related_searches
mid sussex youth football league,720,5,33.77,,0,informational,https://www.teamstats.net/league/mid-sussex-youth-football-league,organic people_also_ask related_searches images
mk sunday league,720,5,33.77,2.5399999618530273,0.009999999776482582,informational,https://www.teamstats.net/team/football/inter-mk-sunday-development,organic related_searches
scunthorpe sunday league,720,5,33.77,,0,informational,https://www.teamstats.net/league/scunthorpe-and-district-sunday-league,organic related_searches
whitstable and herne bay sunday league,720,5,33.77,,0,informational,https://www.teamstats.net/league/herne-bay-and-whitstable-sunday-league,organic related_searches
bbdfl full time,720,6,24.34,,0,informational,https://www.teamstats.net/league/bolton-bury-and-district-football-league/about,organic related_searches
bromley and orpington sunday football league,720,6,24.34,,0,informational,https://www.teamstats.net/league/orpington-and-bromley-district-sunday-football-league,organic related_searches
burton and district sunday football league,720,7,24.34,,0,informational,https://www.teamstats.net/league/burton-and-district-sunday-football-league,organic ai_overview related_searches
central lancashire junior football league,720,6,24.34,,0,informational,https://www.teamstats.net/league/central-lancashire-junior-football-league,organic related_searches
central lancs jfl,720,7,24.34,,0,navigational,https://www.teamstats.net/league/central-lancashire-junior-football-league,organic ai_overview related_searches images
chippenham sunday league,720,6,24.34,,0,informational,https://www.teamstats.net/league/chippenham-and-bath-football-league,organic related_searches
ele league,720,7,24.34,,0,informational,https://www.teamstats.net/league/ele-league/teams,organic people_also_search related_searches images
berkhamsted sunday league,590,3,57.41,,0,informational,https://www.teamstats.net/league/berkhamsted-sunday-football-league,organic images related_searches
isle of sheppey sunday league,590,4,57.41,,0,informational,https://www.teamstats.net/league/sheppey-sunday-league,organic ai_overview related_searches
paisley and district league,590,3,57.41,,0,navigational,https://www.teamstats.net/league/paisley-johnstone-and-district-youth-football-league,organic related_searches
berkhamsted sunday football league,590,4,38.88,,0,informational,https://www.teamstats.net/league/berkhamsted-sunday-football-league,organic related_searches
boston saturday league,590,4,38.88,,0,informational,https://www.teamstats.net/league/boston-workforce-unlimited-saturday-league,organic related_searches
lancaster and morecambe styl,590,4,38.88,,0,informational,https://www.teamstats.net/league/lancaster-and-morecambe-service-to-youth,organic people_also_ask related_searches images
perthshire afa,590,4,38.88,,0,navigational,https://www.teamstats.net/league/perthshire-afa,organic related_searches
perthshire amateur football,590,4,38.88,,0,informational,https://www.teamstats.net/league/perthshire-amateur,organic related_searches images
tamworth junior football league,590,4,38.88,,0,informational,https://www.teamstats.net/league/tamworth-junior-football-league/teams,organic related_searches knowledge_graph google_reviews
boston saturday football league,590,5,27.67,,0,informational,https://www.teamstats.net/league/boston-workforce-unlimited-saturday-league,organic related_searches
daten fc,590,5,27.67,,0.009999999776482582,informational,https://www.teamstats.net/team/football/daten-fc,organic related_searches knowledge_graph google_reviews third_party_reviews images
ecsfl,590,5,27.67,,0,informational,https://www.teamstats.net/league/ecsfl,organic people_also_ask related_searches
huddersfield fox engravers junior football league,590,5,27.67,,0,informational,https://www.teamstats.net/league/huddersfield-fox-engravers-junior-football-league,organic perspectives related_searches images
north bury league,590,5,27.67,,0,informational,https://www.teamstats.net/league/north-bury-junior-football-league,organic related_searches
paisley and district football league,590,5,27.67,,0,informational,https://www.teamstats.net/league/paisley-johnstone-and-district-youth-football-league,organic related_searches
russell foster league tables,590,5,27.67,,0,informational,https://www.teamstats.net/league/russell-foster-youth-league,organic people_also_ask related_searches
tameside league,590,5,27.67,,0,informational,https://www.teamstats.net/league/tameside-football-league,organic related_searches
ambassador league,590,6,19.94,,0,informational,https://www.teamstats.net/league/ambassador-evesham-football-league,organic related_searches images
bristol sunday league,590,6,19.94,1.4600000381469727,0.009999999776482582,informational,https://www.teamstats.net/league/bristol-premier-sunday-football-league,organic related_searches
bristol sunday league football,590,6,19.94,1.4600000381469727,0.009999999776482582,informational,https://www.teamstats.net/league/bristol-premier-sunday-football-league,organic related_searches images
dover sunday football league,590,6,19.94,,0,informational,https://www.teamstats.net/league/dover-and-district-sunday-football-league,organic related_searches images
dover sunday league,590,6,19.94,,0,informational,https://www.teamstats.net/league/dover-and-district-sunday-football-league,organic related_searches images
dover sunday league football,590,6,19.94,,0,informational,https://www.teamstats.net/league/dover-and-district-sunday-football-league,organic related_searches
leamington sunday league,480,2,77.76,,0,informational,https://www.teamstats.net/league/leamington-and-district-sunday-league,organic related_searches
7 aside football formations,480,5,46.70,,0.009999999776482582,informational,https://www.teamstats.net/blog/the-best-7-a-side-football-formations,organic video ai_overview images related_searches
calder valley sunday league,480,3,46.70,,0,informational,https://www.teamstats.net/league/halifax-sunday-league,organic related_searches
leamington sunday football league,480,3,46.70,,0,informational,https://www.teamstats.net/league/leamington-and-district-sunday-league,organic related_searches
leamington sunday league football,480,3,46.70,,0,informational,https://www.teamstats.net/league/leamington-and-district-sunday-league,organic related_searches
north staffs sunday football league,480,3,46.70,,0,informational,https://www.teamstats.net/league/north-staffordshire-sunday-football-league,organic related_searches
peterlee sunday league,480,3,46.70,,0,informational,https://www.teamstats.net/league/peterlee-and-district-sunday-league/match-reports,organic related_searches
7 a side formations,480,5,31.63,,0.009999999776482582,informational,https://www.teamstats.net/blog/the-best-7-a-side-football-formations,organic images related_searches
7-a-side formation,480,5,31.63,,0.009999999776482582,informational,https://www.teamstats.net/blog/the-best-7-a-side-football-formations,organic video related_searches
cheshire veterans football league,480,4,31.63,,0,informational,https://www.teamstats.net/league/cheshire-veterans-football-league,organic ai_overview images related_searches
empal sunday league,480,4,31.63,,0,informational,https://www.teamstats.net/league/east-midlands-public-authorities-league,organic related_searches
football teams in turin,480,5,31.63,,0,informational,https://www.teamstats.net/teams/football/turin,ai_overview organic related_searches images
gdsfc,480,5,31.63,,0,informational,https://www.teamstats.net/league/gdsfc,organic twitter related_searches images
north london youth league,480,4,31.63,,0,informational,https://www.teamstats.net/league/north-london-youth-football-league,organic related_searches images
north staffordshire sunday league,480,4,31.63,,0,informational,https://www.teamstats.net/league/north-staffordshire-sunday-football-league,organic related_searches
sunderland and district over 40's,480,5,31.63,,0,informational,https://www.teamstats.net/league/sunderland-and-district-sunderland-mill-view-social-club-over-40s-league,organic ai_overview people_also_ask related_searches
sunderland and district over 40s,480,4,31.63,,0,informational,https://www.teamstats.net/league/sunderland-and-district-sunderland-mill-view-social-club-over-40s-league,organic people_also_ask related_searches
tandridge league fixtures,480,5,31.63,,0,informational,https://www.teamstats.net/league/tandridge-league,organic people_also_ask related_searches
wallasey junior football league,480,4,31.63,,0,informational,https://www.teamstats.net/league/wallasey-junior-league,organic people_also_ask related_searches
wallasey sunday league,480,5,31.63,,0,informational,https://www.teamstats.net/league/wallasey-and-district-sunday-football-league,organic ai_overview images related_searches
weetabix youth league,480,4,31.63,,0,informational,https://www.teamstats.net/league/weetabix-youth-league,organic people_also_ask related_searches images
alicante football teams,480,5,22.51,,0,informational,https://www.teamstats.net/teams/football/alicante,organic related_searches knowledge_graph images
blackburn sunday football league,480,6,22.51,,0,informational,https://www.teamstats.net/league/the-blackburn-sunday-football-league/teams,organic ai_overview twitter related_searches images
blackburn sunday league football,480,6,22.51,,0,informational,https://www.teamstats.net/league/the-blackburn-sunday-football-league,organic twitter related_searches
doncaster junior sunday league,480,5,22.51,,0,informational,https://www.teamstats.net/league/doncaster-and-district-junior-football-league,organic related_searches knowledge_graph google_reviews third_party_reviews
echo junior football league,480,6,22.51,,0,informational,https://www.teamstats.net/league/echo-junior-football-league,organic ai_overview related_searches images
hampshire womens football league,480,5,22.51,,0,informational,https://www.teamstats.net/league/hampshire-county-womens-football-league,organic related_searches images
north staffordshire sunday football league,480,5,22.51,,0,informational,https://www.teamstats.net/league/north-staffordshire-sunday-football-league,organic related_searches
rother youth league,480,5,22.51,,0,informational,https://www.teamstats.net/league/rother-youth-football-league,organic people_also_ask related_searches images
southern counties floodlit youth league,480,6,22.51,,0,informational,https://www.teamstats.net/league/southern-counties-floodlit-youth-league,organic ai_overview people_also_ask images related_searches
yel east midlands saturday,480,5,22.51,,0,informational,https://www.teamstats.net/league/yel-east-midlands-saturday,organic related_searches images
york minster engineering league,480,5,22.51,,0,navigational,https://www.teamstats.net/league/york-minster-engineering-football-league,organic related_searches images
york minster league,480,6,22.51,,0,informational,https://www.teamstats.net/league/york-minster-engineering-football-league,organic ai_overview related_searches
7 a side soccer formations,480,7,16.22,,0.009999999776482582,informational,https://www.teamstats.net/blog/the-best-7-a-side-football-formations,organic video related_searches images
burton joyce fc,480,6,16.22,,0.03999999910593033,navigational,https://www.teamstats.net/teams/football/burton-joyce,organic related_searches knowledge_graph google_reviews images
derby taverners league,480,6,16.22,,0,informational,https://www.teamstats.net/league/derby-taverners-football-league,organic related_searches images
doncaster and district junior sunday league,480,6,16.22,,0,informational,https://www.teamstats.net/league/doncaster-and-district-sunday-football-league,organic related_searches knowledge_graph google_reviews third_party_reviews images
doncaster saturday league,480,6,16.22,,0,informational,https://www.teamstats.net/league/doncaster-rovers-saturday-football-league/teams,organic related_searches images
east cheshire sunday football league,480,6,16.22,,0,informational,https://www.teamstats.net/league/east-cheshire-sunday-football-league,organic related_searches
east cheshire sunday league,480,6,16.22,,0,informational,https://www.teamstats.net/league/east-cheshire-sunday-football-league,organic related_searches
eja football,480,6,16.22,,0,informational,https://www.teamstats.net/league/eastern-junior-alliance,organic images related_searches
bydl,390,3,63.18,,0,informational,https://www.teamstats.net/league/berkshire-youth-development-league,organic ai_overview related_searches
tandridge football league,390,3,63.18,,0,informational,https://www.teamstats.net/league/tandridge-league,organic people_also_ask related_searches
berko sunday league,390,3,37.95,,0,informational,https://www.teamstats.net/league/berkhamsted-sunday-football-league,organic related_searches
bury sunday football league,390,4,37.95,,0,informational,https://www.teamstats.net/league/bury-and-district-sunday-football-league,organic people_also_ask related_searches
evesham ambassador football league,390,3,37.95,,0,informational,https://www.teamstats.net/league/ambassador-evesham-football-league,organic people_also_ask related_searches
wakefield district sunday league,390,3,37.95,,0,informational,https://www.teamstats.net/league/wakefield-and-district-sunday-league,organic related_searches
wakefield sunday league football,390,3,37.95,,0,informational,https://www.teamstats.net/league/wakefield-and-district-sunday-league,organic related_searches
wimbledon & district football league,390,3,37.95,,0,informational,https://www.teamstats.net/league/wimbledon-and-kingston-football-league,organic people_also_ask related_searches images
wimbledon and district football league,390,3,37.95,,0,informational,https://www.teamstats.net/league/wimbledon-and-kingston-football-league,organic related_searches
airdrie and coatbridge afl,390,4,25.70,,0,navigational,https://www.teamstats.net/league/airdrie-and-coatbridge-afl/teams,organic related_searches
ambassador evesham football league,390,4,25.70,,0,informational,https://www.teamstats.net/league/ambassador-evesham-football-league,organic related_searches
coors sunday football league,390,5,25.70,,0,informational,https://www.teamstats.net/league/coors-sunday-football-league,organic ai_overview related_searches
coors sunday league football,390,4,25.70,,0,informational,https://www.teamstats.net/league/coors-sunday-football-league,organic related_searches
halifax sunday football league,390,5,25.70,,0,informational,https://www.teamstats.net/league/halifax-sunday-league,organic ai_overview related_searches
halifax sunday league,390,4,25.70,,0,informational,https://www.teamstats.net/league/halifax-sunday-league,organic related_searches images
hyde and oldham league,390,5,25.70,,0,informational,https://www.teamstats.net/league/hyde-oldham-and-district-sunday-football-league,organic people_also_ask related_searches images
sunday league football leeds,390,4,25.70,2.569999933242798,0.03999999910593033,informational,https://www.teamstats.net/league/leeds-combination-association-football-league,organic people_also_ask related_searches
taunton sunday football league,390,4,25.70,1.4700000286102295,0.009999999776482582,informational,https://www.teamstats.net/teams/football/taunton,organic ai_overview related_searches
taunton sunday league,390,4,25.70,1.4700000286102295,0.009999999776482582,informational,https://www.teamstats.net/teams/football/taunton,organic ai_overview people_also_ask related_searches
wakefield and district sunday league,390,5,25.70,,0,informational,https://www.teamstats.net/league/wakefield-and-district-sunday-league,organic ai_overview related_searches
woodspring league,390,4,25.70,,0,informational,https://www.teamstats.net/league/woodspring-junior-league,organic people_also_ask related_searches images
avon youth league u15,390,5,18.29,,0,informational,https://www.teamstats.net/team/football/port-of-bristol-youth-u15,organic related_searches
coors sunday league,390,6,18.29,,0,informational,https://www.teamstats.net/league/coors-sunday-football-league,organic ai_overview related_searches
darlington sunday league,390,6,18.29,,0,informational,https://www.teamstats.net/league/darlington-sunday-invitation-league,organic ai_overview related_searches images
dsafl,390,5,18.29,,0,informational,https://www.teamstats.net/league/dumfries-sunday-amateur-league,organic related_searches images
greene king veterans league,390,5,18.29,,0,informational,https://www.teamstats.net/league/greene-king-essex-veterans-league,organic related_searches
halifax sunday league football,390,5,18.29,,0,informational,https://www.teamstats.net/teams/football/halifax,organic related_searches
hurley kings football club,390,5,18.29,0.03999999910593033,0.009999999776482582,informational,https://www.teamstats.net/team/football/hurley-kings-tanddsfl-division-two,organic images related_searches knowledge_graph google_reviews
leeds sunday league,390,5,18.29,2.569999933242798,0.03999999910593033,informational,https://www.teamstats.net/league/leeds-combination-association-football-league,organic related_searches images
mid herts youth league,390,6,18.29,,0,informational,https://www.teamstats.net/league/mid-herts-league,organic ai_overview people_also_ask related_searches
sdyfl fixtures,390,6,18.29,,0,informational,https://www.teamstats.net/league/stourbridge-and-district-youth-football-league,organic ai_overview people_also_ask related_searches
southern veterans football league,390,6,18.29,,0,informational,https://www.teamstats.net/league/southern-veterans-football-league,organic ai_overview related_searches
teesside football league,390,5,18.29,,0,informational,https://www.teamstats.net/league/teesside-junior-football-alliance-league,organic people_also_ask related_searches
teesside league,390,5,18.29,,0,informational,https://www.teamstats.net/league/teesside-junior-football-alliance-league,organic related_searches
wimbledon and district league,390,5,18.29,,0,informational,https://www.teamstats.net/league/wimbledon-and-kingston-football-league,organic related_searches images
worksop van hire league,390,5,18.29,,0,navigational,https://www.teamstats.net/league/worksop-van-hire-north-midlands-development-football-league,organic related_searches
accrington and district junior football league,390,7,13.18,,0,informational,https://www.teamstats.net/league/accrington-and-district-jfl,organic ai_overview related_searches images
accrington district junior football league,390,6,13.18,,0,informational,https://www.teamstats.net/league/accrington-and-district-jfl,organic related_searches
bnesl,390,6,13.18,,0,informational,https://www.teamstats.net/team/football/broomfield-sunday-bnesl,organic related_searches images
border am,390,6,13.18,,0,informational,https://www.teamstats.net/league/border-amateur-league,organic related_searches knowledge_graph
bsyl,390,6,13.18,,0,informational,https://www.teamstats.net/league/bristol-saturday-youth-league/about,organic people_also_ask related_searches
bury and district sunday league,390,7,13.18,,0,informational,https://www.teamstats.net/league/rochdale-bury-and-district-sunday-football-league,organic ai_overview people_also_ask related_searches
carlisle city sunday league,390,6,13.18,,0,informational,https://www.teamstats.net/league/carlisle-city-sunday-league/teams,organic related_searches
eccles sunday football league,390,7,13.18,,0,informational,https://www.teamstats.net/league/eccles-sunday-league,organic ai_overview related_searches images
warley league,320,2,51.84,,0,informational,https://www.teamstats.net/league/warley-and-district-sunday-league,organic related_searches
echo league table,320,3,31.14,,0,informational,https://www.teamstats.net/league/echo-junior-football-league,organic people_also_ask related_searches
lancaster and morecambe service to youth league,320,3,31.14,,0,navigational,https://www.teamstats.net/league/lancaster-and-morecambe-service-to-youth,organic related_searches
north glos prem,320,4,31.14,,0,informational,https://www.teamstats.net/league/north-gloucestershire-football-league-sponsor-express-windows-coleford,organic ai_overview people_also_ask related_searches
skelmersdale pool league,320,3,31.14,,0,informational,https://www.teamstats.net/league/skelmersdale-pool-league,organic related_searches
skem pool league,320,3,31.14,,0,informational,https://www.teamstats.net/league/skelmersdale-pool-league,organic related_searches
thames valley sunday football league,320,3,31.14,,0,informational,https://www.teamstats.net/teams/thames-valley-sunday-football-league-football-teams,organic people_also_ask related_searches
tuebrook jfl,320,3,31.14,,0,navigational,https://www.teamstats.net/league/tuebrook-junior-football-league/teams,organic ai_overview related_searches
coventry alliance football league,320,4,21.09,,0,informational,https://www.teamstats.net/league/the-coventry-alliance,organic
coventry alliance league,320,4,21.09,,0,informational,https://www.teamstats.net/league/the-coventry-alliance,organic
derby church league,320,4,21.09,,0,informational,https://www.teamstats.net/league/derby-church-league,organic related_searches
eja league u14,320,4,21.09,,0,informational,https://www.teamstats.net/league/eastern-junior-alliance,organic people_also_ask images related_searches
huddersfield junior football league tables,320,4,21.09,,0,informational,https://www.teamstats.net/league/huddersfield-fox-engravers-junior-football-league,organic related_searches
leighton district sunday league,320,4,21.09,,0,informational,https://www.teamstats.net/league/leighton-district-and-luton-sunday-football-league,organic people_also_ask related_searches
leighton sunday league,320,4,21.09,,0,informational,https://www.teamstats.net/league/leighton-district-and-luton-sunday-football-league,organic ai_overview related_searches
mid cheshire youth football league,320,4,21.09,,0,informational,https://www.teamstats.net/league/mid-cheshire-youth-football-league,organic people_also_ask images related_searches
sfl london,320,5,21.09,,0,navigational,https://www.teamstats.net/league/sfl-london,organic ai_overview video related_searches images
sunderland over 40 football,320,4,21.09,,0,informational,https://www.teamstats.net/league/sunderland-and-district-sunderland-mill-view-social-club-over-40s-league,organic people_also_ask related_searches
swinburne maddison league,320,4,21.09,,0,informational,https://www.teamstats.net/league/the-swinburne-maddison-durham-sunday-football-league/match-reports,organic people_also_ask related_searches
thames valley sunday league,320,4,21.09,,0,informational,https://www.teamstats.net/league/thames-valley-sunday-football-league/match-reports,organic related_searches
yel saturday u13,320,5,21.09,,0,informational,https://www.teamstats.net/league/yel-east-midlands-saturday/teams,organic ai_overview related_searches
avon youth league u14,320,5,15.01,,0,informational,https://www.teamstats.net/team/football/port-of-bristol-youth-u14-green,organic people_also_ask related_searches
ballyvea fc,320,6,15.01,,0,informational,https://www.teamstats.net/team/football/ballyvea-fc,organic images short_videos people_also_ask related_searches knowledge_graph google_reviews
blackpool and district youth league,320,5,15.01,,0,informational,https://www.teamstats.net/league/blackpool-and-district-youth-football-league/teams,organic related_searches
castle combe colts fc,320,5,15.01,,0.019999999552965164,navigational,https://www.teamstats.net/team/football/castle-combe-colts-fc-u7-white,organic related_searches knowledge_graph google_reviews third_party_reviews images
chester and district junior football league,320,5,15.01,,0,informational,https://www.teamstats.net/league/chester-and-district-junior-football-league,organic related_searches
doncaster junior league,320,5,15.01,,0,informational,https://www.teamstats.net/league/doncaster-and-district-junior-football-league,organic people_also_ask related_searches knowledge_graph google_reviews third_party_reviews
empal league,320,5,15.01,,0,informational,https://www.teamstats.net/league/east-midlands-public-authorities-league,organic people_also_ask related_searches images
fa garforth league,320,5,15.01,,0,informational,https://www.teamstats.net/leagues,organic people_also_ask related_searches
football clubs in mexico city,320,7,15.01,,0,informational,https://www.teamstats.net/teams/football/mexico-city,ai_overview organic people_also_ask related_searches images
halewood and merseyside jfl,320,5,15.01,,0,navigational,https://www.teamstats.net/league/merseyside-and-halewood-jfl,organic people_also_ask related_searches
hampshire ladies football league,320,5,15.01,,0,informational,https://www.teamstats.net/league/hampshire-county-womens-football-league,organic related_searches
mexico city football clubs,320,7,15.01,,0,informational,https://www.teamstats.net/teams/football/mexico-city,ai_overview organic people_also_ask related_searches images
norfolk & suffolk veterans league,320,5,15.01,,0,informational,https://www.teamstats.net/league/norfolk-and-suffolk-veterans-league,organic related_searches
oakbourne league,320,5,15.01,,0,informational,https://www.teamstats.net/league/oakbourne-and-coronation-football-league,organic related_searches
pdpl league,320,5,15.01,,0,informational,https://www.teamstats.net/leagues,organic related_searches
peterborough youth league,320,7,15.01,,0,informational,https://www.teamstats.net/league/peterborough-and-district-junior-alliance-fa-accredited-league,organic ai_overview people_also_ask related_searches
scotland road jfl,320,6,15.01,,0,navigational,https://www.teamstats.net/league/scotland-road-and-district-junior-football-league,organic ai_overview related_searches images
soccer teams in mexico city,320,7,15.01,,0,informational,https://www.teamstats.net/teams/football/mexico-city,ai_overview organic people_also_ask related_searches
solihull oakbourne,320,5,15.01,,0,navigational,https://www.teamstats.net/league/oakbourne-and-coronation-football-league,organic related_searches knowledge_graph google_reviews
south lancashire football league,320,5,15.01,,0,informational,https://www.teamstats.net/league/south-lancashire-counties-football-league,organic related_searches images
southport and district football league,320,5,15.01,,0,informational,https://www.teamstats.net/league/southport-and-district-amateur-football-league,organic people_also_ask related_searches
west midlands christian league,320,6,15.01,,0,informational,https://www.teamstats.net/league/west-midlands-christian-league,organic ai_overview people_also_ask related_searches images
wigan amateur league,320,5,15.01,,0,informational,https://www.teamstats.net/league/the-dave-orrell-wigan-and-district-amateur-league,organic people_also_ask related_searches
winton yanited league table,320,6,15.01,,0,informational,https://www.teamstats.net/team/football/winton-wanderers-u18-yanited,organic people_also_ask related_searches images
aafa aberdeen,320,6,10.82,,0,informational,https://www.teamstats.net/league/aberdeenshire-amatuer-football-association,organic related_searches knowledge_graph
beechfield united football club,320,6,10.82,,0.019999999552965164,navigational,https://www.teamstats.net/team/football/beechfield-united-beechfield-storm-u13s,organic people_also_ask related_searches knowledge_graph google_reviews images
bolton bury district league,320,6,10.82,,0,informational,https://www.teamstats.net/league/bolton-bury-and-district-football-league,organic people_also_ask related_searches
doncaster district league,320,6,10.82,,0,informational,https://www.teamstats.net/league/doncaster-and-district-sunday-football-league,organic related_searches knowledge_graph google_reviews third_party_reviews images
eja u16,320,6,10.82,,0,informational,https://www.teamstats.net/league/eastern-junior-alliance,organic related_searches
eldon celtic,320,7,10.82,,0,navigational,https://www.teamstats.net/team/football/eldon-celtic-juniors-u15-elite-ph,organic video related_searches images
bradford sunday league,260,2,42.12,2.880000114440918,0.029999999329447746,informational,https://www.teamstats.net/league/bradford-sunday-alliance-football-league,organic ai_overview related_searches
csfa league,260,2,42.12,,0,informational,https://www.teamstats.net/league/csfa,organic related_searches images
mexborough and district sunday league,260,3,25.30,,0,informational,https://www.teamstats.net/league/mexborough-and-district-sunday-league,organic people_also_ask images related_searches
over 35 wragg league,260,3,25.30,,0,informational,https://www.teamstats.net/league/the-wragg-football-league,organic people_also_ask related_searches
paisley and district youth football,260,3,25.30,,0,informational,https://www.teamstats.net/league/paisley-johnstone-and-district-youth-football-league,organic related_searches images
sunday league bradford,260,5,25.30,2.880000114440918,0.029999999329447746,informational,https://www.teamstats.net/league/bradford-sunday-alliance-football-league,organic ai_overview people_also_ask related_searches images
warley and district sunday league,260,3,25.30,,0,informational,https://www.teamstats.net/league/warley-and-district-sunday-league,organic ai_overview images related_searches
wragg league over 35s,260,4,25.30,,0,informational,https://www.teamstats.net/league/the-wragg-football-league,organic ai_overview related_searches
wragg over 35 league,260,3,25.30,,0,informational,https://www.teamstats.net/league/the-wragg-football-league,organic people_also_ask related_searches
wragg over 35 league sheffield,260,4,25.30,,0,informational,https://www.teamstats.net/league/the-wragg-football-league,organic ai_overview related_searches
east midlands public authorities league,260,4,17.13,,0,navigational,https://www.teamstats.net/league/east-midlands-public-authorities-league,organic related_searches images
football teams in bradford,260,6,17.13,2.0299999713897705,0.05000000074505806,informational,https://www.teamstats.net/teams/football/bradford,ai_overview organic people_also_ask related_searches images
hexham district sunday league,260,4,17.13,,0,informational,https://www.teamstats.net/team/football/hexham-hearts,organic related_searches
mexborough district sunday league,260,4,17.13,,0,informational,https://www.teamstats.net/league/mexborough-and-district-sunday-league,organic people_also_ask related_searches
nsjyl full time,260,5,17.13,,0,navigational,https://www.teamstats.net/league/north-staffs-junior-youth-league,organic ai_overview people_also_ask related_searches
paisley and district youth football league,260,4,17.13,,0,informational,https://www.teamstats.net/league/paisley-johnstone-and-district-youth-football-league,organic related_searches
rochdale and bury sunday league,260,4,17.13,,0.009999999776482582,informational,https://www.teamstats.net/league/rochdale-bury-and-district-sunday-football-league,organic people_also_ask related_searches
stourbridge district youth football league,260,4,17.13,,0,informational,https://www.teamstats.net/league/stourbridge-and-district-youth-football-league,organic people_also_ask related_searches
tuebrook league,260,4,17.13,,0,informational,https://www.teamstats.net/league/tuebrook-junior-football-league,organic related_searches
walton and kirkdale league,260,4,17.13,,0,informational,https://www.teamstats.net/league/walton-and-kirkdale-jfl,organic people_also_ask related_searches
avon youth league u12,260,5,12.19,,0,informational,https://www.teamstats.net/league/avon-youth-league,organic
barrow and district junior football league,260,6,12.19,,0,informational,https://www.teamstats.net/league/barrow-and-district-junior-football-league/match-reports,organic ai_overview related_searches
cheshire veterans league,260,5,12.19,,0,informational,https://www.teamstats.net/league/cheshire-veterans-football-league,organic people_also_ask related_searches images
chesterfield and district sunday league,260,7,12.19,,0,informational,https://www.teamstats.net/league/chesterfield-and-district-sunday-football-league,organic twitter people_also_ask related_searches
ddyfa fixtures,260,5,12.19,,0,transactional,https://www.teamstats.net/league/ddyfa,organic related_searches
ddyfa league,260,5,12.19,,0,informational,https://www.teamstats.net/league/ddyfa,organic related_searches
eja league u16,260,5,12.19,,0,informational,https://www.teamstats.net/league/eastern-junior-alliance,organic people_also_ask related_searches
ersda league,260,5,12.19,,0,informational,https://www.teamstats.net/league/ersda,organic related_searches
gosport fareham solent league,260,6,12.19,,0.009999999776482582,informational,https://www.teamstats.net/league/gosport-fareham-and-solent-football-league/teams,organic ai_overview related_searches
high wycombe sunday football league,260,5,12.19,,0,informational,https://www.teamstats.net/league/high-wycombe-sunday-football-combination,organic related_searches
high wycombe sunday league,260,6,12.19,,0,informational,https://www.teamstats.net/league/high-wycombe-sunday-football-combination,organic ai_overview people_also_ask related_searches images
jmp westmorland league,260,6,12.19,,0,informational,https://www.teamstats.net/league/jmp-foodservice-westmorland-association-football-league,organic ai_overview people_also_ask related_searches
junior alliance league peterborough,260,5,12.19,,0,navigational,https://www.teamstats.net/league/peterborough-and-district-junior-alliance-fa-accredited-league,organic related_searches
plymouth and west devon football league,260,5,12.19,,0,informational,https://www.teamstats.net/league/plymouth-and-west-devon-football-league,organic related_searches images
plymouth sunday league,260,5,12.19,2.9100000858306885,0.009999999776482582,informational,https://www.teamstats.net/league/plymouth-and-west-devon-football-league,organic people_also_ask related_searches
wharfedale triangle league,260,5,12.19,,0,informational,https://www.teamstats.net/league/the-wharfedale-triangle-league,organic people_also_ask images related_searches
birmingham festival league,260,7,8.79,,0,informational,https://www.teamstats.net/league/birmingham-festival-league,organic ai_overview people_also_ask related_searches
blackpool district league,260,6,8.79,,0,informational,https://www.teamstats.net/league/blackpool-and-district-youth-football-league,organic related_searches
braintree sunday league football,260,7,8.79,,0,informational,https://www.teamstats.net/league/braintree-and-north-essex-sunday-league,organic ai_overview related_searches
crowborough and district league,260,7,8.79,,0,informational,https://www.teamstats.net/league/crowborough-and-district-junior-football-league,organic ai_overview related_searches
drayton grange football club,260,6,8.79,,0.019999999552965164,navigational,https://www.teamstats.net/team/football/daventry-drayton-grange,organic people_also_ask related_searches knowledge_graph google_reviews third_party_reviews images
eastham district league,260,6,8.79,,0,informational,https://www.teamstats.net/league/eastham-and-district-junior-and-mini-soccer,organic related_searches
teamstat,210,1,63.84,,0,informational,https://www.teamstats.net/,organic people_also_ask twitter related_searches
teamstats,210,1,63.84,,0,informational,https://www.teamstats.net/,organic perspectives related_searches knowledge_graph google_reviews third_party_reviews
burnley sunday league,210,3,20.43,0.7699999809265137,0.009999999776482582,informational,https://www.teamstats.net/league/burnley-and-district-sunday-league,organic people_also_ask related_searches
chiltern church league,210,3,20.43,,0,informational,https://www.teamstats.net/league/chiltern-church-junior-league,organic ai_overview related_searches
fa grassroots football league tables,210,3,20.43,,0,informational,https://www.teamstats.net/leagues,organic related_searches images
fa under 13 league table,210,5,20.43,,0,informational,https://www.teamstats.net/leagues,ai_overview organic people_also_ask related_searches images
milton keynes development league,210,4,20.43,,0,informational,https://www.teamstats.net/league/the-milton-keynes-and-district-development-league,ai_overview organic people_also_ask related_searches
milton keynes district development league,210,4,20.43,,0,informational,https://www.teamstats.net/league/the-milton-keynes-and-district-development-league,organic ai_overview people_also_ask related_searches
peterlee and district sunday league,210,3,20.43,,0,informational,https://www.teamstats.net/league/peterlee-and-district-sunday-league/match-reports,organic related_searches images
tamworth and district sunday football league,210,3,20.43,,0,informational,https://www.teamstats.net/league/tamworth-and-district-sunday-football-league,organic ai_overview related_searches
tamworth and district sunday league,210,3,20.43,,0,informational,https://www.teamstats.net/league/tamworth-and-district-sunday-football-league,organic ai_overview people_also_ask related_searches
tamworth district sunday league,210,3,20.43,,0,informational,https://www.teamstats.net/league/tamworth-and-district-sunday-football-league,organic ai_overview people_also_ask related_searches
tjfa results,210,3,20.43,,0,informational,https://www.teamstats.net/league/teesside-junior-football-alliance-league,organic people_also_ask related_searches
totteridge fc,210,3,20.43,,0,navigational,https://www.teamstats.net/team/football/totteridge-fc-yellows,organic people_also_ask related_searches knowledge_graph google_reviews images
totteridge football club,210,3,20.43,,0,navigational,https://www.teamstats.net/team/football/totteridge-fc-yellows,organic people_also_ask related_searches knowledge_graph google_reviews images
u12 football rules,210,5,20.43,,0,informational,https://www.teamstats.net/football-coaching/under-12/rules,ai_overview organic people_also_ask related_searches images
west herts football league,210,3,20.43,,0,informational,https://www.teamstats.net/league/west-herts-youth-league,organic related_searches images
wolves sunday league,210,3,20.43,,0,informational,https://www.teamstats.net/league/wolverhampton-and-district-sunday-league,organic discussions_and_forums related_searches images
afyfc league,210,4,13.84,,0,informational,https://www.teamstats.net/league/afyfc,organic related_searches
avon youth league u13,210,4,13.84,,0,informational,https://www.teamstats.net/league/avon-youth-league,organic people_also_ask related_searches
bjfl fixtures,210,4,13.84,,0,informational,https://www.teamstats.net/league/burton-junior-football-league,organic people_also_ask related_searches
crewe regional sunday league,210,4,13.84,,0,informational,https://www.teamstats.net/league/crewe-regional-sunday-league,organic related_searches images
edge hill jfl,210,4,13.84,,0,navigational,https://www.teamstats.net/league/edge-hill-junior-football-league,organic related_searches
edgehill jfl,210,4,13.84,,0,informational,https://www.teamstats.net/league/edge-hill-junior-football-league,organic related_searches
edinburgh church league,210,4,13.84,,0,informational,https://www.teamstats.net/league/edinburgh-churches-football-association,organic related_searches
edinburgh churches league,210,4,13.84,,0,informational,https://www.teamstats.net/league/edinburgh-churches-football-association,organic related_searches
heywood mini soccer league,210,4,13.84,,0,informational,https://www.teamstats.net/league/heywood-sports-village-mini-soccer-league,organic related_searches
milton keynes and district development league,210,5,13.84,,0,informational,https://www.teamstats.net/league/the-milton-keynes-and-district-development-league,organic ai_overview related_searches
nbjfl full time,210,4,13.84,,0,informational,https://www.teamstats.net/league/north-bury-junior-football-league,organic people_also_ask related_searches
nbjfl full-time,210,5,13.84,,0,informational,https://www.teamstats.net/league/north-bury-junior-football-league,organic people_also_ask related_searches
nether green fc,210,4,13.84,,0.019999999552965164,navigational,https://www.teamstats.net/team/football/nether-green-blues,organic related_searches knowledge_graph google_reviews images
northumberland football league tables,210,4,13.84,,0,informational,https://www.teamstats.net/league/northumberland-football-league,organic related_searches
tameside vets league,210,4,13.84,,0,informational,https://www.teamstats.net/league/tameside-football-league,organic related_searches
tuebrook junior football league,210,4,13.84,,0,informational,https://www.teamstats.net/league/tuebrook-junior-football-league/teams,organic related_searches
wallasey junior league,210,4,13.84,,0,informational,https://www.teamstats.net/league/wallasey-junior-league,organic ai_overview people_also_ask related_searches
yel saturday fixtures,210,5,13.84,,0,informational,https://www.teamstats.net/league/yel-east-midlands-saturday,organic ai_overview people_also_ask related_searches
accrington and district jfl,210,5,9.85,,0,navigational,https://www.teamstats.net/league/accrington-and-district-jfl,organic related_searches
boston and district football league,210,5,9.85,,0,informational,https://www.teamstats.net/league/boston-workforce-unlimited-saturday-league,organic people_also_ask
huddersfield jfl fixtures,210,5,9.85,,0,informational,https://www.teamstats.net/league/huddersfield-fox-engravers-junior-football-league,organic people_also_ask related_searches
huddersfield junior football league fixtures,210,5,9.85,,0,informational,https://www.teamstats.net/league/huddersfield-fox-engravers-junior-football-league,organic related_searches
huddersfield junior league fixtures,210,5,9.85,,0,informational,https://www.teamstats.net/league/huddersfield-fox-engravers-junior-football-league,organic related_searches
kent valley junior football league,210,6,9.85,,0,informational,https://www.teamstats.net/league/kent-valley-junior-football-league/teams,organic images related_searches
leonard stanley fc,210,5,9.85,,0.029999999329447746,navigational,https://www.teamstats.net/team/football/leonard-stanley-sharks-youth-u13-colts,organic related_searches knowledge_graph google_reviews images
manchester flexi league,210,5,9.85,,0,informational,https://www.teamstats.net/league/manchester-womens-flexi-league,organic related_searches images
mmsfl,210,5,9.85,,0,informational,https://www.teamstats.net/league/mmsfl,organic people_also_ask related_searches
north london youth football league,210,6,9.85,,0.009999999776482582,informational,https://www.teamstats.net/league/north-london-youth-football-league,organic ai_overview related_searches images
oafa orkney,210,5,9.85,,0,navigational,https://www.teamstats.net/league/orkney-amateur-football-association,organic related_searches
ogfl,210,6,9.85,,0,informational,https://www.teamstats.net/league/oxfordshire-girls-football-league,organic ai_overview related_searches images
perry street football league,210,5,9.85,,0,informational,https://www.teamstats.net/league/perry-street-and-district-league,organic related_searches images
plymouth and west devon league,210,5,9.85,,0,informational,https://www.teamstats.net/league/plymouth-and-west-devon-football-league,organic people_also_ask related_searches images
radley football club,210,6,9.85,,0.029999999329447746,informational,https://www.teamstats.net/team/football/radley-youth-fc-u12s,organic people_also_ask related_searches knowledge_graph google_reviews images
scotland road league,210,5,9.85,,0,informational,https://www.teamstats.net/league/scotland-road-and-district-junior-football-league,organic people_also_ask related_searches
surrey south eastern combination junior division 2,210,5,9.85,,0,informational,https://www.teamstats.net/league/surrey-south-eastern-combination,organic related_searches
wragg league over 45s,210,5,9.85,,0,informational,https://www.teamstats.net/team/football/sheffield-fc-veterans-over-45s,organic related_searches
brentwood league u13,210,6,7.10,,0,informational,https://www.teamstats.net/team/football/brentwood-town-u13,organic people_also_ask related_searches
callowbrook swifts,210,6,7.10,,0.029999999329447746,navigational,https://www.teamstats.net/team/football/callowbrook-swifts-u9-saturday,organic people_also_ask related_searches knowledge_graph google_reviews third_party_reviews images
cambuslang colts,210,7,7.10,,0,informational,https://www.teamstats.net/team/football/cambuslang-colts,organic ai_overview related_searches images
chesterfield sunday league full time,210,6,7.10,,0,informational,https://www.teamstats.net/league/chesterfield-and-district-sunday-football-league,organic related_searches
crofts league,210,6,7.10,,0,informational,https://www.teamstats.net/league/crofts-estate-agents-youth-football-league/teams,organic related_searches
east herts corinthian sunday football league,210,6,7.10,,0,informational,https://www.teamstats.net/league/east-herts-corinthian-sunday-football-league,organic people_also_ask related_searches images
emerson valley fc,210,6,7.10,,0.009999999776482582,informational,https://www.teamstats.net/team/football/emerson-valley-fc-u12-spartans,organic related_searches knowledge_graph google_reviews images
team stats,170,1,51.68,,0,informational,https://www.teamstats.net/,organic top_stories related_searches knowledge_graph google_reviews third_party_reviews
cambridge sunday league,170,2,27.54,,0.029999999329447746,informational,https://www.teamstats.net/league/cambridge-and-district-sunday-league,organic ai_overview people_also_ask related_searches
warley football league,170,2,27.54,,0,informational,https://www.teamstats.net/league/warley-and-district-sunday-league,organic people_also_ask related_searches
watford friendly league table,170,2,27.54,,0,informational,https://www.teamstats.net/league/watford-friendly-league,organic related_searches
west herts youth league 25 26,170,2,27.54,,0,informational,https://www.teamstats.net/league/west-herts-youth-league,organic ai_overview related_searches
west herts youth league 25/26,170,2,27.54,,0,informational,https://www.teamstats.net/league/west-herts-youth-league,organic ai_overview related_searches
ballymena saturday morning league,170,3,16.54,,0,informational,https://www.teamstats.net/league/ballymena-saturday-morning-league,organic people_also_ask related_searches
best 7 a side football formation,170,4,16.54,,0,informational,https://www.teamstats.net/blog/the-best-7-a-side-football-formations,ai_overview organic people_also_ask video related_searches images
cljfl fa full time,170,4,16.54,,0,informational,https://www.teamstats.net/league/central-lancashire-junior-football-league,ai_overview organic people_also_ask related_searches
dawfl,170,3,16.54,,0,informational,https://www.teamstats.net/league/dawfl,organic related_searches images
mid cheshire youth league fixtures,170,3,16.54,,0,informational,https://www.teamstats.net/league/mid-cheshire-youth-football-league,organic people_also_ask related_searches
wragg over 35,170,4,16.54,,0,informational,https://www.teamstats.net/league/the-wragg-football-league,organic ai_overview related_searches
best 7 a side formations,170,7,11.20,,0,informational,https://www.teamstats.net/blog/the-best-7-a-side-football-formations,ai_overview organic people_also_ask video discussions_and_forums related_searches images
cambs sunday league football,170,4,11.20,,0,informational,https://www.teamstats.net/league/cambridge-and-district-sunday-league,organic related_searches
coatbridge football club,170,5,11.20,,0,navigational,https://www.teamstats.net/teams/football/coatbridge,organic people_also_ask video short_videos related_searches knowledge_graph google_reviews third_party_reviews images
cssfl,170,5,11.20,,0,informational,https://www.teamstats.net/league/cssfl/about,organic ai_overview related_searches images
gloucestershire veterans league,170,4,11.20,,0,informational,https://www.teamstats.net/league/gloucestershire-fa-veterans-league,organic related_searches
hull and district youth football league table,170,4,11.20,,0,informational,https://www.teamstats.net/league/hull-and-district-youth-football-league-and-cup,organic ai_overview related_searches
hyde and oldham sunday league,170,5,11.20,,0,informational,https://www.teamstats.net/league/hyde-oldham-and-district-sunday-football-league,organic ai_overview related_searches
leatherhead and district,170,5,11.20,,0,navigational,https://www.teamstats.net/league/leatherhead-and-district-sunday-football-league/teams,organic ai_overview people_also_ask related_searches
paisley and johnstone 2011,170,4,11.20,,0,informational,https://www.teamstats.net/league/paisley-johnstone-and-district-youth-football-league,organic people_also_ask related_searches
sdjfl full time,170,4,11.20,,0,informational,https://www.teamstats.net/league/sheffield-and-district-junior-league,organic people_also_ask related_searches
sheffield junior league tables,170,5,11.20,,0,informational,https://www.teamstats.net/league/sheffield-and-district-junior-sunday-league,organic people_also_ask related_searches
sunday league cambridge,170,5,11.20,,0.029999999329447746,informational,https://www.teamstats.net/league/cambridge-and-district-sunday-league,organic ai_overview related_searches
sunday league preston,170,5,11.20,,0.009999999776482582,informational,https://www.teamstats.net/team/football/afc-preston-premier,organic twitter related_searches
swinburne maddison sunday league,170,4,11.20,,0,informational,https://www.teamstats.net/league/the-swinburne-maddison-durham-sunday-football-league/swinburne-maddison-premier-division/results,organic related_searches
team statistics,170,4,11.20,,0,informational,https://www.teamstats.net/,organic people_also_ask related_searches images
weetabix youth football league,170,4,11.20,,0,informational,https://www.teamstats.net/league/weetabix-youth-league/about,organic people_also_ask related_searches images
wragg over 35s,170,4,11.20,,0,informational,https://www.teamstats.net/league/the-wragg-football-league,organic related_searches
wragg over 45 league,170,5,11.20,,0,informational,https://www.teamstats.net/team/football/sheffield-fc-veterans-over-45s,organic ai_overview related_searches
abbey lane fc,170,5,7.97,,0.019999999552965164,navigational,https://www.teamstats.net/team/football/abbey-lane-fc-u14,organic related_searches images
bolton and bury junior football league,170,5,7.97,,0.009999999776482582,informational,https://www.teamstats.net/league/bolton-bury-and-district-football-league,organic related_searches
bristol suburban league full time,170,5,7.97,,0,informational,https://www.teamstats.net/league/bristol-and-suburban-league,organic people_also_ask related_searches
bristol suburban league full-time,170,5,7.97,,0,informational,https://www.teamstats.net/league/bristol-and-suburban-league,organic people_also_ask related_searches
bury and bolton junior football league,170,5,7.97,,0.009999999776482582,informational,https://www.teamstats.net/league/bolton-bury-and-district-football-league,organic related_searches
bury junior football league,170,5,7.97,,0,informational,https://www.teamstats.net/league/north-bury-junior-football-league/teams,organic related_searches
central warwickshire football league over 35s,170,6,7.97,,0,informational,https://www.teamstats.net/league/central-warwickshire-over-35s-football-league,organic ai_overview people_also_ask related_searches
central warwickshire over 35's football league,170,5,7.97,,0,informational,https://www.teamstats.net/league/central-warwickshire-over-35s-football-league,organic related_searches
clonduff fc,170,5,7.97,,0,navigational,https://www.teamstats.net/team/football/clonduff,organic related_searches images
clyfa 2009,170,5,7.97,,0,informational,https://www.teamstats.net/league/central-lanarkshire-youth-football-association,organic related_searches
consett sunday league,170,6,7.97,,0,informational,https://www.teamstats.net/league/the-cm-flooring-consett-and-district-sunday-league/the-cm-flooring-consett-sunday-league/league-table,organic ai_overview related_searches images
cowie thistle afc,170,7,7.97,,0,informational,https://www.teamstats.net/team/football/cowie-thistle,organic twitter video related_searches images
csfa football,170,5,7.97,,0,informational,https://www.teamstats.net/league/csfa,organic people_also_ask related_searches
derby taverners sunday football league,170,5,7.97,,0,informational,https://www.teamstats.net/league/derby-taverners-football-league,organic people_also_ask related_searches
geneva football teams,170,6,7.97,,0,informational,https://www.teamstats.net/teams/football/geneva,organic people_also_ask related_searches knowledge_graph
inishowen football league,170,5,7.97,,0,informational,https://www.teamstats.net/league/inishowen-football-league,organic people_also_ask video related_searches images
leicestershire midweek floodlit youth league,170,5,7.97,,0,informational,https://www.teamstats.net/league/leicestershire-midweek-floodlit-youth-league,organic related_searches
mauritius football clubs,170,7,7.97,,0,informational,https://www.teamstats.net/teams/football/mauritius,organic ai_overview people_also_ask related_searches images
paisley and johnstone district youth football league,170,5,7.97,,0,informational,https://www.teamstats.net/league/paisley-johnstone-and-district-youth-football-league,organic related_searches
paisley and johnstone youth football league,170,5,7.97,,0,informational,https://www.teamstats.net/league/paisley-johnstone-and-district-youth-football-league,organic related_searches
radley youth fc,170,5,7.97,,0.019999999552965164,informational,https://www.teamstats.net/team/football/radley-youth-fc-u12s,organic related_searches knowledge_graph google_reviews
sunday league football cambridge,170,5,7.97,,0.029999999329447746,informational,https://www.teamstats.net/league/cambridge-and-district-sunday-league,organic related_searches
surrey primary league full time,170,5,7.97,,0,informational,https://www.teamstats.net/league/surrey-primary-league,organic related_searches
thanet vets league,170,5,7.97,,0,informational,https://www.teamstats.net/league/the-len-martin-thanet-and-district-football-league,organic people_also_ask images related_searches
thurlow nunn youth league full time,170,5,7.97,,0,informational,https://www.teamstats.net/league/thurlow-nunn-youth-football-league,organic related_searches
thurlow nunn youth league full-time,170,5,7.97,,0,informational,https://www.teamstats.net/league/thurlow-nunn-youth-football-league,organic related_searches
tjfa football,170,5,7.97,,0,informational,https://www.teamstats.net/league/teesside-junior-football-alliance-league,organic people_also_ask related_searches knowledge_graph google_reviews third_party_reviews images
uttoxeter and district sunday league,170,6,7.97,,0,informational,https://www.teamstats.net/league/uttoxeter-and-district-sunday-league,organic ai_overview related_searches images
wmcfl,170,5,7.97,,0,navigational,https://www.teamstats.net/league/west-midlands-christian-league,organic people_also_ask related_searches
yel sunday u13,170,5,7.97,,0,informational,https://www.teamstats.net/league/yel-east-midlands-sunday,organic people_also_ask related_searches
adjfl full time,170,7,5.75,,0,informational,https://www.teamstats.net/league/accrington-and-district-jfl,organic ai_overview related_searches
afc newbury,170,6,5.75,,0,navigational,https://www.teamstats.net/team/football/afc-newbury-boys-and-girls-u10-red,organic related_searches images
airedale fc,170,6,5.75,,0.009999999776482582,navigational,https://www.teamstats.net/team/football/airedale-fc-u7-u8-black-autumn,organic people_also_ask related_searches knowledge_graph google_reviews images
avon youth league u16,170,6,5.75,,0,informational,https://www.teamstats.net/team/football/port-of-bristol-youth-u16-purple,organic people_also_ask related_searches
best 7-a-side formation,170,10,5.75,,0,informational,https://www.teamstats.net/blog/the-best-7-a-side-football-formations,ai_overview organic people_also_ask video discussions_and_forums related_searches
braintree & north essex sunday league,170,6,5.75,,0,informational,https://www.teamstats.net/league/braintree-and-north-essex-sunday-league,organic people_also_ask related_searches images
braintree and north essex sunday league,170,6,5.75,,0,informational,https://www.teamstats.net/league/braintree-and-north-essex-sunday-league,organic
brentwood league u15,170,7,5.75,,0,informational,https://www.teamstats.net/league/bcfa-youth-league,organic ai_overview related_searches
brinsworth whitehill jfc,170,6,5.75,,0,informational,https://www.teamstats.net/team/football/brinsworth-whitehill-jfc-u13,organic related_searches knowledge_graph google_reviews images
cambridge sunday football league,170,6,5.75,,0.029999999329447746,informational,https://www.teamstats.net/league/cambridge-and-district-sunday-league,organic people_also_ask related_searches
clonduff football club,170,6,5.75,,0,informational,https://www.teamstats.net/team/football/clonduff,organic images related_searches knowledge_graph google_reviews
coalpit heath fc,170,6,5.75,,0.029999999329447746,informational,https://www.teamstats.net/team/football/coalpit-heath-youth-u17-coalpit-heath,organic related_searches knowledge_graph google_reviews images
coatbridge football teams,170,8,5.75,,0,informational,https://www.teamstats.net/teams/football/coatbridge,ai_overview organic people_also_ask video related_searches knowledge_graph google_reviews third_party_reviews images
derby taverners sunday league,170,6,5.75,,0,informational,https://www.teamstats.net/league/derby-taverners-football-league,organic related_searches
croydon municipal sunday football league,140,1,42.56,,0,informational,https://www.teamstats.net/league/croydon-municipal-sunday-football-league/teams,organic ai_overview related_searches
pdsl league,140,2,22.68,,0,informational,https://www.teamstats.net/league/peterlee-and-district-sunday-league/match-reports,organic people_also_ask related_searches
westland ym fc,140,3,22.68,,0,informational,https://www.teamstats.net/team/football/westland-ym,organic ai_overview people_also_ask images related_searches
ankara football club,140,6,13.62,,0,informational,https://www.teamstats.net/teams/football/ankara,ai_overview organic people_also_ask images related_searches
fa under 12 league table,140,4,13.62,,0,informational,https://www.teamstats.net/leagues,ai_overview organic people_also_ask related_searches
hbsfl,140,4,13.62,,0,informational,https://www.teamstats.net/league/hbsfl,organic ai_overview related_searches
hillsprint football league,140,3,13.62,,0,informational,https://www.teamstats.net/league/hillsprint-hambleton-football-combination,organic people_also_ask related_searches
midsomer norton youth league,140,3,13.62,,0,informational,https://www.teamstats.net/league/midsomer-norton-and-district-youth-football-league,organic ai_overview related_searches
mkddl full time,140,3,13.62,,0,navigational,https://www.teamstats.net/league/the-milton-keynes-and-district-development-league,organic people_also_ask related_searches
warren park rangers,140,3,13.62,,0.009999999776482582,informational,https://www.teamstats.net/team/football/warren-park-rangers-warren-park-rangers,organic people_also_ask related_searches knowledge_graph google_reviews third_party_reviews images
watford friendly league u12,140,3,13.62,,0,informational,https://www.teamstats.net/league/watford-friendly-league,organic people_also_ask related_searches
watford friendly league u13,140,3,13.62,,0,informational,https://www.teamstats.net/league/watford-friendly-league,organic related_searches
westland young men,140,4,13.62,,0,informational,https://www.teamstats.net/team/football/westland-ym,organic ai_overview related_searches
wolverhampton and district sunday football league,140,3,13.62,,0,informational,https://www.teamstats.net/league/wolverhampton-and-district-sunday-league,organic related_searches
wolverhampton and district sunday league,140,3,13.62,,0,informational,https://www.teamstats.net/league/wolverhampton-and-district-sunday-league,organic related_searches
wolverhampton district sunday league,140,3,13.62,,0,informational,https://www.teamstats.net/league/wolverhampton-and-district-sunday-league,organic related_searches
ankara football clubs,140,6,9.23,,0,informational,https://www.teamstats.net/teams/football/ankara,ai_overview people_also_ask organic images related_searches
blades super draw sunday sports league,140,4,9.23,,0,informational,https://www.teamstats.net/team/football/wadsley-bridge-sixers,organic related_searches
bradford alliance league,140,4,9.23,,0,informational,https://www.teamstats.net/league/bradford-sunday-alliance-football-league,organic people_also_ask related_searches
croydon municipal sunday league,140,4,9.23,,0,informational,https://www.teamstats.net/league/croydon-municipal-sunday-football-league/teams,organic people_also_ask related_searches
darlington sunday invitation league,140,4,9.23,,0,informational,https://www.teamstats.net/league/darlington-sunday-invitation-league,organic related_searches images
echo league u14,140,4,9.23,,0,informational,https://www.teamstats.net/team/football/london-soccer-stars-fc-u14-echo,organic people_also_ask related_searches
edge hill junior football league,140,4,9.23,,0,informational,https://www.teamstats.net/league/edge-hill-junior-football-league,organic related_searches images
manchester women's flexi league,140,4,9.23,,0,informational,https://www.teamstats.net/league/manchester-womens-flexi-league,organic related_searches images
manchester women's flexi-league,140,4,9.23,,0,informational,https://www.teamstats.net/league/manchester-womens-flexi-league,organic related_searches
paisley johnstone and district 2011,140,4,9.23,,0,informational,https://www.teamstats.net/league/paisley-johnstone-and-district-youth-football-league,organic images related_searches
park farm rangers,140,5,9.23,,0.009999999776482582,informational,https://www.teamstats.net/team/football/park-farm-rangers-under-10-development-division-d,organic people_also_ask related_searches google_reviews knowledge_graph
rochdale bury sunday league,140,4,9.23,,0,informational,https://www.teamstats.net/league/rochdale-bury-and-district-sunday-football-league,organic people_also_ask related_searches
sfl london league,140,4,9.23,,0,informational,https://www.teamstats.net/league/sfl-london,organic people_also_ask related_searches images
sfl youth league,140,5,9.23,,0,informational,https://www.teamstats.net/league/sfl-london,organic ai_overview people_also_ask related_searches
stanford in the vale fc,140,4,9.23,,0.009999999776482582,informational,https://www.teamstats.net/teams/football/stanford-in-the-vale,organic people_also_ask related_searches knowledge_graph google_reviews
sunday league football rotherham,140,4,9.23,,0.009999999776482582,informational,https://www.teamstats.net/league/rotherham-and-district-sunday-football-league,organic related_searches
swinburne maddison durham sunday league,140,4,9.23,,0,informational,https://www.teamstats.net/league/the-swinburne-maddison-durham-sunday-football-league/swinburne-maddison-premier-division/results,organic related_searches
warrington junior football league fixtures,140,4,9.23,,0,informational,https://www.teamstats.net/league/warrington-junior-football-league,organic people_also_ask related_searches
wombourne allstars,140,4,9.23,,0,informational,https://www.teamstats.net/team/football/wombourne-allstars-u8-kickers,organic people_also_ask related_searches knowledge_graph google_reviews
yel full time sunday,140,6,9.23,,0,informational,https://www.teamstats.net/league/yel-east-midlands-sunday,organic ai_overview people_also_ask related_searches
yel full-time sunday,140,6,9.23,,0,informational,https://www.teamstats.net/league/yel-east-midlands-sunday,organic ai_overview people_also_ask related_searches
afc burnden park,140,6,6.57,,0.009999999776482582,navigational,https://www.teamstats.net/team/football/afc-burnden-park-u12-junior-whites,organic people_also_ask related_searches knowledge_graph google_reviews third_party_reviews images
bbdfl fixtures,140,5,6.57,,0,informational,https://www.teamstats.net/league/bolton-bury-and-district-football-league,organic related_searches
beragh swifts fc,140,6,6.57,,0.009999999776482582,navigational,https://www.teamstats.net/team/football/beragh-swifts,organic video related_searches knowledge_graph google_reviews images
birkenhead sunday league fixtures,140,5,6.57,,0,informational,https://www.teamstats.net/league/birkenhead-sunday-football-league,organic people_also_ask related_searches
burnbank football club,140,5,6.57,,0.009999999776482582,navigational,https://www.teamstats.net/team/football/burnbank-fc,organic people_also_ask related_searches knowledge_graph google_reviews third_party_reviews images
cawjl,140,6,6.57,,0,informational,https://www.teamstats.net/league/cawjl,organic ai_overview related_searches
cotswold youth league,140,5,6.57,,0,informational,https://www.teamstats.net/league/cotswold-youth-league,organic people_also_ask images related_searches
dalton dynamoes,140,5,6.57,,0.009999999776482582,informational,https://www.teamstats.net/team/football/dalton-dynamoes-u13-dalton-dynamoes,organic images people_also_ask related_searches knowledge_graph google_reviews third_party_reviews
djm league 25 26,140,5,6.57,,0,informational,https://www.teamstats.net/league/devon-junior-and-minor-league,organic related_searches
djm league table,140,5,6.57,,0,informational,https://www.teamstats.net/league/devon-junior-and-minor-league,organic related_searches
djm league tables,140,5,6.57,,0,informational,https://www.teamstats.net/league/devon-junior-and-minor-league,organic related_searches
dundee saturday morning league,140,5,6.57,,0,informational,https://www.teamstats.net/league/dundee-saturday-morning-football-league,organic related_searches
echo league fixtures,140,6,6.57,,0,informational,https://www.teamstats.net/league/echo-junior-football-league,organic ai_overview related_searches
fishwick rangers,140,5,6.57,,0,informational,https://www.teamstats.net/team/football/fishwick-rangers-u13-green,organic people_also_ask related_searches knowledge_graph google_reviews images
grimsby and cleethorpes sunday football league,140,5,6.57,,0,informational,https://www.teamstats.net/league/the-grimsby-cleethorpes-and-district-sunday-football-league,organic related_searches
grimsby and cleethorpes sunday league,140,5,6.57,,0,informational,https://www.teamstats.net/league/the-grimsby-cleethorpes-and-district-sunday-football-league,organic people_also_ask related_searches images
haynes harriers,140,5,6.57,,0,informational,https://www.teamstats.net/team/football/haynes-harriers-football-club-u7-haynes,organic people_also_ask related_searches knowledge_graph google_reviews third_party_reviews images
kidderminster district league,140,5,6.57,,0,informational,https://www.teamstats.net/league/kidderminster-and-district-fl,organic related_searches
langold juniors fc,140,5,6.57,,0,informational,https://www.teamstats.net/team/football/langold-juniors-afc-u10-red,organic related_searches knowledge_graph google_reviews images
newitts beckett league,140,6,6.57,,0,informational,https://www.teamstats.net/team/football/ampleforth-fc-first,organic ai_overview related_searches
north liverpool jfl,140,5,6.57,,0,informational,https://www.teamstats.net/league/north-liverpool-junior-football-league,organic people_also_ask related_searches
north staffs junior youth league fixtures,140,6,6.57,,0,informational,https://www.teamstats.net/league/north-staffs-junior-youth-league,organic ai_overview related_searches
nuneaton and district sunday league,140,5,6.57,,0,informational,https://www.teamstats.net/league/nuneaton-and-district-sunday-football-league,organic related_searches knowledge_graph google_reviews images
p and d football,140,6,6.57,,0,informational,https://www.teamstats.net/league/plymouth-and-west-devon-football-league,organic ai_overview related_searches
preston football teams,140,7,6.57,,0,informational,https://www.teamstats.net/teams/football/preston,knowledge_graph organic people_also_ask related_searches images
redditch and south warwickshire combination,140,5,6.57,,0,navigational,https://www.teamstats.net/league/redditch-and-south-warwickshire-combination,organic related_searches
rotherham sunday league football,140,6,6.57,,0.009999999776482582,informational,https://www.teamstats.net/league/rotherham-and-district-sunday-football-league,organic twitter related_searches
service to youth league,140,5,6.57,,0,transactional,https://www.teamstats.net/league/lancaster-and-morecambe-service-to-youth,organic related_searches
weetabix football league,140,5,6.57,,0,informational,https://www.teamstats.net/league/weetabix-youth-league/about,organic related_searches
wycombe sunday football league,140,5,6.57,,0,informational,https://www.teamstats.net/league/high-wycombe-sunday-football-combination,organic related_searches
yel saturday u11,140,6,6.57,,0,navigational,https://www.teamstats.net/league/yel-east-midlands-saturday,organic ai_overview people_also_ask related_searches
afc shirley,140,7,4.73,,0,navigational,https://www.teamstats.net/team/football/afc-shirley,twitter organic related_searches images
allendale fc,140,6,4.73,,0,informational,https://www.teamstats.net/team/football/allendale-fc,organic people_also_ask related_searches knowledge_graph google_reviews images
baltic youth fc,140,6,4.73,,0.009999999776482582,informational,https://www.teamstats.net/team/football/baltic-youth-fc-u8-baltic-u8-pair-blue,organic related_searches knowledge_graph google_reviews images
barrow junior football league,140,6,4.73,,0,informational,https://www.teamstats.net/league/barrow-and-district-junior-football-league/match-reports,organic related_searches
bath and chippenham sunday league,140,6,4.73,,0,informational,https://www.teamstats.net/league/chippenham-and-bath-football-league,organic people_also_ask related_searches
bournemouth sunday league,140,6,4.73,,0.009999999776482582,informational,https://www.teamstats.net/league/ma-hart-bournemouth-football-league,organic related_searches
bromborough and eastham league,140,6,4.73,,0,informational,https://www.teamstats.net/league/eastham-and-district-junior-and-mini-soccer,organic related_searches images
bud evans league,140,6,4.73,,0,informational,https://www.teamstats.net/league/the-meadowhall-and-bud-evans-db-sports-sheffield-and-district-sunday-football-league,organic people_also_ask related_searches images
burntwood dragons,140,6,4.73,,0,informational,https://www.teamstats.net/team/football/burntwood-dragons,organic people_also_ask related_searches knowledge_graph google_reviews third_party_reviews images
burry port afc,140,6,4.73,,0.009999999776482582,navigational,https://www.teamstats.net/team/football/burry-port-afc,organic people_also_ask related_searches knowledge_graph google_reviews images
central lanarkshire youth football association,140,6,4.73,,0,informational,https://www.teamstats.net/league/central-lanarkshire-youth-football-association/teams,organic related_searches
coventry church league,140,7,4.73,,0,informational,https://www.teamstats.net/league/coventry-and-district-church-football-league,organic ai_overview people_also_ask
crowborough and district football league,140,6,4.73,,0,informational,https://www.teamstats.net/league/crowborough-and-district-junior-football-league,organic people_also_ask related_searches
derby city junior football league,140,6,4.73,,0,informational,https://www.teamstats.net/league/derby-city-football-league-england-football-accredited-league,organic people_also_ask related_searches
derby taverners football league,140,6,4.73,,0,informational,https://www.teamstats.net/league/derby-taverners-football-league,organic related_searches images
dgll full time,140,6,4.73,,0,informational,https://www.teamstats.net/league/derbyshire-girls-and-ladies-league-a-charter-standard-league,organic related_searches
djm league 25/26,140,6,4.73,,0,informational,https://www.teamstats.net/league/devon-junior-and-minor-league,organic related_searches
bellingham fc,110,2,17.82,,0.009999999776482582,navigational,https://www.teamstats.net/team/football/bellingham-fc,organic video related_searches images
buckinghamshire football clubs,110,7,17.82,,0,informational,https://www.teamstats.net/teams/football/buckinghamshire,organic ai_overview local_pack people_also_ask related_searches images
echo league full time,110,2,17.82,,0,informational,https://www.teamstats.net/league/echo-junior-football-league,organic related_searches
famous fives football,110,4,17.82,,0,informational,https://www.teamstats.net/league/famous-fives-football-leagues,organic ai_overview people_also_ask related_searches
football clubs in buckinghamshire,110,6,17.82,,0,informational,https://www.teamstats.net/teams/football/buckinghamshire,organic local_pack people_also_ask related_searches images
football clubs in bucks,110,7,17.82,,0,informational,https://www.teamstats.net/teams/football/buckinghamshire,ai_overview local_pack organic people_also_ask related_searches
football clubs in paisley,110,7,17.82,,0.009999999776482582,informational,https://www.teamstats.net/teams/football/paisley,find_results_on local_pack organic people_also_ask related_searches
football teams in buckinghamshire,110,4,17.82,,0,informational,https://www.teamstats.net/teams/football/buckinghamshire,organic ai_overview people_also_ask related_searches images
wallasey football league,110,2,17.82,,0,informational,https://www.teamstats.net/league/wallasey-and-district-sunday-football-league,organic related_searches
ankara football team,110,6,10.70,,0,informational,https://www.teamstats.net/teams/football/ankara,ai_overview organic images people_also_ask related_searches
boston workforce unlimited saturday league,110,3,10.70,,0,informational,https://www.teamstats.net/league/boston-workforce-unlimited-saturday-league,organic people_also_ask related_searches
burnley and district sunday league,110,3,10.70,,0,informational,https://www.teamstats.net/league/burnley-and-district-sunday-league,organic people_also_ask related_searches
coventry saturday league,110,3,10.70,,0,informational,https://www.teamstats.net/league/the-coventry-alliance,organic people_also_ask related_searches
football teams in derbyshire,110,3,10.70,,0,informational,https://www.teamstats.net/teams/football/derbyshire,organic related_searches
formation for 7 a side football,110,4,10.70,,0.029999999329447746,informational,https://www.teamstats.net/blog/the-best-7-a-side-football-formations,organic people_also_ask images video related_searches
hull and district youth football league fixtures,110,3,10.70,,0,informational,https://www.teamstats.net/league/hull-and-district-youth-football-league-and-cup,organic related_searches
leamington and district sunday league,110,3,10.70,,0,informational,https://www.teamstats.net/league/leamington-and-district-sunday-league,organic related_searches images
leighton and district league,110,3,10.70,,0,informational,https://www.teamstats.net/league/leighton-district-and-luton-sunday-football-league,organic related_searches
paisley johnstone and district 2009,110,3,10.70,,0,navigational,https://www.teamstats.net/league/paisley-johnstone-and-district-youth-football-league,organic people_also_ask related_searches
pkyfa,110,3,10.70,,0,informational,https://www.teamstats.net/team/football/letham-sports-club-pkyfa,organic related_searches images
rotherham sunday league table,110,3,10.70,,0,informational,https://www.teamstats.net/league/rotherham-and-district-sunday-football-league,organic related_searches
wallasey league,110,3,10.70,,0,informational,https://www.teamstats.net/league/wallasey-and-district-sunday-football-league,organic people_also_ask related_searches
watford friendly league u14,110,3,10.70,,0,informational,https://www.teamstats.net/league/watford-friendly-league,organic related_searches
wimbledon and kingston football league,110,3,10.70,,0,informational,https://www.teamstats.net/league/wimbledon-and-kingston-football-league,organic related_searches
ankara football teams,110,6,7.25,,0,informational,https://www.teamstats.net/teams/football/ankara,ai_overview people_also_ask organic images related_searches
barnes print league,110,4,7.25,,0,navigational,https://www.teamstats.net/league/central-and-south-norfolk-league-sponsored-by-barnes-print,organic related_searches
beaminster fc,110,4,7.25,,0,informational,https://www.teamstats.net/teams/football/beaminster,organic related_searches images
bergen football teams,110,5,7.25,,0,informational,https://www.teamstats.net/teams/football/bergen,ai_overview organic related_searches knowledge_graph
bishopton football club,110,4,7.25,,0,navigational,https://www.teamstats.net/teams/football/bishopton,organic people_also_ask related_searches google_reviews knowledge_graph third_party_reviews images
bradford sunday alliance league,110,4,7.25,,0,informational,https://www.teamstats.net/league/bradford-sunday-alliance-football-league,organic related_searches
bury and rochdale sunday league,110,4,7.25,,0,informational,https://www.teamstats.net/league/rochdale-bury-and-district-sunday-football-league,organic related_searches
bury rochdale sunday league,110,4,7.25,,0,informational,https://www.teamstats.net/league/rochdale-bury-and-district-sunday-football-league,organic people_also_ask related_searches
bydl league,110,4,7.25,,0,informational,https://www.teamstats.net/league/berkshire-youth-development-league,organic related_searches
central warwickshire league over 35s,110,4,7.25,,0,informational,https://www.teamstats.net/league/central-warwickshire-over-35s-football-league,organic related_searches
fa under 13,110,5,7.25,,0,informational,https://www.teamstats.net/leagues,organic ai_overview top_stories related_searches
football clubs in derbyshire,110,10,7.25,,0,informational,https://www.teamstats.net/teams/football/derbyshire,ai_overview organic find_results_on local_pack people_also_ask related_searches images
grassroots football league,110,5,7.25,2.549999952316284,0.019999999552965164,informational,https://www.teamstats.net/leagues,ai_overview organic related_searches images
hull junior football league,110,4,7.25,,0.019999999552965164,informational,https://www.teamstats.net/league/hull-and-district-youth-football-league-and-cup,organic related_searches
ipswich exiles,110,4,7.25,,0,informational,https://www.teamstats.net/team/football/ipswich-exiles-fc-u13,organic related_searches images
kirkstall crusaders,110,4,7.25,,0,navigational,https://www.teamstats.net/team/football/kirkstall-crusaders-fc-u13-girls,organic people_also_ask related_searches images
lancaster and morecambe league,110,5,7.25,,0,informational,https://www.teamstats.net/league/lancaster-and-morecambe-service-to-youth,organic people_also_ask related_searches images
luton sunday football league,110,4,7.25,,0.009999999776482582,informational,https://www.teamstats.net/league/leighton-district-and-luton-sunday-football-league,organic related_searches
mk development league,110,5,7.25,,0,informational,https://www.teamstats.net/league/the-milton-keynes-and-district-development-league,organic people_also_ask related_searches
ogfl full time,110,4,7.25,,0,informational,https://www.teamstats.net/league/oxfordshire-girls-football-league,organic people_also_ask related_searches
reading sunday league 25 26,110,4,7.25,,0,informational,https://www.teamstats.net/league/reading-and-district-sunday-league,organic related_searches
reddish villa,110,4,7.25,,0,navigational,https://www.teamstats.net/team/football/reddish-villa-jfc-u14s,organic images related_searches knowledge_graph google_reviews
strathclyde evangelical churches league,110,4,7.25,,0,navigational,https://www.teamstats.net/league/strathclyde-evangelical-churches-league/division-1/league-table,organic people_also_ask related_searches
sunday league luton,110,4,7.25,,0.009999999776482582,informational,https://www.teamstats.net/league/leighton-district-and-luton-sunday-football-league,organic related_searches
tjfa fixtures 25 26,110,4,7.25,,0,informational,https://www.teamstats.net/league/teesside-junior-football-alliance-league,organic related_searches
tjfa fixtures 25/26,110,5,7.25,,0,informational,https://www.teamstats.net/league/teesside-junior-football-alliance-league,organic ai_overview related_searches
trysull tigers,110,4,7.25,,0,informational,https://www.teamstats.net/team/football/trysull-tigers,organic people_also_ask related_searches knowledge_graph google_reviews images
warrington junior football league table,110,4,7.25,,0,informational,https://www.teamstats.net/league/warrington-junior-football-league,organic related_searches
7-a-side football formations,110,6,5.16,,0.029999999329447746,informational,https://www.teamstats.net/blog/the-best-7-a-side-football-formations,organic video short_videos related_searches
andover and district sunday league,110,5,5.16,,0,informational,https://www.teamstats.net/league/andover-and-district-sunday-football-league,organic related_searches
bbdfl fa full time,110,5,5.16,,0,informational,https://www.teamstats.net/league/bolton-bury-and-district-football-league,organic related_searches
bengeo tigers,110,5,5.16,,0,informational,https://www.teamstats.net/team/football/bengeo-tigers-u11-bengals,organic images related_searches
berkshire youth development league,110,5,5.16,,0,informational,https://www.teamstats.net/league/berkshire-youth-development-league,organic related_searches
bishopton fc,110,5,5.16,,0,navigational,https://www.teamstats.net/teams/football/bishopton,organic people_also_ask related_searches google_reviews knowledge_graph images
echo league 25 26 fixtures,110,5,5.16,,0,informational,https://www.teamstats.net/league/echo-junior-football-league,organic related_searches
empal football league,110,5,5.16,,0,informational,https://www.teamstats.net/league/east-midlands-public-authorities-league,organic related_searches images
epsom and ewell league table,110,5,5.16,,0,informational,https://www.teamstats.net/league/epsom-and-ewell-youth-football-league,organic related_searches
epsom and ewell league tables,110,5,5.16,,0,informational,https://www.teamstats.net/league/epsom-and-ewell-youth-football-league,organic related_searches
furness football league,110,5,5.16,,0,informational,https://www.teamstats.net/league/furness-premier-league-sponsored-by-barrow-eats,organic related_searches
gateshead youth league,110,6,5.16,,0,navigational,https://www.teamstats.net/league/gateshead-youth-league,organic ai_overview related_searches
geneva football clubs,110,10,5.16,,0,informational,https://www.teamstats.net/teams/football/geneva,ai_overview find_results_on local_pack organic people_also_ask related_searches knowledge_graph images
hull charity league,110,6,5.16,,0,informational,https://www.teamstats.net/league/hull-charity-league,organic ai_overview related_searches
leicester city veterans league,110,5,5.16,,0,informational,https://www.teamstats.net/league/leicester-city-football-league-veterans,organic related_searches
leicester city vets league,110,5,5.16,,0,informational,https://www.teamstats.net/league/leicester-city-football-league-veterans,organic related_searches
luton sunday league,110,5,5.16,,0.009999999776482582,informational,https://www.teamstats.net/league/leighton-district-and-luton-sunday-football-league,organic related_searches
ndyal full time,110,5,5.16,,0,informational,https://www.teamstats.net/league/northampton-and-district-youth-alliance-league,organic related_searches
north east hampshire youth league table,110,5,5.16,,0,informational,https://www.teamstats.net/league/north-east-hampshire-youth-league-nehyl,organic related_searches images
oldham and hyde sunday league,110,5,5.16,,0,informational,https://www.teamstats.net/league/hyde-oldham-and-district-sunday-football-league,organic related_searches
oldham sunday league,110,5,5.16,,0,informational,https://www.teamstats.net/league/hyde-oldham-and-district-sunday-football-league,organic people_also_ask related_searches images
paisley football teams,110,7,5.16,,0.009999999776482582,informational,https://www.teamstats.net/teams/football/paisley,ai_overview organic people_also_ask related_searches images
royal oak harriseahead,110,7,5.16,,0,navigational,https://www.teamstats.net/team/football/royal-oak-harriseahead-royal-oak-harrise,organic map google_reviews related_searches
rugby and district sunday league,110,6,5.16,,0,informational,https://www.teamstats.net/league/rugby-and-district-sunday-league/teams,organic ai_overview related_searches images
saturday league coventry,110,5,5.16,,0,informational,https://www.teamstats.net/league/the-coventry-alliance,organic related_searches
st albans sunday football league,110,5,5.16,,0,informational,https://www.teamstats.net/teams/football/st-albans,organic related_searches images
stanningley albion,110,5,5.16,,0,informational,https://www.teamstats.net/team/football/stanningley-albion-jfc-open-age,organic related_searches knowledge_graph images
starlands warriors fc,110,5,5.16,,0.029999999329447746,informational,https://www.teamstats.net/team/football/starlands-warriors-fc-u14-u15-group,organic people_also_ask related_searches google_reviews knowledge_graph images
warrington junior football league tables,110,5,5.16,,0,informational,https://www.teamstats.net/league/warrington-junior-football-league,organic related_searches
wendover fc,110,5,5.16,,0,navigational,https://www.teamstats.net/team/football/wendover-mens-fc,organic related_searches images
wendover football club,110,5,5.16,,0,navigational,https://www.teamstats.net/team/football/wendover-mens-fc,organic related_searches images
worthing minors,110,6,5.16,,0,informational,https://www.teamstats.net/team/football/worthing-minors-youth-u12-division-b,organic people_also_ask related_searches knowledge_graph google_reviews images
yel sunday u11,110,6,5.16,,0,informational,https://www.teamstats.net/league/yel-east-midlands-sunday,organic ai_overview people_also_ask related_searches
acid fc,110,6,3.72,,0,informational,https://www.teamstats.net/team/football/acid-fc,organic related_searches knowledge_graph images
afc westerleigh,110,6,3.72,,0.029999999329447746,navigational,https://www.teamstats.net/team/football/afc-westerleigh-1st-division-2,organic related_searches google_reviews knowledge_graph images
blades superdraw,110,6,3.72,,0,informational,https://www.teamstats.net/league/blades-super-draw-sunday-sports-league,organic related_searches
bristol u18 football combination league,110,6,3.72,,0,informational,https://www.teamstats.net/league/bristol-u18-football-combination-league,organic related_searches images
burton football league,110,6,3.72,,0,informational,https://www.teamstats.net/league/burton-and-district-sunday-football-league,organic related_searches
burton junior football league fixtures,110,6,3.72,,0,informational,https://www.teamstats.net/league/burton-junior-football-league,organic related_searches
caversham trents,110,6,3.72,,0,informational,https://www.teamstats.net/team/football/caversham-trents-u11-group-5,organic related_searches google_reviews knowledge_graph images
chesterton eagles,110,6,3.72,,0,informational,https://www.teamstats.net/team/football/chesterton-eagles-sky-blue,organic related_searches knowledge_graph google_reviews images
chippenham and bath sunday league,110,6,3.72,,0,informational,https://www.teamstats.net/league/chippenham-and-bath-football-league,organic related_searches
dundee saturday morning football league,110,6,3.72,,0,informational,https://www.teamstats.net/league/dundee-saturday-morning-football-league,organic related_searches images
ebfa league,110,6,3.72,,0,informational,https://www.teamstats.net/league/east-berks-football-alliance,organic related_searches
fa crowborough league,110,6,3.72,,0,informational,https://www.teamstats.net/league/crowborough-and-district-junior-football-league,organic related_searches
east wheal rose fc,90,3,8.76,,0,informational,https://www.teamstats.net/team/football/east-wheal-rose-youth-fc-u13,organic related_searches google_reviews knowledge_graph third_party_reviews images
greatham fc,90,3,8.76,,0.009999999776482582,informational,https://www.teamstats.net/team/football/greatham-fc-u17-division-1,organic related_searches knowledge_graph google_reviews images
haslem sheppard,90,3,8.76,,0,informational,https://www.teamstats.net/league/the-haslem-sheppard-halifax-and-district-afl/1st-division/fixtures,organic related_searches
leeds combination association football league,90,3,8.76,,0,informational,https://www.teamstats.net/league/leeds-combination-association-football-league,organic related_searches
leeds sunday combination league,90,3,8.76,,0,informational,https://www.teamstats.net/league/leeds-combination-association-football-league,organic related_searches
paisley johnstone and district 2010,90,3,8.76,,0,informational,https://www.teamstats.net/league/paisley-johnstone-and-district-youth-football-league,organic people_also_ask related_searches
paisley johnstone and district under 14,90,4,8.76,,0,commercial,https://www.teamstats.net/league/paisley-johnstone-and-district-youth-football-league,organic ai_overview related_searches
sheffield allstars jfc,90,3,8.76,0.6399999856948853,0.009999999776482582,informational,https://www.teamstats.net/team/football/sheffield-allstars-fc-u12,organic people_also_ask images related_searches knowledge_graph google_reviews
ssfl full time,90,4,8.76,,0.009999999776482582,informational,https://www.teamstats.net/league/ssfl-sussex-sunday-football-league,organic ai_overview related_searches
sunday combination league leeds,90,3,8.76,,0,informational,https://www.teamstats.net/league/leeds-combination-association-football-league,organic related_searches
team stats football,90,3,8.76,,0.009999999776482582,informational,https://www.teamstats.net/,organic related_searches images
warrington alliance league,90,3,8.76,,0,informational,https://www.teamstats.net/league/warrington-alliance-league,organic related_searches
west herts youth league 24 25,90,3,8.76,,0,informational,https://www.teamstats.net/league/west-herts-youth-league,organic people_also_ask related_searches
west herts youth league 24/25,90,3,8.76,,0,informational,https://www.teamstats.net/league/west-herts-youth-league,organic related_searches
wragby fc,90,3,8.76,,0,informational,https://www.teamstats.net/team/football/wragby-fc-u14,organic related_searches knowledge_graph google_reviews images
brooklands dragons,90,4,5.93,,0,informational,https://www.teamstats.net/team/football/brooklands-dragons-jfc-u15-valkyries-under-15s-development,organic related_searches knowledge_graph google_reviews images
coors sunday league stoke,90,4,5.93,,0,informational,https://www.teamstats.net/league/coors-sunday-football-league,organic related_searches
coors sunday league stoke on trent,90,4,5.93,,0,informational,https://www.teamstats.net/league/coors-sunday-football-league,organic related_searches
cuckfield cosmos,90,4,5.93,,0,navigational,https://www.teamstats.net/team/football/cuckfield-cosmos-rovers-u9,organic related_searches knowledge_graph google_reviews images
echo league u11,90,4,5.93,,0,informational,https://www.teamstats.net/league/echo-junior-football-league/teams,organic people_also_ask related_searches
fa watford friendly league,90,4,5.93,,0,informational,https://www.teamstats.net/league/watford-friendly-league,organic related_searches
greenwell star fc,90,4,5.93,,0,informational,https://www.teamstats.net/team/football/greenwell-star-youth-fc,organic related_searches
herne bay sunday league,90,4,5.93,,0,informational,https://www.teamstats.net/league/herne-bay-and-whitstable-sunday-league,organic related_searches
leeds combination football league,90,4,5.93,,0,informational,https://www.teamstats.net/league/leeds-combination-association-football-league,organic related_searches
paisley johnstone and district 2008,90,5,5.93,,0,informational,https://www.teamstats.net/league/paisley-johnstone-and-district-youth-football-league,organic people_also_ask related_searches
southwark residents,90,5,5.93,,0.019999999552965164,informational,https://www.teamstats.net/team/football/southwark-fc-residents,organic ai_overview people_also_ask related_searches
ssfl full-time,90,4,5.93,,0.009999999776482582,informational,https://www.teamstats.net/league/ssfl-sussex-sunday-football-league,organic related_searches
stourbridge and district youth football league tables,90,4,5.93,,0,informational,https://www.teamstats.net/league/stourbridge-and-district-youth-football-league,organic related_searches
stourbridge district football league,90,4,5.93,,0,informational,https://www.teamstats.net/league/stourbridge-and-district-youth-football-league,organic related_searches
teesside league division 1,90,4,5.93,,0,informational,https://www.teamstats.net/league/teesside-junior-football-alliance-league,organic related_searches
uol campus league,90,4,5.93,,0,informational,https://www.teamstats.net/league/uol-campus-sport-league,organic related_searches
weetabix league u14,90,4,5.93,,0,informational,https://www.teamstats.net/league/weetabix-youth-football-league,organic related_searches
witham athletic,90,5,5.93,,0,navigational,https://www.teamstats.net/team/football/witham-athletic-s-reserves,organic ai_overview people_also_ask related_searches images
wragg football league,90,4,5.93,,0,informational,https://www.teamstats.net/league/the-wragg-football-league,organic related_searches
wyre juniors football club,90,4,5.93,,0,informational,https://www.teamstats.net/team/football/wyre-juniors-whites-u13-u13s-league-2-p2,organic people_also_ask related_searches knowledge_graph google_reviews third_party_reviews images
adjfa facebook,90,5,4.22,,0,navigational,https://www.teamstats.net/league/adjfa,organic related_searches
barkston ash fa,90,5,4.22,,0,navigational,https://www.teamstats.net/league/barkston-ash-district-fa,organic related_searches
blackwater and dengie league table,90,5,4.22,,0,informational,https://www.teamstats.net/league/blackwater-and-dengie-youth-football-league,organic related_searches
chesterfield and district sunday football league,90,5,4.22,,0,informational,https://www.teamstats.net/league/chesterfield-and-district-sunday-football-league,organic people_also_ask related_searches
corby kingswood,90,5,4.22,,0,informational,https://www.teamstats.net/team/football/corby-kingswood-u8,organic related_searches knowledge_graph google_reviews third_party_reviews images
empal nottingham sunday league,90,5,4.22,,0,informational,https://www.teamstats.net/league/east-midlands-public-authorities-league,organic people_also_ask related_searches
essex royals,90,5,4.22,,0,informational,https://www.teamstats.net/team/football/essex-royals-s-sunday,organic related_searches knowledge_graph google_reviews images
fc pather,90,7,4.22,,0,informational,https://www.teamstats.net/team/football/fc-pather,organic twitter images related_searches
hampshire colleges football league,90,5,4.22,,0,informational,https://www.teamstats.net/league/hampshire-colleges-football-league,organic people_also_ask related_searches
hull veterans football,90,5,4.22,,0,informational,https://www.teamstats.net/league/hull-veterans-league,organic related_searches
hyde oldham and district sunday league,90,5,4.22,,0,informational,https://www.teamstats.net/league/hyde-oldham-and-district-sunday-football-league,organic related_searches
hyde oldham sunday league,90,5,4.22,,0,informational,https://www.teamstats.net/league/hyde-oldham-and-district-sunday-football-league,organic related_searches images
jack kalson league table,90,5,4.22,,0,informational,https://www.teamstats.net/league/jack-kalson-league,organic people_also_ask related_searches
lancaster and morecambe football league,90,5,4.22,,0,informational,https://www.teamstats.net/league/lancaster-and-morecambe-service-to-youth,organic related_searches
mercian league u13,90,5,4.22,,0,informational,https://www.teamstats.net/league/mercian-junior-football-league,organic related_searches
mid herts league table,90,5,4.22,,0,informational,https://www.teamstats.net/league/mid-herts-league,organic related_searches images
mjpl results,90,5,4.22,,0,informational,https://www.teamstats.net/league/midland-junior-premier-league,organic related_searches
mkddl u14,90,5,4.22,,0,navigational,https://www.teamstats.net/league/the-milton-keynes-and-district-development-league,organic related_searches images
pather fc,90,6,4.22,,0,informational,https://www.teamstats.net/team/football/fc-pather,organic twitter related_searches images
poznan football teams,90,6,4.22,,0,informational,https://www.teamstats.net/teams/football/poznan,ai_overview organic related_searches
sfl football league,90,7,4.22,,0,informational,https://www.teamstats.net/league/sfl-london,organic ai_overview people_also_ask related_searches images
sunday league plymouth,90,6,4.22,3.059999942779541,0.05000000074505806,informational,https://www.teamstats.net/league/plymouth-and-west-devon-football-league,organic ai_overview related_searches
warrington jfl saturday,90,5,4.22,,0,informational,https://www.teamstats.net/league/warrington-and-district-football-league,organic related_searches
barnsley and district fa,90,6,3.04,,0.019999999552965164,navigational,https://www.teamstats.net/league/barnsley-and-district-sunday-league,organic related_searches
bedfordshire mini soccer league,90,6,3.04,,0,informational,https://www.teamstats.net/league/bmsl-tt-couriers,organic related_searches images
birkenhead premier league,90,8,3.04,,0,informational,https://www.teamstats.net/league/birkenhead-sunday-football-league,organic ai_overview people_also_ask related_searches
byfl fixtures,90,6,3.04,,0,informational,https://www.teamstats.net/league/bournemouth-youth-football-league,organic related_searches
cheshire vets league full time,90,6,3.04,,0,informational,https://www.teamstats.net/league/cheshire-veterans-football-league,organic related_searches
crowborough league u15,90,6,3.04,,0,informational,https://www.teamstats.net/league/crowborough-and-district-junior-football-league,organic related_searches
derby city league u13,90,6,3.04,,0,informational,https://www.teamstats.net/league/derby-city-football-league-england-football-accredited-league,organic people_also_ask related_searches
down area winter football league,90,6,3.04,,0,informational,https://www.teamstats.net/league/down-area-winter-league,organic related_searches
eja results,90,6,3.04,,0,informational,https://www.teamstats.net/league/eastern-junior-alliance,organic related_searches
essex soccability league,90,6,3.04,,0,informational,https://www.teamstats.net/league/essex-youth-soccability-league,organic related_searches
liverpool women's & youth football league,70,2,21.28,,0,informational,https://www.teamstats.net/team/football/crosby-stuart-u14-girls,ai_overview organic images related_searches
mgsfl,70,1,21.28,,0,informational,https://www.teamstats.net/league/mgsfl,organic people_also_ask related_searches
furness premier league fixtures,70,2,11.34,,0,informational,https://www.teamstats.net/league/furness-premier-league-sponsored-by-barrow-eats,organic related_searches
iow sunday youth league,70,2,11.34,,0,informational,https://www.teamstats.net/league/isle-of-wight-sunday-youth-league,organic ai_overview people_also_ask related_searches
penrith and district junior football league,70,2,11.34,,0,informational,https://www.teamstats.net/league/penrith-and-district-junior-football-league,organic people_also_ask related_searches
wallasey and district sunday league,70,2,11.34,,0,informational,https://www.teamstats.net/league/wallasey-and-district-sunday-football-league,organic related_searches
bcfa youth league table,70,3,6.81,,0,informational,https://www.teamstats.net/league/bcfa-youth-league,organic images related_searches
cheam rovers fc,70,3,6.81,,0.019999999552965164,informational,https://www.teamstats.net/team/football/cheam-rovers-division-1,organic people_also_ask related_searches google_reviews knowledge_graph
chiltern church junior league,70,3,6.81,,0,informational,https://www.teamstats.net/league/chiltern-church-junior-league,organic related_searches
coors league,70,4,6.81,,0,informational,https://www.teamstats.net/league/coors-sunday-football-league,organic ai_overview related_searches
harlow hill fc,70,4,6.81,,0,informational,https://www.teamstats.net/team/football/harlow-hill,twitter organic people_also_ask images
mid lincs full time,70,3,6.81,,0,informational,https://www.teamstats.net/league/lincolnshire-co-op-mid-lincs-county-youth-football-league,organic related_searches
mkddl 25 26,70,3,6.81,,0,navigational,https://www.teamstats.net/league/the-milton-keynes-and-district-development-league,organic people_also_ask related_searches
paisley and johnstone 2009,70,3,6.81,,0,informational,https://www.teamstats.net/league/paisley-johnstone-and-district-youth-football-league,organic related_searches
paisley and johnstone 2012,70,3,6.81,,0,informational,https://www.teamstats.net/league/paisley-johnstone-and-district-youth-football-league,organic related_searches
paisley johnstone and district 2012,70,3,6.81,,0,informational,https://www.teamstats.net/league/paisley-johnstone-and-district-youth-football-league,organic related_searches
pjdyfl 2010,70,3,6.81,,0,informational,https://www.teamstats.net/league/pjdyfl,organic video related_searches
wallasey sunday league fixtures,70,3,6.81,,0,informational,https://www.teamstats.net/league/wallasey-and-district-sunday-football-league,organic related_searches
warley district league,70,3,6.81,,0,informational,https://www.teamstats.net/league/warley-and-district-sunday-league,organic related_searches
wolverhampton sunday league fixtures,70,3,6.81,,0,informational,https://www.teamstats.net/league/wolverhampton-and-district-sunday-league,organic related_searches
wolverhampton sunday league table,70,3,6.81,,0,informational,https://www.teamstats.net/league/wolverhampton-and-district-sunday-league,organic related_searches
yel sunday fixtures,70,4,6.81,,0,informational,https://www.teamstats.net/league/yel-east-midlands-sunday,organic ai_overview related_searches
bromley and croydon christian league,70,4,4.61,,0,navigational,https://www.teamstats.net/league/bromley-and-croydon-christian-football-league,organic related_searches images
clyfa league 2012,70,4,4.61,,0,informational,https://www.teamstats.net/league/central-lanarkshire-youth-football-association,organic related_searches
coventry saturday football league,70,4,4.61,,0,informational,https://www.teamstats.net/league/the-coventry-alliance,organic related_searches
darlington invitation league,70,4,4.61,,0,informational,https://www.teamstats.net/league/darlington-sunday-invitation-league,organic related_searches
eastham league fixtures,70,5,4.61,,0,informational,https://www.teamstats.net/league/eastham-and-district-junior-and-mini-soccer,organic ai_overview people_also_ask related_searches
eastham league u12,70,4,4.61,,0,informational,https://www.teamstats.net/league/eastham-and-district-junior-and-mini-soccer,organic related_searches
edge hill league,70,4,4.61,,0,informational,https://www.teamstats.net/league/edge-hill-junior-football-league,organic related_searches
fa mkddl,70,4,4.61,,0,informational,https://www.teamstats.net/league/the-milton-keynes-and-district-development-league,organic related_searches
fb football club,70,5,4.61,,0,navigational,https://www.teamstats.net/team/football/fb-fc-u9-fb-fc,ai_overview organic related_searches images
hambleton and richmondshire junior football league,70,4,4.61,,0,informational,https://www.teamstats.net/league/hambleton-and-richmondshire-junior-football-league-25-26,organic people_also_ask related_searches
hyde sunday league,70,4,4.61,,0,informational,https://www.teamstats.net/league/hyde-oldham-and-district-sunday-football-league,organic related_searches
jubilee premier league,70,4,4.61,,0,informational,https://www.teamstats.net/league/leeds-combination-association-football-league,organic related_searches
kirton kestrels,70,5,4.61,,0,informational,https://www.teamstats.net/team/football/kirton-kestrels-u8-development-gipping,organic images related_searches knowledge_graph google_reviews
leighton and luton sunday league,70,4,4.61,,0,informational,https://www.teamstats.net/league/leighton-district-and-luton-sunday-football-league,organic people_also_ask related_searches
mendlesham football club,70,4,4.61,,0,navigational,https://www.teamstats.net/team/football/mendlesham-fc,organic related_searches knowledge_graph google_reviews
milton fc stirling,70,4,4.61,,0,informational,https://www.teamstats.net/team/football/afc-milton,organic related_searches images
mjpl u15 table,70,4,4.61,,0,informational,https://www.teamstats.net/team/football/c-c-c-u15-mjpl,organic people_also_ask related_searches
newport football teams,70,7,4.61,,0,informational,https://www.teamstats.net/teams/football/newport,local_pack organic people_also_ask related_searches images
north london hawks,70,5,4.61,,0,informational,https://www.teamstats.net/team/football/north-london-hawks-u8,organic people_also_ask related_searches images
northumberland junior football league 25 26 fixtures,70,4,4.61,,0,informational,https://www.teamstats.net/league/northumberland-football-league,organic related_searches
northumberland junior football league tables,70,4,4.61,,0,informational,https://www.teamstats.net/league/northumberland-football-league,organic related_searches
orleton junior football club,70,5,4.61,,0,navigational,https://www.teamstats.net/team/football/orleton-juniors-under-11s,ai_overview organic related_searches knowledge_graph google_reviews images
paisley johnstone and district 2013,70,4,4.61,,0,informational,https://www.teamstats.net/league/paisley-johnstone-and-district-youth-football-league,organic related_searches images
phoenix athletic fc,70,4,4.61,,0,informational,https://www.teamstats.net/team/football/phoenix-athletic,organic people_also_ask related_searches images
saturday league football coventry,70,4,4.61,,0,informational,https://www.teamstats.net/league/the-coventry-alliance,organic related_searches
severn tunnel fc,70,4,4.61,,0,navigational,https://www.teamstats.net/team/football/severn-tunnel-fc,organic people_also_ask related_searches knowledge_graph google_reviews images
southwark residents fc,70,5,4.61,,0.009999999776482582,informational,https://www.teamstats.net/team/football/southwark-fc-residents,organic ai_overview related_searches images
tameside sunday league football,70,4,4.61,,0,informational,https://www.teamstats.net/league/tameside-football-league,organic related_searches
watford friendly league fixtures,70,4,4.61,,0,informational,https://www.teamstats.net/league/watford-friendly-league,organic related_searches
watford friendly league u15,70,4,4.61,,0,informational,https://www.teamstats.net/league/watford-friendly-league,organic related_searches
wjfl full time,70,4,4.61,,0,informational,https://www.teamstats.net/league/warrington-junior-league,organic related_searches
aberdeenshire amatuer league,70,5,3.28,,0,informational,https://www.teamstats.net/league/aberdeenshire-amateur-premier-league,organic related_searches knowledge_graph
agenda fc,70,6,3.28,,0,informational,https://www.teamstats.net/team/football/agenda-fc,organic video images related_searches
app for football teams,70,7,3.28,1.3600000143051147,0.07999999821186066,commercial,https://www.teamstats.net/,featured_snippet people_also_ask organic related_searches
bishopthorpe white rose fc,70,5,3.28,,0,navigational,https://www.teamstats.net/team/football/bishopthorpe-white-rose-fc-u13-s-spartan,organic related_searches
brentwood league u12,70,6,3.28,,0,informational,https://www.teamstats.net/league/bcfa-youth-league,organic ai_overview related_searches images
bure valley fc,70,7,3.28,,0,informational,https://www.teamstats.net/team/football/bure-valley-fc-u16-bobcats,knowledge_graph google_reviews organic related_searches images
bysl full time,70,6,3.28,,0,informational,https://www.teamstats.net/league/bristol-youth-league/about,organic ai_overview people_also_ask related_searches
chippenham and district sunday league,70,5,3.28,,0,informational,https://www.teamstats.net/league/chippenham-and-district-sunday-league,organic related_searches
cowie thistle fc,70,6,3.28,,0,informational,https://www.teamstats.net/team/football/cowie-thistle,organic video
craven football league fixtures,70,5,3.28,,0,informational,https://www.teamstats.net/league/skipton-body-repair-centre-craven-and-district-football-league,organic people_also_ask related_searches
craven league football fixtures,70,5,3.28,,0,informational,https://www.teamstats.net/league/skipton-body-repair-centre-craven-and-district-football-league,organic people_also_ask
cupar colts,70,5,3.28,,0,informational,https://www.teamstats.net/team/football/cupar-colts-09s,organic related_searches images
deanshanger colts,70,5,3.28,,0,informational,https://www.teamstats.net/team/football/deanshanger-colts-u12-deanshanger-colts-division-2-u12,organic related_searches images
east manchester junior football league table,70,6,3.28,,0,informational,https://www.teamstats.net/league/east-manchester-junior-football-league-charter-standard-league,organic ai_overview related_searches
east sussex football league fixtures,70,5,3.28,,0,informational,https://www.teamstats.net/league/east-sussex-football-league,organic related_searches
ecclesall rangers junior football club,70,5,3.28,,0,navigational,https://www.teamstats.net/team/football/ecclesall-rangers-fc-sun-u14-blue,organic related_searches google_reviews knowledge_graph images
fa full time timperley,70,5,3.28,,0,informational,https://www.teamstats.net/league/timperley-and-district,organic related_searches
fa mercian league,70,5,3.28,,0,informational,https://www.teamstats.net/league/mercian-junior-football-league,organic related_searches
fa youth fixtures,70,5,3.28,,0,informational,https://www.teamstats.net/leagues,organic related_searches
full time blackwater and dengie,70,6,3.28,,0,commercial,https://www.teamstats.net/league/blackwater-and-dengie-youth-football-league,organic ai_overview people_also_ask related_searches
great shelford fc,70,5,3.28,,0,informational,https://www.teamstats.net/team/football/great-shelford-reserves,organic images related_searches
harry gregg league,70,5,3.28,,0,informational,https://www.teamstats.net/league/harry-gregg-foundation-youth-league,organic related_searches images
high wycombe sunday combination,70,6,3.28,,0,informational,https://www.teamstats.net/league/high-wycombe-sunday-football-combination,organic ai_overview related_searches
holmes chapel hurricanes,70,5,3.28,,0,informational,https://www.teamstats.net/team/football/holmes-chapel-hurricanes-moss-farm-u13s-league,organic related_searches images
isfl ipswich,70,5,3.28,,0,navigational,https://www.teamstats.net/teams/football/ipswich,organic related_searches
istanbul teams,70,7,3.28,,0,navigational,https://www.teamstats.net/teams/football/istanbul,ai_overview organic images related_searches
junior fa league,70,5,3.28,,0,informational,https://www.teamstats.net/leagues,organic related_searches
leeds community football league,70,5,3.28,,0.009999999776482582,informational,https://www.teamstats.net/league/leeds-community-football-league,organic related_searches images
leiston st margarets,70,5,3.28,,0,navigational,https://www.teamstats.net/team/football/leiston-st-margarets-fc-reserves-sat,organic related_searches knowledge_graph google_reviews images
lichfield & district recreational league,70,5,3.28,,0,navigational,https://www.teamstats.net/league/lichfield-and-district-recreational-league,organic people_also_ask related_searches
lichfield and district recreational league,70,5,3.28,,0,navigational,https://www.teamstats.net/league/lichfield-and-district-recreational-league,organic related_searches
lightwater united fc,70,5,3.28,,0,navigational,https://www.teamstats.net/team/football/lightwater-united-football-club,organic related_searches
little thurrock dynamos,70,5,3.28,,0,transactional,https://www.teamstats.net/team/football/little-thurrock-dynamos-y-u14-boxers,organic discussions_and_forums related_searches images
long ashton junior football club,70,5,3.28,,0.029999999329447746,navigational,https://www.teamstats.net/team/football/long-ashton-junior-youth-u10-rockets-j,organic related_searches google_reviews knowledge_graph
lothian colts,70,6,3.28,,0,informational,https://www.teamstats.net/team/football/lothian-colts,ai_overview organic related_searches images
magheraveely fc,70,5,3.28,,0,informational,https://www.teamstats.net/team/football/magheraveely-fc-division-1,organic related_searches knowledge_graph google_reviews
mallaby fc,70,7,3.28,,0,informational,https://www.teamstats.net/team/football/mallaby-2nd-division,ai_overview organic twitter related_searches images
man v fat preston,70,5,3.28,,0,informational,https://www.teamstats.net/team/football/man-v-fat-preston-fc-purple-cobras,organic related_searches images
marden over 40s,70,5,3.28,,0,informational,https://www.teamstats.net/team/football/marden-over-40s-veterans-first,organic images related_searches
marle place wanderers,70,5,3.28,,0,navigational,https://www.teamstats.net/team/football/marle-place-wanderers-u14-blacks,organic related_searches images
mendlesham fc,70,5,3.28,,0,navigational,https://www.teamstats.net/team/football/mendlesham-fc,organic related_searches
mid cheshire fa,70,5,3.28,,0,informational,https://www.teamstats.net/league/mid-cheshire-youth-football-league,organic perspectives related_searches knowledge_graph
milton football club stirling,70,6,3.28,,0,informational,https://www.teamstats.net/team/football/afc-milton,organic ai_overview related_searches images
mjpl league table u15,70,5,3.28,,0,informational,https://www.teamstats.net/league/midland-junior-premier-league/u15-sponsored-by-sporting-touch/league-table,organic related_searches
north bury junior league,70,5,3.28,,0,informational,https://www.teamstats.net/league/north-bury-junior-football-league,organic related_searches
north hants youth league,70,5,3.28,,0,informational,https://www.teamstats.net/league/north-east-hampshire-youth-league-nehyl,organic related_searches
north surrey and middlesex league,70,6,3.28,,0,informational,https://www.teamstats.net/league/north-surrey-and-middlesex-border-sunday-football-league/about,organic ai_overview related_searches
northbank football club,70,5,3.28,,0,navigational,https://www.teamstats.net/team/football/northbank-football-club,organic twitter people_also_ask related_searches images
paisley and johnstone league 2012,70,5,3.28,,0,informational,https://www.teamstats.net/league/paisley-johnstone-and-district-youth-football-league,organic related_searches images
peters village fc,70,5,3.28,,0,navigational,https://www.teamstats.net/team/football/peters-village-fc-under-8-consolation-vase-h,organic related_searches images
sandwell inclusion league,70,5,3.28,,0,navigational,https://www.teamstats.net/league/west-midlands-inclusion-league,organic related_searches images
sandy row fc,70,6,3.28,,0,informational,https://www.teamstats.net/team/football/sandy-row-ii,organic people_also_ask related_searches images
silverton football club,70,6,3.28,,0,navigational,https://www.teamstats.net/team/football/silverton-fc-youth-u7,ai_overview organic people_also_ask related_searches google_reviews knowledge_graph images
solent churches league,70,5,3.28,,0,navigational,https://www.teamstats.net/league/solent-churches-football-league,organic related_searches
south redditch eagles,70,5,3.28,,0.009999999776482582,informational,https://www.teamstats.net/team/football/south-redditch-eagles-u10-south-redditch,organic people_also_ask related_searches knowledge_graph google_reviews images
southampton saturday football league table,70,6,3.28,,0,informational,https://www.teamstats.net/league/southampton-saturday-football-league,organic ai_overview people_also_ask related_searches
southwark #residents fc,70,6,3.28,,0.009999999776482582,navigational,https://www.teamstats.net/team/football/southwark-fc-residents,organic ai_overview related_searches
staffordshire vets league,70,5,3.28,,0,informational,https://www.teamstats.net/league/staffordshire-fa-veterans-league/teams,organic related_searches
sussex youth league,70,5,3.28,,0,informational,https://www.teamstats.net/teams/football/west-sussex,organic related_searches
tameside sunday football league,70,5,3.28,,0,informational,https://www.teamstats.net/league/tameside-football-league,organic people_also_ask related_searches
tamworth junior football league 25 26,70,6,3.28,,0,informational,https://www.teamstats.net/league/tamworth-junior-league,organic ai_overview related_searches
tamworth junior football league 25/26,70,6,3.28,,0,informational,https://www.teamstats.net/league/tamworth-junior-league,organic ai_overview related_searches
teesside junior football league,70,5,3.28,,0,informational,https://www.teamstats.net/league/teesside-junior-football-alliance-league,organic related_searches knowledge_graph google_reviews third_party_reviews
thessaloniki football teams,70,7,3.28,,0,informational,https://www.teamstats.net/teams/football/thessaloniki,ai_overview organic people_also_ask related_searches images
warriors football association,70,5,3.28,,0,informational,https://www.teamstats.net/league/warriors-football-league,organic related_searches images
winchburgh albion,70,6,3.28,,0,navigational,https://www.teamstats.net/team/football/winchburgh-albion-u16-girls,organic map related_searches images
yel league tables,70,5,3.28,,0,informational,https://www.teamstats.net/league/yel-east-midlands-sunday,organic related_searches images
afc willenhall,70,6,2.37,,0,navigational,https://www.teamstats.net/team/football/afc-willenhall-u13-under-13-division-4,organic related_searches images
aldershot and camberley sunday football league,70,6,2.37,,0,informational,https://www.teamstats.net/league/aldershot-and-camberley-sunday-football-league,organic related_searches
aspley guise football club,70,6,2.37,,0,navigational,https://www.teamstats.net/teams/football/aspley-guise,organic related_searches images
barnsley sunday league forum,70,6,2.37,,0,informational,https://www.teamstats.net/league/barnsley-and-district-sunday-league,organic related_searches
bbdfl under 14,70,6,2.37,,0,informational,https://www.teamstats.net/league/bolton-bury-and-district-football-league,organic related_searches
birmingham festival football league,70,6,2.37,,0,informational,https://www.teamstats.net/league/birmingham-festival-league,organic related_searches
bnjs fc,70,6,2.37,,0,informational,https://www.teamstats.net/team/football/bnjs-fc,organic images related_searches
bolton junior football league,70,8,2.37,,0,informational,https://www.teamstats.net/league/bolton-bury-and-district-football-league,organic ai_overview people_also_ask related_searches
boston and district football,70,6,2.37,,0,informational,https://www.teamstats.net/league/boston-workforce-unlimited-saturday-league,organic related_searches
bracknell cavaliers,70,7,2.37,,0,informational,https://www.teamstats.net/team/football/bracknell-cavaliers-a,organic people_also_ask related_searches images
buckden fc,70,6,2.37,,0,navigational,https://www.teamstats.net/team/football/buckden-fc,organic related_searches images
camden elite,70,7,2.37,,0.029999999329447746,navigational,https://www.teamstats.net/team/football/camden-elite-u10,organic images related_searches
ccc football club,70,6,2.37,,0,informational,https://www.teamstats.net/team/football/ccc-boys,organic related_searches images
chase side youth fc,70,9,2.37,,0.03999999910593033,navigational,https://www.teamstats.net/team/football/chase-side-youth-u15-claret,organic local_pack related_searches images
chippenham and district sunday football league,70,6,2.37,,0,informational,https://www.teamstats.net/league/chippenham-and-district-sunday-league,organic related_searches
chippenham district sunday league,70,6,2.37,,0,informational,https://www.teamstats.net/league/chippenham-and-district-sunday-league,organic related_searches images
cliffe woods colts,70,6,2.37,,0,informational,https://www.teamstats.net/team/football/cliffe-woods-colts-u16-d3,organic knowledge_graph google_reviews images
comprehensive football centre,70,6,2.37,,0,informational,https://www.teamstats.net/team/football/comprehensive-football-centre-u16-black,organic people_also_ask related_searches knowledge_graph google_reviews images
cramlington district sunday league,70,6,2.37,,0,informational,https://www.teamstats.net/league/cramlington-sunday-league,organic related_searches
crosby stuart jfc,70,6,2.37,,0,informational,https://www.teamstats.net/team/football/crosby-stuart-fm,organic people_also_ask related_searches knowledge_graph google_reviews images
dsmfl,70,6,2.37,,0,informational,https://www.teamstats.net/league/dsmfl,organic related_searches
eastham junior football league website,70,6,2.37,,0,navigational,https://www.teamstats.net/league/eastham-and-district-junior-and-mini-soccer,organic related_searches
eindhoven football clubs,70,10,2.37,,0,informational,https://www.teamstats.net/teams/football/eindhoven,find_results_on local_pack organic related_searches knowledge_graph images
epsom and ewell league fixtures,70,6,2.37,,0,informational,https://www.teamstats.net/league/epsom-and-ewell-youth-football-league,organic related_searches
lisdrum fc,50,2,8.10,,0,navigational,https://www.teamstats.net/team/football/lisdrum-fc,organic ai_overview images
manchester grassroots sunday football league,50,2,8.10,7.420000076293945,0.019999999552965164,informational,https://www.teamstats.net/league/manchester-grassroots-sunday-football-league-ltd,organic related_searches images
north london youth football league table,50,2,8.10,,0,informational,https://www.teamstats.net/league/north-london-youth-football-league,organic ai_overview related_searches
wallasey junior league fixtures,50,2,8.10,,0,informational,https://www.teamstats.net/league/wallasey-junior-league,organic related_searches
wallasey sunday league junior,50,2,8.10,,0.009999999776482582,informational,https://www.teamstats.net/league/wallasey-junior-league,organic related_searches
james cropper westmorland league,50,4,4.86,,0,informational,https://www.teamstats.net/league/james-cropper-westmorland-association-football-league,organic ai_overview
lanarkshire schools football,50,4,4.86,,,informational,https://www.teamstats.net/league/lanarkshire-schools-football,organic ai_overview related_searches
leeds combination league full time,50,3,4.86,,0,transactional,https://www.teamstats.net/league/leeds-combination-association-football-league,organic related_searches
leeds combination league table,50,3,4.86,,0,informational,https://www.teamstats.net/league/leeds-combination-association-football-league,organic related_searches
peter houseman youth league table,50,3,4.86,,0,informational,https://www.teamstats.net/league/peter-houseman-youth-league,organic related_searches
portsmouth sunday league football,50,3,4.86,1.350000023841858,0.019999999552965164,informational,https://www.teamstats.net/league/city-of-portsmouth-sunday-football-league,organic people_also_ask related_searches
reading sunday league full time,50,3,4.86,,0,transactional,https://www.teamstats.net/league/reading-and-district-sunday-league,organic people_also_ask related_searches
saxlingham nethergate fc,50,3,4.86,,0,informational,https://www.teamstats.net/team/football/saxlingham-nethergate-fc-first,organic related_searches knowledge_graph google_reviews images
sunday league football portsmouth,50,3,4.86,1.350000023841858,0.019999999552965164,informational,https://www.teamstats.net/league/city-of-portsmouth-sunday-football-league,organic related_searches
tameside football,50,4,4.86,,0,informational,https://www.teamstats.net/league/tameside-football-league,organic ai_overview related_searches images
tamworth junior football league fixtures,50,4,4.86,,0,informational,https://www.teamstats.net/league/tamworth-junior-football-league,organic ai_overview related_searches
tamworth junior league fixtures,50,3,4.86,,0,informational,https://www.teamstats.net/league/tamworth-junior-football-league,organic ai_overview related_searches
tandridge league divisions,50,4,4.86,,0,informational,https://www.teamstats.net/league/tandridge-youth-football-league/divisions-list,organic ai_overview related_searches images
tandridge league results today,50,3,4.86,,0,informational,https://www.teamstats.net/league/tandridge-league,organic related_searches images
tjfa league fixtures,50,3,4.86,,0,informational,https://www.teamstats.net/league/teesside-junior-football-alliance-league,organic people_also_ask related_searches
wakefield sunday league fixtures,50,3,4.86,,0,informational,https://www.teamstats.net/league/wakefield-and-district-sunday-league,organic related_searches
watford friendly league u12 table,50,3,4.86,,0,informational,https://www.teamstats.net/league/watford-friendly-league,organic related_searches
watford friendly league u16,50,3,4.86,,0,informational,https://www.teamstats.net/league/watford-friendly-league,organic related_searches
west herts youth league fixtures,50,3,4.86,,0,informational,https://www.teamstats.net/league/west-herts-youth-league,organic related_searches
woking and guildford alliance league,50,3,4.86,,0,informational,https://www.teamstats.net/league/guildford-and-woking-alliance-football-league,organic ai_overview related_searches
byfl full-time,50,4,3.30,,0,commercial,https://www.teamstats.net/league/bournemouth-youth-football-league,organic related_searches
churchill united fc,50,5,3.30,,0,informational,https://www.teamstats.net/team/football/church-hill-united-first,organic ai_overview images related_searches
echo league 25 26,50,4,3.30,,0,informational,https://www.teamstats.net/league/echo-junior-football-league,organic related_searches images
echo league 25/26,50,4,3.30,,0,informational,https://www.teamstats.net/league/echo-junior-football-league,organic related_searches
football stories funny,50,6,3.30,,0.07999999821186066,informational,https://www.teamstats.net/blog/the-funniest-sunday-league-moments-of-all-time,video organic ai_overview related_searches
hull district football league,50,4,3.30,,0,informational,https://www.teamstats.net/league/hull-and-district-youth-football-league-and-cup,organic related_searches
hyde and district sunday league,50,4,3.30,,0,informational,https://www.teamstats.net/league/hyde-oldham-and-district-sunday-football-league,organic related_searches
kemsing united fc,50,4,3.30,,0.009999999776482582,informational,https://www.teamstats.net/team/football/kemsing-united,organic ai_overview video related_searches images
len martin vets league,50,4,3.30,,0,informational,https://www.teamstats.net/league/the-len-martin-thanet-and-district-football-league,organic related_searches
liverpool premier league u15,50,4,3.30,,0,informational,https://www.teamstats.net/team/football/river-junior-u15-lpl,organic related_searches images
marple athletic jfc,50,4,3.30,,0,informational,https://www.teamstats.net/teams/football/marple,organic related_searches knowledge_graph google_reviews images
meon valley sunday league,50,4,3.30,,0,informational,https://www.teamstats.net/league/meon-valley-sunday-football-league,organic related_searches
mid lincs league 24 25 season,50,4,3.30,,0,informational,https://www.teamstats.net/league/lincolnshire-co-op-mid-lincs-county-youth-football-league,organic ai_overview related_searches
mid warwickshire sunday league,50,4,3.30,,0,informational,https://www.teamstats.net/league/mid-warwickshire-youth-sunday-football-league,organic related_searches
middlesbrough sunday league,50,4,3.30,,0,informational,https://www.teamstats.net/league/teesborough-sunday-league,organic related_searches images
nene sunday league table,50,4,3.30,,0,informational,https://www.teamstats.net/league/nene-sunday-league,organic related_searches
netherbury football club,50,4,3.30,,0,informational,https://www.teamstats.net/team/football/netherbury,organic related_searches knowledge_graph google_reviews images
offerton green fc,50,4,3.30,,0,informational,https://www.teamstats.net/team/football/offerton-green-division-1-sp,organic ai_overview related_searches images
old farnley fc,50,4,3.30,,0,informational,https://www.teamstats.net/team/football/old-farnley-old-farnley-fc-saturdays,organic related_searches knowledge_graph google_reviews
oldham hyde sunday league,50,4,3.30,,0,informational,https://www.teamstats.net/league/hyde-oldham-and-district-sunday-football-league,organic related_searches
perry street league fixtures,50,4,3.30,,0,informational,https://www.teamstats.net/league/perry-street-and-district-league,organic related_searches
plymouth & west devon football league,50,4,3.30,,0,informational,https://www.teamstats.net/league/plymouth-and-west-devon-football-league,organic related_searches
rotherham sunday league fixtures,50,4,3.30,,0,informational,https://www.teamstats.net/league/rotherham-and-district-sunday-football-league,organic related_searches
saha football club shrewsbury,50,4,3.30,,0,navigational,https://www.teamstats.net/team/football/saha-fc-u13-colts,organic related_searches knowledge_graph google_reviews
saturday morning football dundee,50,5,3.30,,0,informational,https://www.teamstats.net/league/dundee-saturday-morning-football-league,knowledge_graph organic related_searches
scunthorpe junior football league,50,4,3.30,,0,informational,https://www.teamstats.net/league/jack-kalson-league,organic related_searches
sfl league london,50,4,3.30,,0,informational,https://www.teamstats.net/league/sfl-london,organic related_searches images
shirebrook rangers,50,5,3.30,,0,informational,https://www.teamstats.net/team/football/shirebrook-rangers-and-juniors-u13-girls,organic ai_overview related_searches images
sydenham park rangers,50,5,3.30,,0,informational,https://www.teamstats.net/team/football/sydenham-park-rangers-u12-tornadoes,ai_overview organic related_searches images
teesside junior alliance league,50,4,3.30,,0,informational,https://www.teamstats.net/league/teesside-junior-football-alliance-league,organic related_searches
teesside junior league,50,4,3.30,,0,informational,https://www.teamstats.net/league/teesside-junior-football-alliance-league,organic related_searches knowledge_graph google_reviews third_party_reviews
thackley juniors,50,4,3.30,,0,informational,https://www.teamstats.net/team/football/thackley-juniors-u12,organic related_searches images
timperley league full time,50,4,3.30,,0,transactional,https://www.teamstats.net/league/timperley-and-district-jfl-norespectnogame,organic related_searches
tjfl fixtures,50,5,3.30,,0,informational,https://www.teamstats.net/league/tamworth-junior-league,organic ai_overview related_searches
under 12 league table,50,4,3.30,,0,informational,https://www.teamstats.net/leagues,organic images related_searches
under 13 league table,50,4,3.30,,0,informational,https://www.teamstats.net/leagues,organic images related_searches
westenders fc,50,4,3.30,,0,informational,https://www.teamstats.net/team/football/westenders-u8-westenders-fc,organic related_searches images
westgate wanderers,50,4,3.30,,0.009999999776482582,navigational,https://www.teamstats.net/team/football/westgate-wanderers-u15,organic short_videos related_searches google_reviews knowledge_graph images
woodcoombe fc,50,6,3.30,,0,navigational,https://www.teamstats.net/team/football/woodcombe-youth-fc,knowledge_graph google_reviews organic related_searches third_party_reviews images
woodspring youth league,50,4,3.30,,0,informational,https://www.teamstats.net/league/woodspring-junior-league,organic related_searches
yel saturday full time,50,5,3.30,,0,informational,https://www.teamstats.net/league/yel-east-midlands-saturday,organic ai_overview related_searches
albert village football club,50,5,2.35,,0,navigational,https://www.teamstats.net/team/football/albert-village-fc-division-3,organic related_searches images
banbury irish,50,6,2.35,,0,informational,https://www.teamstats.net/team/football/banbury-irish-association-u7-u09e-autumn,organic people_also_ask related_searches images
burton junior football league full time,50,5,2.35,,0,informational,https://www.teamstats.net/league/burton-junior-football-league,organic people_also_ask related_searches
burton junior football league full-time,50,5,2.35,,0,informational,https://www.teamstats.net/league/burton-junior-football-league,organic people_also_ask related_searches
bushmills united fc,50,5,2.35,,0,informational,https://www.teamstats.net/team/football/bushmills-united-fc,organic related_searches images
byfl full time,50,6,2.35,,0,informational,https://www.teamstats.net/league/bournemouth-youth-football-league,organic ai_overview related_searches
dundee saturday morning football,50,5,2.35,,0,informational,https://www.teamstats.net/league/dundee-saturday-morning-football-league,organic related_searches
elmswell youth fc,50,5,2.35,,0.009999999776482582,informational,https://www.teamstats.net/team/football/elmswell-youth-fc-elmswell-community-f-division-four,organic related_searches knowledge_graph google_reviews images
football teams in geneva,50,6,2.35,,0,informational,https://www.teamstats.net/teams/football/geneva,knowledge_graph organic related_searches
hull sunday league fixtures and results,50,5,2.35,,0,informational,https://www.teamstats.net/league/hull-sunday-football-league,organic related_searches
ilford church league,50,5,2.35,,0,navigational,https://www.teamstats.net/league/ilford-and-district-churches-football-league,organic related_searches
islwyn football league,50,5,2.35,,0,informational,https://www.teamstats.net/league/islwyn,organic related_searches
isthmian youth league full time,50,6,2.35,,0,informational,https://www.teamstats.net/league/isthmian-youth-football-league,organic ai_overview related_searches
kings heath concorde,50,5,2.35,,0,navigational,https://www.teamstats.net/team/football/kings-heath-concorde-juniors-u8-u09-group,organic related_searches images
kirkby lonsdale fc,50,6,2.35,,0,informational,https://www.teamstats.net/team/football/kirkby-lonsdale-football-club,organic ai_overview related_searches images
leicestershire foxes sunday league u12 table,50,5,2.35,,0,informational,https://www.teamstats.net/league/leicestershire-foxes-sunday-league,organic related_searches
leighton district,50,5,2.35,,0,informational,https://www.teamstats.net/league/leighton-district-and-luton-sunday-football-league,organic people_also_ask related_searches images
littleborough fc,50,6,2.35,,0,navigational,https://www.teamstats.net/team/football/littleborough-fc,organic ai_overview related_searches images
mansfield sunday league table,50,5,2.35,,0,informational,https://www.teamstats.net/league/ici-mansfield-sunday-league,organic related_searches
meadowhall football league,50,5,2.35,,0,informational,https://www.teamstats.net/league/the-meadowhall-and-bud-evans-db-sports-sheffield-and-district-sunday-football-league,organic related_searches
meon valley football league,50,5,2.35,,0,informational,https://www.teamstats.net/league/meon-valley-sunday-football-league,organic related_searches
meon valley sunday football league,50,5,2.35,,0,informational,https://www.teamstats.net/league/meon-valley-sunday-football-league,organic related_searches
mjfl,50,5,2.35,,0,informational,https://www.teamstats.net/league/mercian-festival-junior-football-league,organic related_searches
mjpl u12 table,50,5,2.35,,0,navigational,https://www.teamstats.net/league/midland-junior-premier-league,organic related_searches
nbjfl fixtures,50,5,2.35,,0,informational,https://www.teamstats.net/league/north-bury-junior-football-league,organic related_searches
norfolk combined youth league table,50,5,2.35,,0,informational,https://www.teamstats.net/league/norfolk-combined-youth-football-league,organic related_searches
north staffs junior youth league u16,50,5,2.35,,0,informational,https://www.teamstats.net/league/north-staffs-junior-youth-league,organic related_searches
north west youth alliance u17,50,5,2.35,,0,informational,https://www.teamstats.net/league/north-west-youth-alliance,organic related_searches
osbaldwick fc,50,5,2.35,,0,informational,https://www.teamstats.net/team/football/osbaldwick-juniors-u19-osbaldwick-fc-u19,organic related_searches knowledge_graph google_reviews images
peterborough junior league,50,5,2.35,,0,informational,https://www.teamstats.net/league/peterborough-and-district-junior-alliance-fa-accredited-league,organic related_searches
redditch and south warwickshire football league,50,5,2.35,,0,informational,https://www.teamstats.net/league/redditch-and-south-warwickshire-combination,organic related_searches
redditch south warwickshire sunday league,50,5,2.35,,0,informational,https://www.teamstats.net/league/redditch-and-south-warwickshire-combination,organic related_searches
sf4u,50,5,2.35,,0,navigational,https://www.teamstats.net/league/sf4u-leagues/teams,organic related_searches
shirebrook soldiers fc,50,6,2.35,,0,informational,https://www.teamstats.net/team/football/shirebrook-soldiers-fc-wanderers,organic ai_overview related_searches images
south manchester and cheshire christian football league,50,5,2.35,,0,informational,https://www.teamstats.net/league/south-manchester-and-cheshire-christian-football-league,organic related_searches
southern counties youth league,50,6,2.35,,0,informational,https://www.teamstats.net/league/southern-counties-floodlit-youth-league,organic ai_overview related_searches
stourbridge league u14,50,5,2.35,,0,informational,https://www.teamstats.net/league/stourbridge-and-district-youth-football-league,organic related_searches
stretton jfc,50,5,2.35,,0,navigational,https://www.teamstats.net/team/football/stretton-jfc-u7-stretton-psg,organic related_searches knowledge_graph google_reviews
sunderland over 40s league fa full time,50,5,2.35,,,informational,https://www.teamstats.net/league/sunderland-and-district-sunderland-mill-view-social-club-over-40s-league/teams,organic related_searches
surrey primary league 25 26,50,6,2.35,,0,informational,https://www.teamstats.net/league/surrey-primary-league,organic ai_overview related_searches
tekky fc,50,6,2.35,,0,navigational,https://www.teamstats.net/league/sfl-london/teams,organic ai_overview images
trelawny league,50,5,2.35,,0,informational,https://www.teamstats.net/league/the-whirlwind-sports-trelawny-league,organic related_searches
wakefield sunday football league,50,5,2.35,,0,informational,https://www.teamstats.net/league/wakefield-and-district-sunday-league,organic related_searches
walsall league u12,50,5,2.35,,0,informational,https://www.teamstats.net/team/football/walsall-wood-eagles-u12-under-12-premier-division-2nd-half,organic people_also_ask related_searches
warrington junior football league saturday,50,5,2.35,,0,informational,https://www.teamstats.net/league/warrington-junior-football-league,organic related_searches
wiltshire youth football league,50,5,2.35,,0,informational,https://www.teamstats.net/league/mid-wilts-youth-football-league,organic related_searches
woodspring football league,50,5,2.35,,0,informational,https://www.teamstats.net/league/woodspring-junior-league,organic related_searches
woolwich and eltham league,50,5,2.35,,0,informational,https://www.teamstats.net/league/woolwich-and-eltham-sunday-football-alliance,organic related_searches
worst goal difference in premier league history,50,5,2.35,,0,informational,https://www.teamstats.net/blog/premier-league-teams-worst-goal-difference-ranked,organic related_searches
yel league sunday,50,5,2.35,,0,informational,https://www.teamstats.net/league/yel-east-midlands-sunday,organic related_searches
yel sunday u9,50,5,2.35,,0,navigational,https://www.teamstats.net/league/yel-east-midlands-sunday,organic related_searches
yel u13 saturday,50,5,2.35,,0,navigational,https://www.teamstats.net/league/yel-east-midlands-saturday,organic related_searches
afc glais,50,6,1.69,,0,navigational,https://www.teamstats.net/team/football/afc-glais,organic video related_searches images
airdrie and coatbridge league,50,6,1.69,,0,informational,https://www.teamstats.net/league/airdrie-and-coatbridge-afl/teams,organic related_searches
biggin hill fc,50,7,1.69,,0.009999999776482582,navigational,https://www.teamstats.net/team/football/biggin-hill-spitfires-fc,organic people_also_ask related_searches google_reviews knowledge_graph images
csfa 2011,50,6,1.69,,0,informational,https://www.teamstats.net/league/csfa-2011s,organic related_searches
diversity stars united fc,50,6,1.69,,0,informational,https://www.teamstats.net/team/football/diversity-stars-united-fc-u12-stars,organic people_also_ask related_searches
durkar devils,50,9,1.69,,0,informational,https://www.teamstats.net/team/football/durkar-devils-jfc-u11-green,local_pack organic images related_searches
elmswell youth football club,50,6,1.69,,0.009999999776482582,navigational,https://www.teamstats.net/team/football/elmswell-youth-fc-elmswell-community-f-division-four,organic related_searches knowledge_graph google_reviews images
fife football teams looking for players,40,2,6.48,,0,informational,https://www.teamstats.net/teams/football/fife,organic
linton aztecs,40,3,3.89,,0,informational,https://www.teamstats.net/team/football/linton-aztecs-u15-whites,organic images
sf4u leagues,40,4,3.89,,0,informational,https://www.teamstats.net/league/sf4u-leagues/teams,organic ai_overview video
junior football clubs in bradford,40,7,2.64,1.6800000667572021,0.25,informational,https://www.teamstats.net/teams/football/bradford,local_pack organic discussions_and_forums related_searches
kersal fc,40,5,2.64,0.1899999976158142,0.009999999776482582,informational,https://www.teamstats.net/team/football/kersal-fc-u13,organic ai_overview related_searches images
stopsley sharks,40,4,2.64,,0,informational,https://www.teamstats.net/team/football/stopsley-sharks-u13-leopard-sharks,organic related_searches knowledge_graph google_reviews third_party_reviews images
thornaby nash fc,40,4,2.64,,0,informational,https://www.teamstats.net/team/football/thornaby-nash,organic images related_searches
peterborough youth league 24 25,40,5,1.88,,0,informational,https://www.teamstats.net/league/peterborough-and-district-youth-league,organic related_searches
pioneer youth league u13,40,5,1.88,,0,informational,https://www.teamstats.net/league/the-pioneer-youth-league/teams,organic images related_searches
